[      76ms] [INFO] %cDownload the React DevTools for a better development experience: https://reactjs.org/link/react-devtools font-weight:bold @ http://localhost:5175/node_modules/.vite/deps/chunk-U3XUIKGL.js?v=943e1971:21550
[     106ms] [WARNING] ⚠️ React Router Future Flag Warning: React Router will begin wrapping state updates in `React.startTransition` in v7. You can use the `v7_startTransition` future flag to opt-in early. For more information, see https://reactrouter.com/v6/upgrading/future#v7_starttransition. @ http://localhost:5175/node_modules/.vite/deps/react-router-dom.js?v=943e1971:4426
[     106ms] [WARNING] ⚠️ React Router Future Flag Warning: Relative route resolution within Splat routes is changing in v7. You can use the `v7_relativeSplatPath` future flag to opt-in early. For more information, see https://reactrouter.com/v6/upgrading/future#v7_relativesplatpath. @ http://localhost:5175/node_modules/.vite/deps/react-router-dom.js?v=943e1971:4426
[     151ms] [WARNING] <meta name="apple-mobile-web-app-capable" content="yes"> is deprecated. Please include <meta name="mobile-web-app-capable" content="yes"> @ http://localhost:5175/:0
[   28177ms] [INFO] %cDownload the React DevTools for a better development experience: https://reactjs.org/link/react-devtools font-weight:bold @ http://localhost:5175/node_modules/.vite/deps/chunk-U3XUIKGL.js?v=943e1971:21550
[   28205ms] [WARNING] ⚠️ React Router Future Flag Warning: React Router will begin wrapping state updates in `React.startTransition` in v7. You can use the `v7_startTransition` future flag to opt-in early. For more information, see https://reactrouter.com/v6/upgrading/future#v7_starttransition. @ http://localhost:5175/node_modules/.vite/deps/react-router-dom.js?v=943e1971:4426
[   28205ms] [WARNING] ⚠️ React Router Future Flag Warning: Relative route resolution within Splat routes is changing in v7. You can use the `v7_relativeSplatPath` future flag to opt-in early. For more information, see https://reactrouter.com/v6/upgrading/future#v7_relativesplatpath. @ http://localhost:5175/node_modules/.vite/deps/react-router-dom.js?v=943e1971:4426
[   28209ms] [WARNING] <meta name="apple-mobile-web-app-capable" content="yes"> is deprecated. Please include <meta name="mobile-web-app-capable" content="yes"> @ http://localhost:5175/:0
[   34550ms] [INFO] %cDownload the React DevTools for a better development experience: https://reactjs.org/link/react-devtools font-weight:bold @ http://localhost:5175/node_modules/.vite/deps/chunk-U3XUIKGL.js?v=943e1971:21550
[   34571ms] [WARNING] ⚠️ React Router Future Flag Warning: React Router will begin wrapping state updates in `React.startTransition` in v7. You can use the `v7_startTransition` future flag to opt-in early. For more information, see https://reactrouter.com/v6/upgrading/future#v7_starttransition. @ http://localhost:5175/node_modules/.vite/deps/react-router-dom.js?v=943e1971:4426
[   34572ms] [WARNING] ⚠️ React Router Future Flag Warning: Relative route resolution within Splat routes is changing in v7. You can use the `v7_relativeSplatPath` future flag to opt-in early. For more information, see https://reactrouter.com/v6/upgrading/future#v7_relativesplatpath. @ http://localhost:5175/node_modules/.vite/deps/react-router-dom.js?v=943e1971:4426
[   34576ms] [WARNING] <meta name="apple-mobile-web-app-capable" content="yes"> is deprecated. Please include <meta name="mobile-web-app-capable" content="yes"> @ http://localhost:5175/:0
[   55294ms] [INFO] %cDownload the React DevTools for a better development experience: https://reactjs.org/link/react-devtools font-weight:bold @ http://localhost:5175/node_modules/.vite/deps/chunk-U3XUIKGL.js?v=943e1971:21550
[   55322ms] [WARNING] ⚠️ React Router Future Flag Warning: React Router will begin wrapping state updates in `React.startTransition` in v7. You can use the `v7_startTransition` future flag to opt-in early. For more information, see https://reactrouter.com/v6/upgrading/future#v7_starttransition. @ http://localhost:5175/node_modules/.vite/deps/react-router-dom.js?v=943e1971:4426
[   55323ms] [WARNING] ⚠️ React Router Future Flag Warning: Relative route resolution within Splat routes is changing in v7. You can use the `v7_relativeSplatPath` future flag to opt-in early. For more information, see https://reactrouter.com/v6/upgrading/future#v7_relativesplatpath. @ http://localhost:5175/node_modules/.vite/deps/react-router-dom.js?v=943e1971:4426
[   55327ms] [WARNING] <meta name="apple-mobile-web-app-capable" content="yes"> is deprecated. Please include <meta name="mobile-web-app-capable" content="yes"> @ http://localhost:5175/:0
[  104380ms] [TABLE] [Object, Object, Object, Object, Object] @ http://localhost:5175/src/features/exam/petRw/ReadingPetRwTest.tsx:288
[  104381ms] [TABLE] [Object, Object, Object, Object, Object] @ http://localhost:5175/src/features/exam/petRw/ReadingPetRwTest.tsx:288
[  104397ms] [TABLE] [Object, Object, Object, Object, Object] @ http://localhost:5175/src/features/exam/petRw/ReadingPetRwTest.tsx:288
[  104397ms] [TABLE] [Object, Object, Object, Object, Object] @ http://localhost:5175/src/features/exam/petRw/ReadingPetRwTest.tsx:288
[  105398ms] [TABLE] [Object, Object, Object, Object, Object] @ http://localhost:5175/src/features/exam/petRw/ReadingPetRwTest.tsx:288
[  105398ms] [TABLE] [Object, Object, Object, Object, Object] @ http://localhost:5175/src/features/exam/petRw/ReadingPetRwTest.tsx:288
[  105723ms] [TABLE] [Object, Object, Object, Object, Object] @ http://localhost:5175/src/features/exam/petRw/ReadingPetRwTest.tsx:288
[  105724ms] [TABLE] [Object, Object, Object, Object, Object] @ http://localhost:5175/src/features/exam/petRw/ReadingPetRwTest.tsx:288
[  105743ms] [TABLE] [Object, Object, Object, Object, Object] @ http://localhost:5175/src/features/exam/petRw/ReadingPetRwTest.tsx:288
[  105744ms] [TABLE] [Object, Object, Object, Object, Object] @ http://localhost:5175/src/features/exam/petRw/ReadingPetRwTest.tsx:288
[  106402ms] [TABLE] [Object, Object, Object, Object, Object] @ http://localhost:5175/src/features/exam/petRw/ReadingPetRwTest.tsx:288
[  106402ms] [TABLE] [Object, Object, Object, Object, Object] @ http://localhost:5175/src/features/exam/petRw/ReadingPetRwTest.tsx:288
[  106730ms] [TABLE] [Object, Object, Object, Object, Object] @ http://localhost:5175/src/features/exam/petRw/ReadingPetRwTest.tsx:288
[  106730ms] [TABLE] [Object, Object, Object, Object, Object] @ http://localhost:5175/src/features/exam/petRw/ReadingPetRwTest.tsx:288
[  106752ms] [TABLE] [Object, Object, Object, Object, Object] @ http://localhost:5175/src/features/exam/petRw/ReadingPetRwTest.tsx:288
[  106753ms] [TABLE] [Object, Object, Object, Object, Object] @ http://localhost:5175/src/features/exam/petRw/ReadingPetRwTest.tsx:288
[  107407ms] [TABLE] [Object, Object, Object, Object, Object] @ http://localhost:5175/src/features/exam/petRw/ReadingPetRwTest.tsx:288
[  107408ms] [TABLE] [Object, Object, Object, Object, Object] @ http://localhost:5175/src/features/exam/petRw/ReadingPetRwTest.tsx:288
[  108412ms] [TABLE] [Object, Object, Object, Object, Object] @ http://localhost:5175/src/features/exam/petRw/ReadingPetRwTest.tsx:288
[  108412ms] [TABLE] [Object, Object, Object, Object, Object] @ http://localhost:5175/src/features/exam/petRw/ReadingPetRwTest.tsx:288
[  109026ms] [TABLE] [Object, Object, Object, Object, Object] @ http://localhost:5175/src/features/exam/petRw/ReadingPetRwTest.tsx:288
[  109026ms] [TABLE] [Object, Object, Object, Object, Object] @ http://localhost:5175/src/features/exam/petRw/ReadingPetRwTest.tsx:288
[  109418ms] [TABLE] [Object, Object, Object, Object, Object] @ http://localhost:5175/src/features/exam/petRw/ReadingPetRwTest.tsx:288
[  109419ms] [TABLE] [Object, Object, Object, Object, Object] @ http://localhost:5175/src/features/exam/petRw/ReadingPetRwTest.tsx:288
[  109773ms] [TABLE] [Object, Object, Object, Object, Object] @ http://localhost:5175/src/features/exam/petRw/ReadingPetRwTest.tsx:288
[  109773ms] [TABLE] [Object, Object, Object, Object, Object] @ http://localhost:5175/src/features/exam/petRw/ReadingPetRwTest.tsx:288
[  110426ms] [TABLE] [Object, Object, Object, Object, Object] @ http://localhost:5175/src/features/exam/petRw/ReadingPetRwTest.tsx:288
[  110426ms] [TABLE] [Object, Object, Object, Object, Object] @ http://localhost:5175/src/features/exam/petRw/ReadingPetRwTest.tsx:288
[  111217ms] [TABLE] [Object, Object, Object, Object, Object] @ http://localhost:5175/src/features/exam/petRw/ReadingPetRwTest.tsx:288
[  111218ms] [TABLE] [Object, Object, Object, Object, Object] @ http://localhost:5175/src/features/exam/petRw/ReadingPetRwTest.tsx:288
[  111281ms] [TABLE] [Object, Object, Object, Object, Object] @ http://localhost:5175/src/features/exam/petRw/ReadingPetRwTest.tsx:288
[  111282ms] [TABLE] [Object, Object, Object, Object, Object] @ http://localhost:5175/src/features/exam/petRw/ReadingPetRwTest.tsx:288
[  111438ms] [TABLE] [Object, Object, Object, Object, Object] @ http://localhost:5175/src/features/exam/petRw/ReadingPetRwTest.tsx:288
[  111438ms] [TABLE] [Object, Object, Object, Object, Object] @ http://localhost:5175/src/features/exam/petRw/ReadingPetRwTest.tsx:288
[  112454ms] [TABLE] [Object, Object, Object, Object, Object] @ http://localhost:5175/src/features/exam/petRw/ReadingPetRwTest.tsx:288
[  112454ms] [TABLE] [Object, Object, Object, Object, Object] @ http://localhost:5175/src/features/exam/petRw/ReadingPetRwTest.tsx:288
[  113464ms] [TABLE] [Object, Object, Object, Object, Object] @ http://localhost:5175/src/features/exam/petRw/ReadingPetRwTest.tsx:288
[  113465ms] [TABLE] [Object, Object, Object, Object, Object] @ http://localhost:5175/src/features/exam/petRw/ReadingPetRwTest.tsx:288
[  113832ms] [TABLE] [Object, Object, Object, Object, Object] @ http://localhost:5175/src/features/exam/petRw/ReadingPetRwTest.tsx:288
[  113833ms] [TABLE] [Object, Object, Object, Object, Object] @ http://localhost:5175/src/features/exam/petRw/ReadingPetRwTest.tsx:288
[  113842ms] [TABLE] [Object, Object, Object, Object, Object] @ http://localhost:5175/src/features/exam/petRw/ReadingPetRwTest.tsx:288
[  113842ms] [TABLE] [Object, Object, Object, Object, Object] @ http://localhost:5175/src/features/exam/petRw/ReadingPetRwTest.tsx:288
[  114469ms] [TABLE] [Object, Object, Object, Object, Object] @ http://localhost:5175/src/features/exam/petRw/ReadingPetRwTest.tsx:288
[  114469ms] [TABLE] [Object, Object, Object, Object, Object] @ http://localhost:5175/src/features/exam/petRw/ReadingPetRwTest.tsx:288
[  115297ms] [TABLE] [Object, Object, Object, Object, Object] @ http://localhost:5175/src/features/exam/petRw/ReadingPetRwTest.tsx:288
[  115297ms] [TABLE] [Object, Object, Object, Object, Object] @ http://localhost:5175/src/features/exam/petRw/ReadingPetRwTest.tsx:288
[  115306ms] [TABLE] [Object, Object, Object, Object, Object] @ http://localhost:5175/src/features/exam/petRw/ReadingPetRwTest.tsx:288
[  115307ms] [TABLE] [Object, Object, Object, Object, Object] @ http://localhost:5175/src/features/exam/petRw/ReadingPetRwTest.tsx:288
[  115480ms] [TABLE] [Object, Object, Object, Object, Object] @ http://localhost:5175/src/features/exam/petRw/ReadingPetRwTest.tsx:288
[  115480ms] [TABLE] [Object, Object, Object, Object, Object] @ http://localhost:5175/src/features/exam/petRw/ReadingPetRwTest.tsx:288
[  115840ms] [TABLE] [Object, Object, Object, Object, Object] @ http://localhost:5175/src/features/exam/petRw/ReadingPetRwTest.tsx:288
[  115841ms] [TABLE] [Object, Object, Object, Object, Object] @ http://localhost:5175/src/features/exam/petRw/ReadingPetRwTest.tsx:288
[  116485ms] [TABLE] [Object, Object, Object, Object, Object] @ http://localhost:5175/src/features/exam/petRw/ReadingPetRwTest.tsx:288
[  116486ms] [TABLE] [Object, Object, Object, Object, Object] @ http://localhost:5175/src/features/exam/petRw/ReadingPetRwTest.tsx:288
[  116688ms] [TABLE] [Object, Object, Object, Object, Object] @ http://localhost:5175/src/features/exam/petRw/ReadingPetRwTest.tsx:288
[  116688ms] [TABLE] [Object, Object, Object, Object, Object] @ http://localhost:5175/src/features/exam/petRw/ReadingPetRwTest.tsx:288
[  117161ms] [TABLE] [Object, Object, Object, Object, Object] @ http://localhost:5175/src/features/exam/petRw/ReadingPetRwTest.tsx:288
[  117161ms] [TABLE] [Object, Object, Object, Object, Object] @ http://localhost:5175/src/features/exam/petRw/ReadingPetRwTest.tsx:288
[  117490ms] [TABLE] [Object, Object, Object, Object, Object] @ http://localhost:5175/src/features/exam/petRw/ReadingPetRwTest.tsx:288
[  117490ms] [TABLE] [Object, Object, Object, Object, Object] @ http://localhost:5175/src/features/exam/petRw/ReadingPetRwTest.tsx:288
[  118494ms] [TABLE] [Object, Object, Object, Object, Object] @ http://localhost:5175/src/features/exam/petRw/ReadingPetRwTest.tsx:288
[  118494ms] [TABLE] [Object, Object, Object, Object, Object] @ http://localhost:5175/src/features/exam/petRw/ReadingPetRwTest.tsx:288
[  118568ms] [TABLE] [Object, Object, Object, Object, Object] @ http://localhost:5175/src/features/exam/petRw/ReadingPetRwTest.tsx:288
[  118569ms] [TABLE] [Object, Object, Object, Object, Object] @ http://localhost:5175/src/features/exam/petRw/ReadingPetRwTest.tsx:288
[  119081ms] [TABLE] [Object, Object, Object, Object, Object] @ http://localhost:5175/src/features/exam/petRw/ReadingPetRwTest.tsx:288
[  119081ms] [TABLE] [Object, Object, Object, Object, Object] @ http://localhost:5175/src/features/exam/petRw/ReadingPetRwTest.tsx:288
[  119507ms] [TABLE] [Object, Object, Object, Object, Object] @ http://localhost:5175/src/features/exam/petRw/ReadingPetRwTest.tsx:288
[  119508ms] [TABLE] [Object, Object, Object, Object, Object] @ http://localhost:5175/src/features/exam/petRw/ReadingPetRwTest.tsx:288
[  119879ms] [TABLE] [Object, Object, Object, Object, Object] @ http://localhost:5175/src/features/exam/petRw/ReadingPetRwTest.tsx:288
[  119880ms] [TABLE] [Object, Object, Object, Object, Object] @ http://localhost:5175/src/features/exam/petRw/ReadingPetRwTest.tsx:288
[  119919ms] [TABLE] [Object, Object, Object, Object, Object] @ http://localhost:5175/src/features/exam/petRw/ReadingPetRwTest.tsx:288
[  119920ms] [TABLE] [Object, Object, Object, Object, Object] @ http://localhost:5175/src/features/exam/petRw/ReadingPetRwTest.tsx:288
[  120471ms] [TABLE] [Object, Object, Object, Object, Object] @ http://localhost:5175/src/features/exam/petRw/ReadingPetRwTest.tsx:288
[  120472ms] [TABLE] [Object, Object, Object, Object, Object] @ http://localhost:5175/src/features/exam/petRw/ReadingPetRwTest.tsx:288
[  120511ms] [TABLE] [Object, Object, Object, Object, Object] @ http://localhost:5175/src/features/exam/petRw/ReadingPetRwTest.tsx:288
[  120511ms] [TABLE] [Object, Object, Object, Object, Object] @ http://localhost:5175/src/features/exam/petRw/ReadingPetRwTest.tsx:288
[  120978ms] [TABLE] [Object, Object, Object, Object, Object] @ http://localhost:5175/src/features/exam/petRw/ReadingPetRwTest.tsx:288
[  120978ms] [TABLE] [Object, Object, Object, Object, Object] @ http://localhost:5175/src/features/exam/petRw/ReadingPetRwTest.tsx:288
[  121519ms] [TABLE] [Object, Object, Object, Object, Object] @ http://localhost:5175/src/features/exam/petRw/ReadingPetRwTest.tsx:288
[  121519ms] [TABLE] [Object, Object, Object, Object, Object] @ http://localhost:5175/src/features/exam/petRw/ReadingPetRwTest.tsx:288
[  122144ms] [TABLE] [Object, Object, Object, Object, Object] @ http://localhost:5175/src/features/exam/petRw/ReadingPetRwTest.tsx:288
[  122144ms] [TABLE] [Object, Object, Object, Object, Object] @ http://localhost:5175/src/features/exam/petRw/ReadingPetRwTest.tsx:288
[  122526ms] [TABLE] [Object, Object, Object, Object, Object] @ http://localhost:5175/src/features/exam/petRw/ReadingPetRwTest.tsx:288
[  122527ms] [TABLE] [Object, Object, Object, Object, Object] @ http://localhost:5175/src/features/exam/petRw/ReadingPetRwTest.tsx:288
[  123540ms] [TABLE] [Object, Object, Object, Object, Object] @ http://localhost:5175/src/features/exam/petRw/ReadingPetRwTest.tsx:288
[  123540ms] [TABLE] [Object, Object, Object, Object, Object] @ http://localhost:5175/src/features/exam/petRw/ReadingPetRwTest.tsx:288
[  123935ms] [TABLE] [Object, Object, Object, Object, Object] @ http://localhost:5175/src/features/exam/petRw/ReadingPetRwTest.tsx:288
[  123935ms] [TABLE] [Object, Object, Object, Object, Object] @ http://localhost:5175/src/features/exam/petRw/ReadingPetRwTest.tsx:288
[  124488ms] [TABLE] [Object, Object, Object, Object, Object] @ http://localhost:5175/src/features/exam/petRw/ReadingPetRwTest.tsx:288
[  124488ms] [TABLE] [Object, Object, Object, Object, Object] @ http://localhost:5175/src/features/exam/petRw/ReadingPetRwTest.tsx:288
[  124548ms] [TABLE] [Object, Object, Object, Object, Object] @ http://localhost:5175/src/features/exam/petRw/ReadingPetRwTest.tsx:288
[  124548ms] [TABLE] [Object, Object, Object, Object, Object] @ http://localhost:5175/src/features/exam/petRw/ReadingPetRwTest.tsx:288
[  126158ms] [TABLE] [Object, Object, Object, Object, Object] @ http://localhost:5175/src/features/exam/petRw/ReadingPetRwTest.tsx:288
[  126159ms] [TABLE] [Object, Object, Object, Object, Object] @ http://localhost:5175/src/features/exam/petRw/ReadingPetRwTest.tsx:288
[  128158ms] [TABLE] [Object, Object, Object, Object, Object] @ http://localhost:5175/src/features/exam/petRw/ReadingPetRwTest.tsx:288
[  128158ms] [TABLE] [Object, Object, Object, Object, Object] @ http://localhost:5175/src/features/exam/petRw/ReadingPetRwTest.tsx:288
[  130205ms] [TABLE] [Object, Object, Object, Object, Object] @ http://localhost:5175/src/features/exam/petRw/ReadingPetRwTest.tsx:288
[  130205ms] [TABLE] [Object, Object, Object, Object, Object] @ http://localhost:5175/src/features/exam/petRw/ReadingPetRwTest.tsx:288
[  132162ms] [TABLE] [Object, Object, Object, Object, Object] @ http://localhost:5175/src/features/exam/petRw/ReadingPetRwTest.tsx:288
[  132163ms] [TABLE] [Object, Object, Object, Object, Object] @ http://localhost:5175/src/features/exam/petRw/ReadingPetRwTest.tsx:288
[  134159ms] [TABLE] [Object, Object, Object, Object, Object] @ http://localhost:5175/src/features/exam/petRw/ReadingPetRwTest.tsx:288
[  134159ms] [TABLE] [Object, Object, Object, Object, Object] @ http://localhost:5175/src/features/exam/petRw/ReadingPetRwTest.tsx:288
[  136164ms] [TABLE] [Object, Object, Object, Object, Object] @ http://localhost:5175/src/features/exam/petRw/ReadingPetRwTest.tsx:288
[  136165ms] [TABLE] [Object, Object, Object, Object, Object] @ http://localhost:5175/src/features/exam/petRw/ReadingPetRwTest.tsx:288
[  138168ms] [TABLE] [Object, Object, Object, Object, Object] @ http://localhost:5175/src/features/exam/petRw/ReadingPetRwTest.tsx:288
[  138169ms] [TABLE] [Object, Object, Object, Object, Object] @ http://localhost:5175/src/features/exam/petRw/ReadingPetRwTest.tsx:288
[  140166ms] [TABLE] [Object, Object, Object, Object, Object] @ http://localhost:5175/src/features/exam/petRw/ReadingPetRwTest.tsx:288
[  140167ms] [TABLE] [Object, Object, Object, Object, Object] @ http://localhost:5175/src/features/exam/petRw/ReadingPetRwTest.tsx:288
[  142170ms] [TABLE] [Object, Object, Object, Object, Object] @ http://localhost:5175/src/features/exam/petRw/ReadingPetRwTest.tsx:288
[  142170ms] [TABLE] [Object, Object, Object, Object, Object] @ http://localhost:5175/src/features/exam/petRw/ReadingPetRwTest.tsx:288
[  143409ms] [TABLE] [Object, Object, Object, Object, Object] @ http://localhost:5175/src/features/exam/petRw/ReadingPetRwTest.tsx:288
[  143409ms] [TABLE] [Object, Object, Object, Object, Object] @ http://localhost:5175/src/features/exam/petRw/ReadingPetRwTest.tsx:288
[  144428ms] [TABLE] [Object, Object, Object, Object, Object] @ http://localhost:5175/src/features/exam/petRw/ReadingPetRwTest.tsx:288
[  144428ms] [TABLE] [Object, Object, Object, Object, Object] @ http://localhost:5175/src/features/exam/petRw/ReadingPetRwTest.tsx:288
[  145433ms] [TABLE] [Object, Object, Object, Object, Object] @ http://localhost:5175/src/features/exam/petRw/ReadingPetRwTest.tsx:288
[  145433ms] [TABLE] [Object, Object, Object, Object, Object] @ http://localhost:5175/src/features/exam/petRw/ReadingPetRwTest.tsx:288
[  145907ms] [TABLE] [Object, Object, Object, Object, Object] @ http://localhost:5175/src/features/exam/petRw/ReadingPetRwTest.tsx:288
[  145908ms] [TABLE] [Object, Object, Object, Object, Object] @ http://localhost:5175/src/features/exam/petRw/ReadingPetRwTest.tsx:288
[  145979ms] [TABLE] [Object, Object, Object, Object, Object] @ http://localhost:5175/src/features/exam/petRw/ReadingPetRwTest.tsx:288
[  145980ms] [TABLE] [Object, Object, Object, Object, Object] @ http://localhost:5175/src/features/exam/petRw/ReadingPetRwTest.tsx:288
[  146437ms] [TABLE] [Object, Object, Object, Object, Object] @ http://localhost:5175/src/features/exam/petRw/ReadingPetRwTest.tsx:288
[  146437ms] [TABLE] [Object, Object, Object, Object, Object] @ http://localhost:5175/src/features/exam/petRw/ReadingPetRwTest.tsx:288
[  146644ms] [TABLE] [Object, Object, Object, Object, Object] @ http://localhost:5175/src/features/exam/petRw/ReadingPetRwTest.tsx:288
[  146644ms] [TABLE] [Object, Object, Object, Object, Object] @ http://localhost:5175/src/features/exam/petRw/ReadingPetRwTest.tsx:288
[  146978ms] [TABLE] [Object, Object, Object, Object, Object] @ http://localhost:5175/src/features/exam/petRw/ReadingPetRwTest.tsx:288
[  146979ms] [TABLE] [Object, Object, Object, Object, Object] @ http://localhost:5175/src/features/exam/petRw/ReadingPetRwTest.tsx:288
[  146994ms] [TABLE] [Object, Object, Object, Object, Object] @ http://localhost:5175/src/features/exam/petRw/ReadingPetRwTest.tsx:288
[  146995ms] [TABLE] [Object, Object, Object, Object, Object] @ http://localhost:5175/src/features/exam/petRw/ReadingPetRwTest.tsx:288
[  147441ms] [TABLE] [Object, Object, Object, Object, Object] @ http://localhost:5175/src/features/exam/petRw/ReadingPetRwTest.tsx:288
[  147442ms] [TABLE] [Object, Object, Object, Object, Object] @ http://localhost:5175/src/features/exam/petRw/ReadingPetRwTest.tsx:288
[  148043ms] [TABLE] [Object, Object, Object, Object, Object] @ http://localhost:5175/src/features/exam/petRw/ReadingPetRwTest.tsx:288
[  148043ms] [TABLE] [Object, Object, Object, Object, Object] @ http://localhost:5175/src/features/exam/petRw/ReadingPetRwTest.tsx:288
[  148050ms] [TABLE] [Object, Object, Object, Object, Object] @ http://localhost:5175/src/features/exam/petRw/ReadingPetRwTest.tsx:288
[  148050ms] [TABLE] [Object, Object, Object, Object, Object] @ http://localhost:5175/src/features/exam/petRw/ReadingPetRwTest.tsx:288
[  148445ms] [TABLE] [Object, Object, Object, Object, Object] @ http://localhost:5175/src/features/exam/petRw/ReadingPetRwTest.tsx:288
[  148445ms] [TABLE] [Object, Object, Object, Object, Object] @ http://localhost:5175/src/features/exam/petRw/ReadingPetRwTest.tsx:288
[  149448ms] [TABLE] [Object, Object, Object, Object, Object] @ http://localhost:5175/src/features/exam/petRw/ReadingPetRwTest.tsx:288
[  149449ms] [TABLE] [Object, Object, Object, Object, Object] @ http://localhost:5175/src/features/exam/petRw/ReadingPetRwTest.tsx:288
[  149612ms] [TABLE] [Object, Object, Object, Object, Object] @ http://localhost:5175/src/features/exam/petRw/ReadingPetRwTest.tsx:288
[  149612ms] [TABLE] [Object, Object, Object, Object, Object] @ http://localhost:5175/src/features/exam/petRw/ReadingPetRwTest.tsx:288
[  150204ms] [TABLE] [Object, Object, Object, Object, Object] @ http://localhost:5175/src/features/exam/petRw/ReadingPetRwTest.tsx:288
[  150205ms] [TABLE] [Object, Object, Object, Object, Object] @ http://localhost:5175/src/features/exam/petRw/ReadingPetRwTest.tsx:288
[  150452ms] [TABLE] [Object, Object, Object, Object, Object] @ http://localhost:5175/src/features/exam/petRw/ReadingPetRwTest.tsx:288
[  150452ms] [TABLE] [Object, Object, Object, Object, Object] @ http://localhost:5175/src/features/exam/petRw/ReadingPetRwTest.tsx:288
[  151202ms] [TABLE] [Object, Object, Object, Object, Object] @ http://localhost:5175/src/features/exam/petRw/ReadingPetRwTest.tsx:288
[  151202ms] [TABLE] [Object, Object, Object, Object, Object] @ http://localhost:5175/src/features/exam/petRw/ReadingPetRwTest.tsx:288
[  151468ms] [TABLE] [Object, Object, Object, Object, Object] @ http://localhost:5175/src/features/exam/petRw/ReadingPetRwTest.tsx:288
[  151469ms] [TABLE] [Object, Object, Object, Object, Object] @ http://localhost:5175/src/features/exam/petRw/ReadingPetRwTest.tsx:288
[  151492ms] [TABLE] [Object, Object, Object, Object, Object] @ http://localhost:5175/src/features/exam/petRw/ReadingPetRwTest.tsx:288
[  151492ms] [TABLE] [Object, Object, Object, Object, Object] @ http://localhost:5175/src/features/exam/petRw/ReadingPetRwTest.tsx:288
[  152330ms] [TABLE] [Object, Object, Object, Object, Object] @ http://localhost:5175/src/features/exam/petRw/ReadingPetRwTest.tsx:288
[  152331ms] [TABLE] [Object, Object, Object, Object, Object] @ http://localhost:5175/src/features/exam/petRw/ReadingPetRwTest.tsx:288
[  152337ms] [TABLE] [Object, Object, Object, Object, Object] @ http://localhost:5175/src/features/exam/petRw/ReadingPetRwTest.tsx:288
[  152338ms] [TABLE] [Object, Object, Object, Object, Object] @ http://localhost:5175/src/features/exam/petRw/ReadingPetRwTest.tsx:288
[  152472ms] [TABLE] [Object, Object, Object, Object, Object] @ http://localhost:5175/src/features/exam/petRw/ReadingPetRwTest.tsx:288
[  152472ms] [TABLE] [Object, Object, Object, Object, Object] @ http://localhost:5175/src/features/exam/petRw/ReadingPetRwTest.tsx:288
[  153298ms] [TABLE] [Object, Object, Object, Object, Object] @ http://localhost:5175/src/features/exam/petRw/ReadingPetRwTest.tsx:288
[  153299ms] [TABLE] [Object, Object, Object, Object, Object] @ http://localhost:5175/src/features/exam/petRw/ReadingPetRwTest.tsx:288
[  153307ms] [TABLE] [Object, Object, Object, Object, Object] @ http://localhost:5175/src/features/exam/petRw/ReadingPetRwTest.tsx:288
[  153307ms] [TABLE] [Object, Object, Object, Object, Object] @ http://localhost:5175/src/features/exam/petRw/ReadingPetRwTest.tsx:288
[  153480ms] [TABLE] [Object, Object, Object, Object, Object] @ http://localhost:5175/src/features/exam/petRw/ReadingPetRwTest.tsx:288
[  153480ms] [TABLE] [Object, Object, Object, Object, Object] @ http://localhost:5175/src/features/exam/petRw/ReadingPetRwTest.tsx:288
[  154486ms] [TABLE] [Object, Object, Object, Object, Object] @ http://localhost:5175/src/features/exam/petRw/ReadingPetRwTest.tsx:288
[  154487ms] [TABLE] [Object, Object, Object, Object, Object] @ http://localhost:5175/src/features/exam/petRw/ReadingPetRwTest.tsx:288
[  155492ms] [TABLE] [Object, Object, Object, Object, Object] @ http://localhost:5175/src/features/exam/petRw/ReadingPetRwTest.tsx:288
[  155492ms] [TABLE] [Object, Object, Object, Object, Object] @ http://localhost:5175/src/features/exam/petRw/ReadingPetRwTest.tsx:288
[  156512ms] [TABLE] [Object, Object, Object, Object, Object] @ http://localhost:5175/src/features/exam/petRw/ReadingPetRwTest.tsx:288
[  156512ms] [TABLE] [Object, Object, Object, Object, Object] @ http://localhost:5175/src/features/exam/petRw/ReadingPetRwTest.tsx:288
[  157516ms] [TABLE] [Object, Object, Object, Object, Object] @ http://localhost:5175/src/features/exam/petRw/ReadingPetRwTest.tsx:288
[  157517ms] [TABLE] [Object, Object, Object, Object, Object] @ http://localhost:5175/src/features/exam/petRw/ReadingPetRwTest.tsx:288
[  158524ms] [TABLE] [Object, Object, Object, Object, Object] @ http://localhost:5175/src/features/exam/petRw/ReadingPetRwTest.tsx:288
[  158525ms] [TABLE] [Object, Object, Object, Object, Object] @ http://localhost:5175/src/features/exam/petRw/ReadingPetRwTest.tsx:288
[  159539ms] [TABLE] [Object, Object, Object, Object, Object] @ http://localhost:5175/src/features/exam/petRw/ReadingPetRwTest.tsx:288
[  159539ms] [TABLE] [Object, Object, Object, Object, Object] @ http://localhost:5175/src/features/exam/petRw/ReadingPetRwTest.tsx:288
[  160550ms] [TABLE] [Object, Object, Object, Object, Object] @ http://localhost:5175/src/features/exam/petRw/ReadingPetRwTest.tsx:288
[  160550ms] [TABLE] [Object, Object, Object, Object, Object] @ http://localhost:5175/src/features/exam/petRw/ReadingPetRwTest.tsx:288
[  161039ms] [TABLE] [Object, Object, Object, Object, Object] @ http://localhost:5175/src/features/exam/petRw/ReadingPetRwTest.tsx:288
[  161040ms] [TABLE] [Object, Object, Object, Object, Object] @ http://localhost:5175/src/features/exam/petRw/ReadingPetRwTest.tsx:288
[  161048ms] [TABLE] [Object, Object, Object, Object, Object] @ http://localhost:5175/src/features/exam/petRw/ReadingPetRwTest.tsx:288
[  161049ms] [TABLE] [Object, Object, Object, Object, Object] @ http://localhost:5175/src/features/exam/petRw/ReadingPetRwTest.tsx:288
[  161555ms] [TABLE] [Object, Object, Object, Object, Object] @ http://localhost:5175/src/features/exam/petRw/ReadingPetRwTest.tsx:288
[  161556ms] [TABLE] [Object, Object, Object, Object, Object] @ http://localhost:5175/src/features/exam/petRw/ReadingPetRwTest.tsx:288
[  162527ms] [TABLE] [Object, Object, Object, Object, Object] @ http://localhost:5175/src/features/exam/petRw/ReadingPetRwTest.tsx:288
[  162527ms] [TABLE] [Object, Object, Object, Object, Object] @ http://localhost:5175/src/features/exam/petRw/ReadingPetRwTest.tsx:288
[  162560ms] [TABLE] [Object, Object, Object, Object, Object] @ http://localhost:5175/src/features/exam/petRw/ReadingPetRwTest.tsx:288
[  162560ms] [TABLE] [Object, Object, Object, Object, Object] @ http://localhost:5175/src/features/exam/petRw/ReadingPetRwTest.tsx:288
[  163550ms] [TABLE] [Object, Object, Object, Object, Object] @ http://localhost:5175/src/features/exam/petRw/ReadingPetRwTest.tsx:288
[  163551ms] [TABLE] [Object, Object, Object, Object, Object] @ http://localhost:5175/src/features/exam/petRw/ReadingPetRwTest.tsx:288
[  163557ms] [TABLE] [Object, Object, Object, Object, Object] @ http://localhost:5175/src/features/exam/petRw/ReadingPetRwTest.tsx:288
[  163557ms] [TABLE] [Object, Object, Object, Object, Object] @ http://localhost:5175/src/features/exam/petRw/ReadingPetRwTest.tsx:288
[  163576ms] [TABLE] [Object, Object, Object, Object, Object] @ http://localhost:5175/src/features/exam/petRw/ReadingPetRwTest.tsx:288
[  163577ms] [TABLE] [Object, Object, Object, Object, Object] @ http://localhost:5175/src/features/exam/petRw/ReadingPetRwTest.tsx:288
[  164494ms] [TABLE] [Object, Object, Object, Object, Object, Object] @ http://localhost:5175/src/features/exam/petRw/ReadingPetRwTest.tsx:288
[  164494ms] [TABLE] [Object, Object, Object, Object, Object, Object] @ http://localhost:5175/src/features/exam/petRw/ReadingPetRwTest.tsx:288
[  164501ms] [TABLE] [Object, Object, Object, Object, Object, Object] @ http://localhost:5175/src/features/exam/petRw/ReadingPetRwTest.tsx:288
[  164501ms] [TABLE] [Object, Object, Object, Object, Object, Object] @ http://localhost:5175/src/features/exam/petRw/ReadingPetRwTest.tsx:288
[  164590ms] [TABLE] [Object, Object, Object, Object, Object, Object] @ http://localhost:5175/src/features/exam/petRw/ReadingPetRwTest.tsx:288
[  164591ms] [TABLE] [Object, Object, Object, Object, Object, Object] @ http://localhost:5175/src/features/exam/petRw/ReadingPetRwTest.tsx:288
[  165415ms] [TABLE] [Object, Object, Object, Object, Object, Object] @ http://localhost:5175/src/features/exam/petRw/ReadingPetRwTest.tsx:288
[  165416ms] [TABLE] [Object, Object, Object, Object, Object, Object] @ http://localhost:5175/src/features/exam/petRw/ReadingPetRwTest.tsx:288
[  165425ms] [TABLE] [Object, Object, Object, Object, Object, Object] @ http://localhost:5175/src/features/exam/petRw/ReadingPetRwTest.tsx:288
[  165426ms] [TABLE] [Object, Object, Object, Object, Object, Object] @ http://localhost:5175/src/features/exam/petRw/ReadingPetRwTest.tsx:288
[  165600ms] [TABLE] [Object, Object, Object, Object, Object, Object] @ http://localhost:5175/src/features/exam/petRw/ReadingPetRwTest.tsx:288
[  165600ms] [TABLE] [Object, Object, Object, Object, Object, Object] @ http://localhost:5175/src/features/exam/petRw/ReadingPetRwTest.tsx:288
[  166603ms] [TABLE] [Object, Object, Object, Object, Object, Object] @ http://localhost:5175/src/features/exam/petRw/ReadingPetRwTest.tsx:288
[  166604ms] [TABLE] [Object, Object, Object, Object, Object, Object] @ http://localhost:5175/src/features/exam/petRw/ReadingPetRwTest.tsx:288
[  167614ms] [TABLE] [Object, Object, Object, Object, Object, Object] @ http://localhost:5175/src/features/exam/petRw/ReadingPetRwTest.tsx:288
[  167614ms] [TABLE] [Object, Object, Object, Object, Object, Object] @ http://localhost:5175/src/features/exam/petRw/ReadingPetRwTest.tsx:288
[  169161ms] [TABLE] [Object, Object, Object, Object, Object, Object] @ http://localhost:5175/src/features/exam/petRw/ReadingPetRwTest.tsx:288
[  169161ms] [TABLE] [Object, Object, Object, Object, Object, Object] @ http://localhost:5175/src/features/exam/petRw/ReadingPetRwTest.tsx:288
[  171158ms] [TABLE] [Object, Object, Object, Object, Object, Object] @ http://localhost:5175/src/features/exam/petRw/ReadingPetRwTest.tsx:288
[  171158ms] [TABLE] [Object, Object, Object, Object, Object, Object] @ http://localhost:5175/src/features/exam/petRw/ReadingPetRwTest.tsx:288
[  173156ms] [TABLE] [Object, Object, Object, Object, Object, Object] @ http://localhost:5175/src/features/exam/petRw/ReadingPetRwTest.tsx:288
[  173157ms] [TABLE] [Object, Object, Object, Object, Object, Object] @ http://localhost:5175/src/features/exam/petRw/ReadingPetRwTest.tsx:288
[  175168ms] [TABLE] [Object, Object, Object, Object, Object, Object] @ http://localhost:5175/src/features/exam/petRw/ReadingPetRwTest.tsx:288
[  175168ms] [TABLE] [Object, Object, Object, Object, Object, Object] @ http://localhost:5175/src/features/exam/petRw/ReadingPetRwTest.tsx:288
[  177159ms] [TABLE] [Object, Object, Object, Object, Object, Object] @ http://localhost:5175/src/features/exam/petRw/ReadingPetRwTest.tsx:288
[  177159ms] [TABLE] [Object, Object, Object, Object, Object, Object] @ http://localhost:5175/src/features/exam/petRw/ReadingPetRwTest.tsx:288
[  179162ms] [TABLE] [Object, Object, Object, Object, Object, Object] @ http://localhost:5175/src/features/exam/petRw/ReadingPetRwTest.tsx:288
[  179162ms] [TABLE] [Object, Object, Object, Object, Object, Object] @ http://localhost:5175/src/features/exam/petRw/ReadingPetRwTest.tsx:288
[  181157ms] [TABLE] [Object, Object, Object, Object, Object, Object] @ http://localhost:5175/src/features/exam/petRw/ReadingPetRwTest.tsx:288
[  181158ms] [TABLE] [Object, Object, Object, Object, Object, Object] @ http://localhost:5175/src/features/exam/petRw/ReadingPetRwTest.tsx:288
[  183158ms] [TABLE] [Object, Object, Object, Object, Object, Object] @ http://localhost:5175/src/features/exam/petRw/ReadingPetRwTest.tsx:288
[  183159ms] [TABLE] [Object, Object, Object, Object, Object, Object] @ http://localhost:5175/src/features/exam/petRw/ReadingPetRwTest.tsx:288
[  185156ms] [TABLE] [Object, Object, Object, Object, Object, Object] @ http://localhost:5175/src/features/exam/petRw/ReadingPetRwTest.tsx:288
[  185157ms] [TABLE] [Object, Object, Object, Object, Object, Object] @ http://localhost:5175/src/features/exam/petRw/ReadingPetRwTest.tsx:288
[  187169ms] [TABLE] [Object, Object, Object, Object, Object, Object] @ http://localhost:5175/src/features/exam/petRw/ReadingPetRwTest.tsx:288
[  187169ms] [TABLE] [Object, Object, Object, Object, Object, Object] @ http://localhost:5175/src/features/exam/petRw/ReadingPetRwTest.tsx:288
[  189163ms] [TABLE] [Object, Object, Object, Object, Object, Object] @ http://localhost:5175/src/features/exam/petRw/ReadingPetRwTest.tsx:288
[  189164ms] [TABLE] [Object, Object, Object, Object, Object, Object] @ http://localhost:5175/src/features/exam/petRw/ReadingPetRwTest.tsx:288
[  191159ms] [TABLE] [Object, Object, Object, Object, Object, Object] @ http://localhost:5175/src/features/exam/petRw/ReadingPetRwTest.tsx:288
[  191159ms] [TABLE] [Object, Object, Object, Object, Object, Object] @ http://localhost:5175/src/features/exam/petRw/ReadingPetRwTest.tsx:288
[  192825ms] [TABLE] [Object, Object, Object, Object, Object, Object] @ http://localhost:5175/src/features/exam/petRw/ReadingPetRwTest.tsx:288
[  192826ms] [TABLE] [Object, Object, Object, Object, Object, Object] @ http://localhost:5175/src/features/exam/petRw/ReadingPetRwTest.tsx:288
[  193830ms] [TABLE] [Object, Object, Object, Object, Object, Object] @ http://localhost:5175/src/features/exam/petRw/ReadingPetRwTest.tsx:288
[  193830ms] [TABLE] [Object, Object, Object, Object, Object, Object] @ http://localhost:5175/src/features/exam/petRw/ReadingPetRwTest.tsx:288
[  193970ms] [TABLE] [Object, Object, Object, Object, Object] @ http://localhost:5175/src/features/exam/petRw/ReadingPetRwTest.tsx:288
[  193970ms] [TABLE] [Object, Object, Object, Object, Object] @ http://localhost:5175/src/features/exam/petRw/ReadingPetRwTest.tsx:288
[  193981ms] [TABLE] [Object, Object, Object, Object, Object] @ http://localhost:5175/src/features/exam/petRw/ReadingPetRwTest.tsx:288
[  193982ms] [TABLE] [Object, Object, Object, Object, Object] @ http://localhost:5175/src/features/exam/petRw/ReadingPetRwTest.tsx:288
[  194841ms] [TABLE] [Object, Object, Object, Object, Object] @ http://localhost:5175/src/features/exam/petRw/ReadingPetRwTest.tsx:288
[  194842ms] [TABLE] [Object, Object, Object, Object, Object] @ http://localhost:5175/src/features/exam/petRw/ReadingPetRwTest.tsx:288
[  195858ms] [TABLE] [Object, Object, Object, Object, Object] @ http://localhost:5175/src/features/exam/petRw/ReadingPetRwTest.tsx:288
[  195859ms] [TABLE] [Object, Object, Object, Object, Object] @ http://localhost:5175/src/features/exam/petRw/ReadingPetRwTest.tsx:288
[  196878ms] [TABLE] [Object, Object, Object, Object, Object] @ http://localhost:5175/src/features/exam/petRw/ReadingPetRwTest.tsx:288
[  196879ms] [TABLE] [Object, Object, Object, Object, Object] @ http://localhost:5175/src/features/exam/petRw/ReadingPetRwTest.tsx:288
[  197889ms] [TABLE] [Object, Object, Object, Object, Object] @ http://localhost:5175/src/features/exam/petRw/ReadingPetRwTest.tsx:288
[  197889ms] [TABLE] [Object, Object, Object, Object, Object] @ http://localhost:5175/src/features/exam/petRw/ReadingPetRwTest.tsx:288
[  198895ms] [TABLE] [Object, Object, Object, Object, Object] @ http://localhost:5175/src/features/exam/petRw/ReadingPetRwTest.tsx:288
[  198895ms] [TABLE] [Object, Object, Object, Object, Object] @ http://localhost:5175/src/features/exam/petRw/ReadingPetRwTest.tsx:288
[  199915ms] [TABLE] [Object, Object, Object, Object, Object] @ http://localhost:5175/src/features/exam/petRw/ReadingPetRwTest.tsx:288
[  199916ms] [TABLE] [Object, Object, Object, Object, Object] @ http://localhost:5175/src/features/exam/petRw/ReadingPetRwTest.tsx:288
[  200920ms] [TABLE] [Object, Object, Object, Object, Object] @ http://localhost:5175/src/features/exam/petRw/ReadingPetRwTest.tsx:288
[  200920ms] [TABLE] [Object, Object, Object, Object, Object] @ http://localhost:5175/src/features/exam/petRw/ReadingPetRwTest.tsx:288
[  201932ms] [TABLE] [Object, Object, Object, Object, Object] @ http://localhost:5175/src/features/exam/petRw/ReadingPetRwTest.tsx:288
[  201933ms] [TABLE] [Object, Object, Object, Object, Object] @ http://localhost:5175/src/features/exam/petRw/ReadingPetRwTest.tsx:288
[  202951ms] [TABLE] [Object, Object, Object, Object, Object] @ http://localhost:5175/src/features/exam/petRw/ReadingPetRwTest.tsx:288
[  202952ms] [TABLE] [Object, Object, Object, Object, Object] @ http://localhost:5175/src/features/exam/petRw/ReadingPetRwTest.tsx:288
[  203966ms] [TABLE] [Object, Object, Object, Object, Object] @ http://localhost:5175/src/features/exam/petRw/ReadingPetRwTest.tsx:288
[  203966ms] [TABLE] [Object, Object, Object, Object, Object] @ http://localhost:5175/src/features/exam/petRw/ReadingPetRwTest.tsx:288
[  204583ms] [TABLE] [Object, Object, Object, Object, Object] @ http://localhost:5175/src/features/exam/petRw/ReadingPetRwTest.tsx:288
[  204584ms] [TABLE] [Object, Object, Object, Object, Object] @ http://localhost:5175/src/features/exam/petRw/ReadingPetRwTest.tsx:288
[  204975ms] [TABLE] [Object, Object, Object, Object, Object] @ http://localhost:5175/src/features/exam/petRw/ReadingPetRwTest.tsx:288
[  204975ms] [TABLE] [Object, Object, Object, Object, Object] @ http://localhost:5175/src/features/exam/petRw/ReadingPetRwTest.tsx:288
[  206166ms] [TABLE] [Object, Object, Object, Object, Object] @ http://localhost:5175/src/features/exam/petRw/ReadingPetRwTest.tsx:288
[  206166ms] [TABLE] [Object, Object, Object, Object, Object] @ http://localhost:5175/src/features/exam/petRw/ReadingPetRwTest.tsx:288
[  208164ms] [TABLE] [Object, Object, Object, Object, Object] @ http://localhost:5175/src/features/exam/petRw/ReadingPetRwTest.tsx:288
[  208165ms] [TABLE] [Object, Object, Object, Object, Object] @ http://localhost:5175/src/features/exam/petRw/ReadingPetRwTest.tsx:288
[  210163ms] [TABLE] [Object, Object, Object, Object, Object] @ http://localhost:5175/src/features/exam/petRw/ReadingPetRwTest.tsx:288
[  210164ms] [TABLE] [Object, Object, Object, Object, Object] @ http://localhost:5175/src/features/exam/petRw/ReadingPetRwTest.tsx:288
[  212163ms] [TABLE] [Object, Object, Object, Object, Object] @ http://localhost:5175/src/features/exam/petRw/ReadingPetRwTest.tsx:288
[  212163ms] [TABLE] [Object, Object, Object, Object, Object] @ http://localhost:5175/src/features/exam/petRw/ReadingPetRwTest.tsx:288
[  214170ms] [TABLE] [Object, Object, Object, Object, Object] @ http://localhost:5175/src/features/exam/petRw/ReadingPetRwTest.tsx:288
[  214170ms] [TABLE] [Object, Object, Object, Object, Object] @ http://localhost:5175/src/features/exam/petRw/ReadingPetRwTest.tsx:288
[  216167ms] [TABLE] [Object, Object, Object, Object, Object] @ http://localhost:5175/src/features/exam/petRw/ReadingPetRwTest.tsx:288
[  216168ms] [TABLE] [Object, Object, Object, Object, Object] @ http://localhost:5175/src/features/exam/petRw/ReadingPetRwTest.tsx:288
[  218167ms] [TABLE] [Object, Object, Object, Object, Object] @ http://localhost:5175/src/features/exam/petRw/ReadingPetRwTest.tsx:288
[  218168ms] [TABLE] [Object, Object, Object, Object, Object] @ http://localhost:5175/src/features/exam/petRw/ReadingPetRwTest.tsx:288
[  220162ms] [TABLE] [Object, Object, Object, Object, Object] @ http://localhost:5175/src/features/exam/petRw/ReadingPetRwTest.tsx:288
[  220162ms] [TABLE] [Object, Object, Object, Object, Object] @ http://localhost:5175/src/features/exam/petRw/ReadingPetRwTest.tsx:288
[  222166ms] [TABLE] [Object, Object, Object, Object, Object] @ http://localhost:5175/src/features/exam/petRw/ReadingPetRwTest.tsx:288
[  222166ms] [TABLE] [Object, Object, Object, Object, Object] @ http://localhost:5175/src/features/exam/petRw/ReadingPetRwTest.tsx:288
[  224155ms] [TABLE] [Object, Object, Object, Object, Object] @ http://localhost:5175/src/features/exam/petRw/ReadingPetRwTest.tsx:288
[  224155ms] [TABLE] [Object, Object, Object, Object, Object] @ http://localhost:5175/src/features/exam/petRw/ReadingPetRwTest.tsx:288
[  226170ms] [TABLE] [Object, Object, Object, Object, Object] @ http://localhost:5175/src/features/exam/petRw/ReadingPetRwTest.tsx:288
[  226171ms] [TABLE] [Object, Object, Object, Object, Object] @ http://localhost:5175/src/features/exam/petRw/ReadingPetRwTest.tsx:288
[  228168ms] [TABLE] [Object, Object, Object, Object, Object] @ http://localhost:5175/src/features/exam/petRw/ReadingPetRwTest.tsx:288
[  228169ms] [TABLE] [Object, Object, Object, Object, Object] @ http://localhost:5175/src/features/exam/petRw/ReadingPetRwTest.tsx:288
[  230164ms] [TABLE] [Object, Object, Object, Object, Object] @ http://localhost:5175/src/features/exam/petRw/ReadingPetRwTest.tsx:288
[  230165ms] [TABLE] [Object, Object, Object, Object, Object] @ http://localhost:5175/src/features/exam/petRw/ReadingPetRwTest.tsx:288
[  232167ms] [TABLE] [Object, Object, Object, Object, Object] @ http://localhost:5175/src/features/exam/petRw/ReadingPetRwTest.tsx:288
[  232168ms] [TABLE] [Object, Object, Object, Object, Object] @ http://localhost:5175/src/features/exam/petRw/ReadingPetRwTest.tsx:288
[  234168ms] [TABLE] [Object, Object, Object, Object, Object] @ http://localhost:5175/src/features/exam/petRw/ReadingPetRwTest.tsx:288
[  234169ms] [TABLE] [Object, Object, Object, Object, Object] @ http://localhost:5175/src/features/exam/petRw/ReadingPetRwTest.tsx:288
[  236168ms] [TABLE] [Object, Object, Object, Object, Object] @ http://localhost:5175/src/features/exam/petRw/ReadingPetRwTest.tsx:288
[  236169ms] [TABLE] [Object, Object, Object, Object, Object] @ http://localhost:5175/src/features/exam/petRw/ReadingPetRwTest.tsx:288
[  238164ms] [TABLE] [Object, Object, Object, Object, Object] @ http://localhost:5175/src/features/exam/petRw/ReadingPetRwTest.tsx:288
[  238165ms] [TABLE] [Object, Object, Object, Object, Object] @ http://localhost:5175/src/features/exam/petRw/ReadingPetRwTest.tsx:288
[  240159ms] [TABLE] [Object, Object, Object, Object, Object] @ http://localhost:5175/src/features/exam/petRw/ReadingPetRwTest.tsx:288
[  240160ms] [TABLE] [Object, Object, Object, Object, Object] @ http://localhost:5175/src/features/exam/petRw/ReadingPetRwTest.tsx:288
[  242157ms] [TABLE] [Object, Object, Object, Object, Object] @ http://localhost:5175/src/features/exam/petRw/ReadingPetRwTest.tsx:288
[  242158ms] [TABLE] [Object, Object, Object, Object, Object] @ http://localhost:5175/src/features/exam/petRw/ReadingPetRwTest.tsx:288
[  244170ms] [TABLE] [Object, Object, Object, Object, Object] @ http://localhost:5175/src/features/exam/petRw/ReadingPetRwTest.tsx:288
[  244171ms] [TABLE] [Object, Object, Object, Object, Object] @ http://localhost:5175/src/features/exam/petRw/ReadingPetRwTest.tsx:288
[  246166ms] [TABLE] [Object, Object, Object, Object, Object] @ http://localhost:5175/src/features/exam/petRw/ReadingPetRwTest.tsx:288
[  246167ms] [TABLE] [Object, Object, Object, Object, Object] @ http://localhost:5175/src/features/exam/petRw/ReadingPetRwTest.tsx:288
[  247676ms] [TABLE] [Object, Object, Object, Object, Object] @ http://localhost:5175/src/features/exam/petRw/ReadingPetRwTest.tsx:288
[  247677ms] [TABLE] [Object, Object, Object, Object, Object] @ http://localhost:5175/src/features/exam/petRw/ReadingPetRwTest.tsx:288
[  248689ms] [TABLE] [Object, Object, Object, Object, Object] @ http://localhost:5175/src/features/exam/petRw/ReadingPetRwTest.tsx:288
[  248689ms] [TABLE] [Object, Object, Object, Object, Object] @ http://localhost:5175/src/features/exam/petRw/ReadingPetRwTest.tsx:288
[  250165ms] [TABLE] [Object, Object, Object, Object, Object] @ http://localhost:5175/src/features/exam/petRw/ReadingPetRwTest.tsx:288
[  250165ms] [TABLE] [Object, Object, Object, Object, Object] @ http://localhost:5175/src/features/exam/petRw/ReadingPetRwTest.tsx:288
[  252160ms] [TABLE] [Object, Object, Object, Object, Object] @ http://localhost:5175/src/features/exam/petRw/ReadingPetRwTest.tsx:288
[  252161ms] [TABLE] [Object, Object, Object, Object, Object] @ http://localhost:5175/src/features/exam/petRw/ReadingPetRwTest.tsx:288
[  254163ms] [TABLE] [Object, Object, Object, Object, Object] @ http://localhost:5175/src/features/exam/petRw/ReadingPetRwTest.tsx:288
[  254163ms] [TABLE] [Object, Object, Object, Object, Object] @ http://localhost:5175/src/features/exam/petRw/ReadingPetRwTest.tsx:288
[  256165ms] [TABLE] [Object, Object, Object, Object, Object] @ http://localhost:5175/src/features/exam/petRw/ReadingPetRwTest.tsx:288
[  256166ms] [TABLE] [Object, Object, Object, Object, Object] @ http://localhost:5175/src/features/exam/petRw/ReadingPetRwTest.tsx:288
[  258164ms] [TABLE] [Object, Object, Object, Object, Object] @ http://localhost:5175/src/features/exam/petRw/ReadingPetRwTest.tsx:288
[  258164ms] [TABLE] [Object, Object, Object, Object, Object] @ http://localhost:5175/src/features/exam/petRw/ReadingPetRwTest.tsx:288
[  260160ms] [TABLE] [Object, Object, Object, Object, Object] @ http://localhost:5175/src/features/exam/petRw/ReadingPetRwTest.tsx:288
[  260160ms] [TABLE] [Object, Object, Object, Object, Object] @ http://localhost:5175/src/features/exam/petRw/ReadingPetRwTest.tsx:288
[  261906ms] [TABLE] [Object, Object, Object, Object, Object] @ http://localhost:5175/src/features/exam/petRw/ReadingPetRwTest.tsx:288
[  261907ms] [TABLE] [Object, Object, Object, Object, Object] @ http://localhost:5175/src/features/exam/petRw/ReadingPetRwTest.tsx:288
[  263156ms] [TABLE] [Object, Object, Object, Object, Object] @ http://localhost:5175/src/features/exam/petRw/ReadingPetRwTest.tsx:288
[  263156ms] [TABLE] [Object, Object, Object, Object, Object] @ http://localhost:5175/src/features/exam/petRw/ReadingPetRwTest.tsx:288
[  265157ms] [TABLE] [Object, Object, Object, Object, Object] @ http://localhost:5175/src/features/exam/petRw/ReadingPetRwTest.tsx:288
[  265159ms] [TABLE] [Object, Object, Object, Object, Object] @ http://localhost:5175/src/features/exam/petRw/ReadingPetRwTest.tsx:288
[  267168ms] [TABLE] [Object, Object, Object, Object, Object] @ http://localhost:5175/src/features/exam/petRw/ReadingPetRwTest.tsx:288
[  267169ms] [TABLE] [Object, Object, Object, Object, Object] @ http://localhost:5175/src/features/exam/petRw/ReadingPetRwTest.tsx:288
[  269164ms] [TABLE] [Object, Object, Object, Object, Object] @ http://localhost:5175/src/features/exam/petRw/ReadingPetRwTest.tsx:288
[  269164ms] [TABLE] [Object, Object, Object, Object, Object] @ http://localhost:5175/src/features/exam/petRw/ReadingPetRwTest.tsx:288
[  271158ms] [TABLE] [Object, Object, Object, Object, Object] @ http://localhost:5175/src/features/exam/petRw/ReadingPetRwTest.tsx:288
[  271159ms] [TABLE] [Object, Object, Object, Object, Object] @ http://localhost:5175/src/features/exam/petRw/ReadingPetRwTest.tsx:288
[  273164ms] [TABLE] [Object, Object, Object, Object, Object] @ http://localhost:5175/src/features/exam/petRw/ReadingPetRwTest.tsx:288
[  273164ms] [TABLE] [Object, Object, Object, Object, Object] @ http://localhost:5175/src/features/exam/petRw/ReadingPetRwTest.tsx:288
[  275162ms] [TABLE] [Object, Object, Object, Object, Object] @ http://localhost:5175/src/features/exam/petRw/ReadingPetRwTest.tsx:288
[  275162ms] [TABLE] [Object, Object, Object, Object, Object] @ http://localhost:5175/src/features/exam/petRw/ReadingPetRwTest.tsx:288
[  277161ms] [TABLE] [Object, Object, Object, Object, Object] @ http://localhost:5175/src/features/exam/petRw/ReadingPetRwTest.tsx:288
[  277161ms] [TABLE] [Object, Object, Object, Object, Object] @ http://localhost:5175/src/features/exam/petRw/ReadingPetRwTest.tsx:288
[  279168ms] [TABLE] [Object, Object, Object, Object, Object] @ http://localhost:5175/src/features/exam/petRw/ReadingPetRwTest.tsx:288
[  279169ms] [TABLE] [Object, Object, Object, Object, Object] @ http://localhost:5175/src/features/exam/petRw/ReadingPetRwTest.tsx:288
[  281159ms] [TABLE] [Object, Object, Object, Object, Object] @ http://localhost:5175/src/features/exam/petRw/ReadingPetRwTest.tsx:288
[  281159ms] [TABLE] [Object, Object, Object, Object, Object] @ http://localhost:5175/src/features/exam/petRw/ReadingPetRwTest.tsx:288
[  283169ms] [TABLE] [Object, Object, Object, Object, Object] @ http://localhost:5175/src/features/exam/petRw/ReadingPetRwTest.tsx:288
[  283169ms] [TABLE] [Object, Object, Object, Object, Object] @ http://localhost:5175/src/features/exam/petRw/ReadingPetRwTest.tsx:288
[  285167ms] [TABLE] [Object, Object, Object, Object, Object] @ http://localhost:5175/src/features/exam/petRw/ReadingPetRwTest.tsx:288
[  285168ms] [TABLE] [Object, Object, Object, Object, Object] @ http://localhost:5175/src/features/exam/petRw/ReadingPetRwTest.tsx:288
[  287161ms] [TABLE] [Object, Object, Object, Object, Object] @ http://localhost:5175/src/features/exam/petRw/ReadingPetRwTest.tsx:288
[  287161ms] [TABLE] [Object, Object, Object, Object, Object] @ http://localhost:5175/src/features/exam/petRw/ReadingPetRwTest.tsx:288
[  289165ms] [TABLE] [Object, Object, Object, Object, Object] @ http://localhost:5175/src/features/exam/petRw/ReadingPetRwTest.tsx:288
[  289166ms] [TABLE] [Object, Object, Object, Object, Object] @ http://localhost:5175/src/features/exam/petRw/ReadingPetRwTest.tsx:288
[  291158ms] [TABLE] [Object, Object, Object, Object, Object] @ http://localhost:5175/src/features/exam/petRw/ReadingPetRwTest.tsx:288
[  291159ms] [TABLE] [Object, Object, Object, Object, Object] @ http://localhost:5175/src/features/exam/petRw/ReadingPetRwTest.tsx:288
[  293163ms] [TABLE] [Object, Object, Object, Object, Object] @ http://localhost:5175/src/features/exam/petRw/ReadingPetRwTest.tsx:288
[  293163ms] [TABLE] [Object, Object, Object, Object, Object] @ http://localhost:5175/src/features/exam/petRw/ReadingPetRwTest.tsx:288
[  295163ms] [TABLE] [Object, Object, Object, Object, Object] @ http://localhost:5175/src/features/exam/petRw/ReadingPetRwTest.tsx:288
[  295163ms] [TABLE] [Object, Object, Object, Object, Object] @ http://localhost:5175/src/features/exam/petRw/ReadingPetRwTest.tsx:288
[  297162ms] [TABLE] [Object, Object, Object, Object, Object] @ http://localhost:5175/src/features/exam/petRw/ReadingPetRwTest.tsx:288
[  297162ms] [TABLE] [Object, Object, Object, Object, Object] @ http://localhost:5175/src/features/exam/petRw/ReadingPetRwTest.tsx:288
[  299155ms] [TABLE] [Object, Object, Object, Object, Object] @ http://localhost:5175/src/features/exam/petRw/ReadingPetRwTest.tsx:288
[  299156ms] [TABLE] [Object, Object, Object, Object, Object] @ http://localhost:5175/src/features/exam/petRw/ReadingPetRwTest.tsx:288
[  301165ms] [TABLE] [Object, Object, Object, Object, Object] @ http://localhost:5175/src/features/exam/petRw/ReadingPetRwTest.tsx:288
[  301166ms] [TABLE] [Object, Object, Object, Object, Object] @ http://localhost:5175/src/features/exam/petRw/ReadingPetRwTest.tsx:288
[  303162ms] [TABLE] [Object, Object, Object, Object, Object] @ http://localhost:5175/src/features/exam/petRw/ReadingPetRwTest.tsx:288
[  303163ms] [TABLE] [Object, Object, Object, Object, Object] @ http://localhost:5175/src/features/exam/petRw/ReadingPetRwTest.tsx:288
[  305165ms] [TABLE] [Object, Object, Object, Object, Object] @ http://localhost:5175/src/features/exam/petRw/ReadingPetRwTest.tsx:288
[  305166ms] [TABLE] [Object, Object, Object, Object, Object] @ http://localhost:5175/src/features/exam/petRw/ReadingPetRwTest.tsx:288
[  307155ms] [TABLE] [Object, Object, Object, Object, Object] @ http://localhost:5175/src/features/exam/petRw/ReadingPetRwTest.tsx:288
[  307156ms] [TABLE] [Object, Object, Object, Object, Object] @ http://localhost:5175/src/features/exam/petRw/ReadingPetRwTest.tsx:288
[  309169ms] [TABLE] [Object, Object, Object, Object, Object] @ http://localhost:5175/src/features/exam/petRw/ReadingPetRwTest.tsx:288
[  309169ms] [TABLE] [Object, Object, Object, Object, Object] @ http://localhost:5175/src/features/exam/petRw/ReadingPetRwTest.tsx:288
[  311165ms] [TABLE] [Object, Object, Object, Object, Object] @ http://localhost:5175/src/features/exam/petRw/ReadingPetRwTest.tsx:288
[  311165ms] [TABLE] [Object, Object, Object, Object, Object] @ http://localhost:5175/src/features/exam/petRw/ReadingPetRwTest.tsx:288
[  313158ms] [TABLE] [Object, Object, Object, Object, Object] @ http://localhost:5175/src/features/exam/petRw/ReadingPetRwTest.tsx:288
[  313158ms] [TABLE] [Object, Object, Object, Object, Object] @ http://localhost:5175/src/features/exam/petRw/ReadingPetRwTest.tsx:288
[  315164ms] [TABLE] [Object, Object, Object, Object, Object] @ http://localhost:5175/src/features/exam/petRw/ReadingPetRwTest.tsx:288
[  315164ms] [TABLE] [Object, Object, Object, Object, Object] @ http://localhost:5175/src/features/exam/petRw/ReadingPetRwTest.tsx:288
[  317160ms] [TABLE] [Object, Object, Object, Object, Object] @ http://localhost:5175/src/features/exam/petRw/ReadingPetRwTest.tsx:288
[  317160ms] [TABLE] [Object, Object, Object, Object, Object] @ http://localhost:5175/src/features/exam/petRw/ReadingPetRwTest.tsx:288
[  319167ms] [TABLE] [Object, Object, Object, Object, Object] @ http://localhost:5175/src/features/exam/petRw/ReadingPetRwTest.tsx:288
[  319167ms] [TABLE] [Object, Object, Object, Object, Object] @ http://localhost:5175/src/features/exam/petRw/ReadingPetRwTest.tsx:288
[  321156ms] [TABLE] [Object, Object, Object, Object, Object] @ http://localhost:5175/src/features/exam/petRw/ReadingPetRwTest.tsx:288
[  321156ms] [TABLE] [Object, Object, Object, Object, Object] @ http://localhost:5175/src/features/exam/petRw/ReadingPetRwTest.tsx:288
[  323158ms] [TABLE] [Object, Object, Object, Object, Object] @ http://localhost:5175/src/features/exam/petRw/ReadingPetRwTest.tsx:288
[  323158ms] [TABLE] [Object, Object, Object, Object, Object] @ http://localhost:5175/src/features/exam/petRw/ReadingPetRwTest.tsx:288
[  325167ms] [TABLE] [Object, Object, Object, Object, Object] @ http://localhost:5175/src/features/exam/petRw/ReadingPetRwTest.tsx:288
[  325167ms] [TABLE] [Object, Object, Object, Object, Object] @ http://localhost:5175/src/features/exam/petRw/ReadingPetRwTest.tsx:288
[  327162ms] [TABLE] [Object, Object, Object, Object, Object] @ http://localhost:5175/src/features/exam/petRw/ReadingPetRwTest.tsx:288
[  327162ms] [TABLE] [Object, Object, Object, Object, Object] @ http://localhost:5175/src/features/exam/petRw/ReadingPetRwTest.tsx:288
[  329156ms] [TABLE] [Object, Object, Object, Object, Object] @ http://localhost:5175/src/features/exam/petRw/ReadingPetRwTest.tsx:288
[  329156ms] [TABLE] [Object, Object, Object, Object, Object] @ http://localhost:5175/src/features/exam/petRw/ReadingPetRwTest.tsx:288
[  331157ms] [TABLE] [Object, Object, Object, Object, Object] @ http://localhost:5175/src/features/exam/petRw/ReadingPetRwTest.tsx:288
[  331157ms] [TABLE] [Object, Object, Object, Object, Object] @ http://localhost:5175/src/features/exam/petRw/ReadingPetRwTest.tsx:288
[  333168ms] Error: useAuth phải dùng bên trong <AuthProvider>
    at useAuth (http://localhost:5175/src/features/auth/AuthContext.tsx:199:19)
    at ProtectedRoute (http://localhost:5175/src/features/auth/ProtectedRoute.tsx:23:29)
    at renderWithHooks (http://localhost:5175/node_modules/.vite/deps/chunk-U3XUIKGL.js?v=943e1971:11548:26)
    at mountIndeterminateComponent (http://localhost:5175/node_modules/.vite/deps/chunk-U3XUIKGL.js?v=943e1971:14926:21)
    at beginWork (http://localhost:5175/node_modules/.vite/deps/chunk-U3XUIKGL.js?v=943e1971:15914:22)
    at HTMLUnknownElement.callCallback2 (http://localhost:5175/node_modules/.vite/deps/chunk-U3XUIKGL.js?v=943e1971:3674:22)
    at Object.invokeGuardedCallbackDev (http://localhost:5175/node_modules/.vite/deps/chunk-U3XUIKGL.js?v=943e1971:3699:24)
    at invokeGuardedCallback (http://localhost:5175/node_modules/.vite/deps/chunk-U3XUIKGL.js?v=943e1971:3733:39)
    at beginWork$1 (http://localhost:5175/node_modules/.vite/deps/chunk-U3XUIKGL.js?v=943e1971:19765:15)
    at performUnitOfWork (http://localhost:5175/node_modules/.vite/deps/chunk-U3XUIKGL.js?v=943e1971:19198:20)
[  333173ms] Error: useAuth phải dùng bên trong <AuthProvider>
    at useAuth (http://localhost:5175/src/features/auth/AuthContext.tsx:199:19)
    at ProtectedRoute (http://localhost:5175/src/features/auth/ProtectedRoute.tsx:23:29)
    at renderWithHooks (http://localhost:5175/node_modules/.vite/deps/chunk-U3XUIKGL.js?v=943e1971:11548:26)
    at mountIndeterminateComponent (http://localhost:5175/node_modules/.vite/deps/chunk-U3XUIKGL.js?v=943e1971:14926:21)
    at beginWork (http://localhost:5175/node_modules/.vite/deps/chunk-U3XUIKGL.js?v=943e1971:15914:22)
    at HTMLUnknownElement.callCallback2 (http://localhost:5175/node_modules/.vite/deps/chunk-U3XUIKGL.js?v=943e1971:3674:22)
    at Object.invokeGuardedCallbackDev (http://localhost:5175/node_modules/.vite/deps/chunk-U3XUIKGL.js?v=943e1971:3699:24)
    at invokeGuardedCallback (http://localhost:5175/node_modules/.vite/deps/chunk-U3XUIKGL.js?v=943e1971:3733:39)
    at beginWork$1 (http://localhost:5175/node_modules/.vite/deps/chunk-U3XUIKGL.js?v=943e1971:19765:15)
    at performUnitOfWork (http://localhost:5175/node_modules/.vite/deps/chunk-U3XUIKGL.js?v=943e1971:19198:20)
[  333182ms] [ERROR] The above error occurred in the <ProtectedRoute> component:

    at ProtectedRoute (http://localhost:5175/src/features/auth/ProtectedRoute.tsx:21:42)
    at RenderedRoute (http://localhost:5175/node_modules/.vite/deps/react-router-dom.js?v=943e1971:4122:5)
    at Routes (http://localhost:5175/node_modules/.vite/deps/react-router-dom.js?v=943e1971:4592:5)
    at Suspense
    at App (http://localhost:5175/src/App.tsx:125:3)
    at AuthProvider (http://localhost:5175/src/features/auth/AuthContext.tsx?t=1785415460685:46:32)
    at Router (http://localhost:5175/node_modules/.vite/deps/react-router-dom.js?v=943e1971:4535:15)
    at BrowserRouter (http://localhost:5175/node_modules/.vite/deps/react-router-dom.js?v=943e1971:5273:5)

Consider adding an error boundary to your tree to customize error handling behavior.
Visit https://reactjs.org/link/error-boundaries to learn more about error boundaries. @ http://localhost:5175/node_modules/.vite/deps/chunk-U3XUIKGL.js?v=943e1971:14031
[  333189ms] Error: useAuth phải dùng bên trong <AuthProvider>
    at useAuth (http://localhost:5175/src/features/auth/AuthContext.tsx:199:19)
    at ProtectedRoute (http://localhost:5175/src/features/auth/ProtectedRoute.tsx:23:29)
    at renderWithHooks (http://localhost:5175/node_modules/.vite/deps/chunk-U3XUIKGL.js?v=943e1971:11548:26)
    at mountIndeterminateComponent (http://localhost:5175/node_modules/.vite/deps/chunk-U3XUIKGL.js?v=943e1971:14926:21)
    at beginWork (http://localhost:5175/node_modules/.vite/deps/chunk-U3XUIKGL.js?v=943e1971:15914:22)
    at beginWork$1 (http://localhost:5175/node_modules/.vite/deps/chunk-U3XUIKGL.js?v=943e1971:19753:22)
    at performUnitOfWork (http://localhost:5175/node_modules/.vite/deps/chunk-U3XUIKGL.js?v=943e1971:19198:20)
    at workLoopSync (http://localhost:5175/node_modules/.vite/deps/chunk-U3XUIKGL.js?v=943e1971:19137:13)
    at renderRootSync (http://localhost:5175/node_modules/.vite/deps/chunk-U3XUIKGL.js?v=943e1971:19116:15)
    at recoverFromConcurrentError (http://localhost:5175/node_modules/.vite/deps/chunk-U3XUIKGL.js?v=943e1971:18736:28)
[  333452ms] [INFO] %cDownload the React DevTools for a better development experience: https://reactjs.org/link/react-devtools font-weight:bold @ http://localhost:5175/node_modules/.vite/deps/chunk-U3XUIKGL.js?v=943e1971:21550
[  333490ms] [WARNING] ⚠️ React Router Future Flag Warning: React Router will begin wrapping state updates in `React.startTransition` in v7. You can use the `v7_startTransition` future flag to opt-in early. For more information, see https://reactrouter.com/v6/upgrading/future#v7_starttransition. @ http://localhost:5175/node_modules/.vite/deps/react-router-dom.js?v=943e1971:4426
[  333490ms] [WARNING] ⚠️ React Router Future Flag Warning: Relative route resolution within Splat routes is changing in v7. You can use the `v7_relativeSplatPath` future flag to opt-in early. For more information, see https://reactrouter.com/v6/upgrading/future#v7_relativesplatpath. @ http://localhost:5175/node_modules/.vite/deps/react-router-dom.js?v=943e1971:4426
[  333502ms] [WARNING] <meta name="apple-mobile-web-app-capable" content="yes"> is deprecated. Please include <meta name="mobile-web-app-capable" content="yes"> @ http://localhost:5175/app/exam/reading/catalog-reading-pet-b1-test17:0
[  334485ms] [TABLE] [Object, Object, Object, Object, Object] @ http://localhost:5175/src/features/exam/petRw/ReadingPetRwTest.tsx?t=1785415460685:288
[  334485ms] [TABLE] [Object, Object, Object, Object, Object] @ http://localhost:5175/src/features/exam/petRw/ReadingPetRwTest.tsx?t=1785415460685:288
[  334496ms] [TABLE] [Object, Object, Object, Object, Object] @ http://localhost:5175/src/features/exam/petRw/ReadingPetRwTest.tsx?t=1785415460685:288
[  334497ms] [TABLE] [Object, Object, Object, Object, Object] @ http://localhost:5175/src/features/exam/petRw/ReadingPetRwTest.tsx?t=1785415460685:288
[  334519ms] [TABLE] [Object, Object, Object, Object, Object] @ http://localhost:5175/src/features/exam/petRw/ReadingPetRwTest.tsx?t=1785415460685:288
[  334519ms] [TABLE] [Object, Object, Object, Object, Object] @ http://localhost:5175/src/features/exam/petRw/ReadingPetRwTest.tsx?t=1785415460685:288
[  336159ms] [TABLE] [Object, Object, Object, Object, Object] @ http://localhost:5175/src/features/exam/petRw/ReadingPetRwTest.tsx?t=1785415460685:288
[  336160ms] [TABLE] [Object, Object, Object, Object, Object] @ http://localhost:5175/src/features/exam/petRw/ReadingPetRwTest.tsx?t=1785415460685:288
[  338165ms] [TABLE] [Object, Object, Object, Object, Object] @ http://localhost:5175/src/features/exam/petRw/ReadingPetRwTest.tsx?t=1785415460685:288
[  338165ms] [TABLE] [Object, Object, Object, Object, Object] @ http://localhost:5175/src/features/exam/petRw/ReadingPetRwTest.tsx?t=1785415460685:288
[  340157ms] [TABLE] [Object, Object, Object, Object, Object] @ http://localhost:5175/src/features/exam/petRw/ReadingPetRwTest.tsx?t=1785415460685:288
[  340158ms] [TABLE] [Object, Object, Object, Object, Object] @ http://localhost:5175/src/features/exam/petRw/ReadingPetRwTest.tsx?t=1785415460685:288
[  342158ms] [TABLE] [Object, Object, Object, Object, Object] @ http://localhost:5175/src/features/exam/petRw/ReadingPetRwTest.tsx?t=1785415460685:288
[  342158ms] [TABLE] [Object, Object, Object, Object, Object] @ http://localhost:5175/src/features/exam/petRw/ReadingPetRwTest.tsx?t=1785415460685:288
[  344161ms] [TABLE] [Object, Object, Object, Object, Object] @ http://localhost:5175/src/features/exam/petRw/ReadingPetRwTest.tsx?t=1785415460685:288
[  344162ms] [TABLE] [Object, Object, Object, Object, Object] @ http://localhost:5175/src/features/exam/petRw/ReadingPetRwTest.tsx?t=1785415460685:288
[  345167ms] Error: useAuth phải dùng bên trong <AuthProvider>
    at useAuth (http://localhost:5175/src/features/auth/AuthContext.tsx?t=1785415460685:199:19)
    at ProtectedRoute (http://localhost:5175/src/features/auth/ProtectedRoute.tsx?t=1785415460685:23:29)
    at renderWithHooks (http://localhost:5175/node_modules/.vite/deps/chunk-U3XUIKGL.js?v=943e1971:11548:26)
    at mountIndeterminateComponent (http://localhost:5175/node_modules/.vite/deps/chunk-U3XUIKGL.js?v=943e1971:14926:21)
    at beginWork (http://localhost:5175/node_modules/.vite/deps/chunk-U3XUIKGL.js?v=943e1971:15914:22)
    at HTMLUnknownElement.callCallback2 (http://localhost:5175/node_modules/.vite/deps/chunk-U3XUIKGL.js?v=943e1971:3674:22)
    at Object.invokeGuardedCallbackDev (http://localhost:5175/node_modules/.vite/deps/chunk-U3XUIKGL.js?v=943e1971:3699:24)
    at invokeGuardedCallback (http://localhost:5175/node_modules/.vite/deps/chunk-U3XUIKGL.js?v=943e1971:3733:39)
    at beginWork$1 (http://localhost:5175/node_modules/.vite/deps/chunk-U3XUIKGL.js?v=943e1971:19765:15)
    at performUnitOfWork (http://localhost:5175/node_modules/.vite/deps/chunk-U3XUIKGL.js?v=943e1971:19198:20)
[  345172ms] Error: useAuth phải dùng bên trong <AuthProvider>
    at useAuth (http://localhost:5175/src/features/auth/AuthContext.tsx?t=1785415460685:199:19)
    at ProtectedRoute (http://localhost:5175/src/features/auth/ProtectedRoute.tsx?t=1785415460685:23:29)
    at renderWithHooks (http://localhost:5175/node_modules/.vite/deps/chunk-U3XUIKGL.js?v=943e1971:11548:26)
    at mountIndeterminateComponent (http://localhost:5175/node_modules/.vite/deps/chunk-U3XUIKGL.js?v=943e1971:14926:21)
    at beginWork (http://localhost:5175/node_modules/.vite/deps/chunk-U3XUIKGL.js?v=943e1971:15914:22)
    at HTMLUnknownElement.callCallback2 (http://localhost:5175/node_modules/.vite/deps/chunk-U3XUIKGL.js?v=943e1971:3674:22)
    at Object.invokeGuardedCallbackDev (http://localhost:5175/node_modules/.vite/deps/chunk-U3XUIKGL.js?v=943e1971:3699:24)
    at invokeGuardedCallback (http://localhost:5175/node_modules/.vite/deps/chunk-U3XUIKGL.js?v=943e1971:3733:39)
    at beginWork$1 (http://localhost:5175/node_modules/.vite/deps/chunk-U3XUIKGL.js?v=943e1971:19765:15)
    at performUnitOfWork (http://localhost:5175/node_modules/.vite/deps/chunk-U3XUIKGL.js?v=943e1971:19198:20)
[  345173ms] [ERROR] The above error occurred in the <ProtectedRoute> component:

    at ProtectedRoute (http://localhost:5175/src/features/auth/ProtectedRoute.tsx?t=1785415460685:21:42)
    at RenderedRoute (http://localhost:5175/node_modules/.vite/deps/react-router-dom.js?v=943e1971:4122:5)
    at Routes (http://localhost:5175/node_modules/.vite/deps/react-router-dom.js?v=943e1971:4592:5)
    at Suspense
    at App (http://localhost:5175/src/App.tsx?t=1785415460685:125:3)
    at AuthProvider (http://localhost:5175/src/features/auth/AuthContext.tsx?t=1785415472733:46:32)
    at Router (http://localhost:5175/node_modules/.vite/deps/react-router-dom.js?v=943e1971:4535:15)
    at BrowserRouter (http://localhost:5175/node_modules/.vite/deps/react-router-dom.js?v=943e1971:5273:5)

Consider adding an error boundary to your tree to customize error handling behavior.
Visit https://reactjs.org/link/error-boundaries to learn more about error boundaries. @ http://localhost:5175/node_modules/.vite/deps/chunk-U3XUIKGL.js?v=943e1971:14031
[  345177ms] Error: useAuth phải dùng bên trong <AuthProvider>
    at useAuth (http://localhost:5175/src/features/auth/AuthContext.tsx?t=1785415460685:199:19)
    at ProtectedRoute (http://localhost:5175/src/features/auth/ProtectedRoute.tsx?t=1785415460685:23:29)
    at renderWithHooks (http://localhost:5175/node_modules/.vite/deps/chunk-U3XUIKGL.js?v=943e1971:11548:26)
    at mountIndeterminateComponent (http://localhost:5175/node_modules/.vite/deps/chunk-U3XUIKGL.js?v=943e1971:14926:21)
    at beginWork (http://localhost:5175/node_modules/.vite/deps/chunk-U3XUIKGL.js?v=943e1971:15914:22)
    at beginWork$1 (http://localhost:5175/node_modules/.vite/deps/chunk-U3XUIKGL.js?v=943e1971:19753:22)
    at performUnitOfWork (http://localhost:5175/node_modules/.vite/deps/chunk-U3XUIKGL.js?v=943e1971:19198:20)
    at workLoopSync (http://localhost:5175/node_modules/.vite/deps/chunk-U3XUIKGL.js?v=943e1971:19137:13)
    at renderRootSync (http://localhost:5175/node_modules/.vite/deps/chunk-U3XUIKGL.js?v=943e1971:19116:15)
    at recoverFromConcurrentError (http://localhost:5175/node_modules/.vite/deps/chunk-U3XUIKGL.js?v=943e1971:18736:28)
[  345306ms] [INFO] %cDownload the React DevTools for a better development experience: https://reactjs.org/link/react-devtools font-weight:bold @ http://localhost:5175/node_modules/.vite/deps/chunk-U3XUIKGL.js?v=943e1971:21550
[  345330ms] [WARNING] ⚠️ React Router Future Flag Warning: React Router will begin wrapping state updates in `React.startTransition` in v7. You can use the `v7_startTransition` future flag to opt-in early. For more information, see https://reactrouter.com/v6/upgrading/future#v7_starttransition. @ http://localhost:5175/node_modules/.vite/deps/react-router-dom.js?v=943e1971:4426
[  345330ms] [WARNING] ⚠️ React Router Future Flag Warning: Relative route resolution within Splat routes is changing in v7. You can use the `v7_relativeSplatPath` future flag to opt-in early. For more information, see https://reactrouter.com/v6/upgrading/future#v7_relativesplatpath. @ http://localhost:5175/node_modules/.vite/deps/react-router-dom.js?v=943e1971:4426
[  345344ms] [WARNING] <meta name="apple-mobile-web-app-capable" content="yes"> is deprecated. Please include <meta name="mobile-web-app-capable" content="yes"> @ http://localhost:5175/app/exam/reading/catalog-reading-pet-b1-test17:0
[  346037ms] [TABLE] [Object, Object, Object, Object, Object] @ http://localhost:5175/src/features/exam/petRw/ReadingPetRwTest.tsx?t=1785415472733:288
[  346038ms] [TABLE] [Object, Object, Object, Object, Object] @ http://localhost:5175/src/features/exam/petRw/ReadingPetRwTest.tsx?t=1785415472733:288
[  346046ms] [TABLE] [Object, Object, Object, Object, Object] @ http://localhost:5175/src/features/exam/petRw/ReadingPetRwTest.tsx?t=1785415472733:288
[  346047ms] [TABLE] [Object, Object, Object, Object, Object] @ http://localhost:5175/src/features/exam/petRw/ReadingPetRwTest.tsx?t=1785415472733:288
[  346062ms] [TABLE] [Object, Object, Object, Object, Object] @ http://localhost:5175/src/features/exam/petRw/ReadingPetRwTest.tsx?t=1785415472733:288
[  346063ms] [TABLE] [Object, Object, Object, Object, Object] @ http://localhost:5175/src/features/exam/petRw/ReadingPetRwTest.tsx?t=1785415472733:288
[  347164ms] [TABLE] [Object, Object, Object, Object, Object] @ http://localhost:5175/src/features/exam/petRw/ReadingPetRwTest.tsx?t=1785415472733:288
[  347164ms] [TABLE] [Object, Object, Object, Object, Object] @ http://localhost:5175/src/features/exam/petRw/ReadingPetRwTest.tsx?t=1785415472733:288
[  349165ms] [TABLE] [Object, Object, Object, Object, Object] @ http://localhost:5175/src/features/exam/petRw/ReadingPetRwTest.tsx?t=1785415472733:288
[  349166ms] [TABLE] [Object, Object, Object, Object, Object] @ http://localhost:5175/src/features/exam/petRw/ReadingPetRwTest.tsx?t=1785415472733:288
[  351160ms] [TABLE] [Object, Object, Object, Object, Object] @ http://localhost:5175/src/features/exam/petRw/ReadingPetRwTest.tsx?t=1785415472733:288
[  351161ms] [TABLE] [Object, Object, Object, Object, Object] @ http://localhost:5175/src/features/exam/petRw/ReadingPetRwTest.tsx?t=1785415472733:288
[  353159ms] [TABLE] [Object, Object, Object, Object, Object] @ http://localhost:5175/src/features/exam/petRw/ReadingPetRwTest.tsx?t=1785415472733:288
[  353160ms] [TABLE] [Object, Object, Object, Object, Object] @ http://localhost:5175/src/features/exam/petRw/ReadingPetRwTest.tsx?t=1785415472733:288
[  355163ms] [TABLE] [Object, Object, Object, Object, Object] @ http://localhost:5175/src/features/exam/petRw/ReadingPetRwTest.tsx?t=1785415472733:288
[  355163ms] [TABLE] [Object, Object, Object, Object, Object] @ http://localhost:5175/src/features/exam/petRw/ReadingPetRwTest.tsx?t=1785415472733:288
[  357169ms] [TABLE] [Object, Object, Object, Object, Object] @ http://localhost:5175/src/features/exam/petRw/ReadingPetRwTest.tsx?t=1785415472733:288
[  357170ms] [TABLE] [Object, Object, Object, Object, Object] @ http://localhost:5175/src/features/exam/petRw/ReadingPetRwTest.tsx?t=1785415472733:288
[  359157ms] [TABLE] [Object, Object, Object, Object, Object] @ http://localhost:5175/src/features/exam/petRw/ReadingPetRwTest.tsx?t=1785415472733:288
[  359158ms] [TABLE] [Object, Object, Object, Object, Object] @ http://localhost:5175/src/features/exam/petRw/ReadingPetRwTest.tsx?t=1785415472733:288
[  361164ms] [TABLE] [Object, Object, Object, Object, Object] @ http://localhost:5175/src/features/exam/petRw/ReadingPetRwTest.tsx?t=1785415472733:288
[  361165ms] [TABLE] [Object, Object, Object, Object, Object] @ http://localhost:5175/src/features/exam/petRw/ReadingPetRwTest.tsx?t=1785415472733:288
[  363166ms] [TABLE] [Object, Object, Object, Object, Object] @ http://localhost:5175/src/features/exam/petRw/ReadingPetRwTest.tsx?t=1785415472733:288
[  363166ms] [TABLE] [Object, Object, Object, Object, Object] @ http://localhost:5175/src/features/exam/petRw/ReadingPetRwTest.tsx?t=1785415472733:288
[  365166ms] [TABLE] [Object, Object, Object, Object, Object] @ http://localhost:5175/src/features/exam/petRw/ReadingPetRwTest.tsx?t=1785415472733:288
[  365166ms] [TABLE] [Object, Object, Object, Object, Object] @ http://localhost:5175/src/features/exam/petRw/ReadingPetRwTest.tsx?t=1785415472733:288
[  367167ms] [TABLE] [Object, Object, Object, Object, Object] @ http://localhost:5175/src/features/exam/petRw/ReadingPetRwTest.tsx?t=1785415472733:288
[  367168ms] [TABLE] [Object, Object, Object, Object, Object] @ http://localhost:5175/src/features/exam/petRw/ReadingPetRwTest.tsx?t=1785415472733:288
[  369171ms] [TABLE] [Object, Object, Object, Object, Object] @ http://localhost:5175/src/features/exam/petRw/ReadingPetRwTest.tsx?t=1785415472733:288
[  369172ms] [TABLE] [Object, Object, Object, Object, Object] @ http://localhost:5175/src/features/exam/petRw/ReadingPetRwTest.tsx?t=1785415472733:288
[  371157ms] [TABLE] [Object, Object, Object, Object, Object] @ http://localhost:5175/src/features/exam/petRw/ReadingPetRwTest.tsx?t=1785415472733:288
[  371157ms] [TABLE] [Object, Object, Object, Object, Object] @ http://localhost:5175/src/features/exam/petRw/ReadingPetRwTest.tsx?t=1785415472733:288
[  373158ms] [TABLE] [Object, Object, Object, Object, Object] @ http://localhost:5175/src/features/exam/petRw/ReadingPetRwTest.tsx?t=1785415472733:288
[  373158ms] [TABLE] [Object, Object, Object, Object, Object] @ http://localhost:5175/src/features/exam/petRw/ReadingPetRwTest.tsx?t=1785415472733:288
[  375165ms] [TABLE] [Object, Object, Object, Object, Object] @ http://localhost:5175/src/features/exam/petRw/ReadingPetRwTest.tsx?t=1785415472733:288
[  375165ms] [TABLE] [Object, Object, Object, Object, Object] @ http://localhost:5175/src/features/exam/petRw/ReadingPetRwTest.tsx?t=1785415472733:288
[  377165ms] [TABLE] [Object, Object, Object, Object, Object] @ http://localhost:5175/src/features/exam/petRw/ReadingPetRwTest.tsx?t=1785415472733:288
[  377166ms] [TABLE] [Object, Object, Object, Object, Object] @ http://localhost:5175/src/features/exam/petRw/ReadingPetRwTest.tsx?t=1785415472733:288
[  379164ms] [TABLE] [Object, Object, Object, Object, Object] @ http://localhost:5175/src/features/exam/petRw/ReadingPetRwTest.tsx?t=1785415472733:288
[  379164ms] [TABLE] [Object, Object, Object, Object, Object] @ http://localhost:5175/src/features/exam/petRw/ReadingPetRwTest.tsx?t=1785415472733:288
[  381158ms] [TABLE] [Object, Object, Object, Object, Object] @ http://localhost:5175/src/features/exam/petRw/ReadingPetRwTest.tsx?t=1785415472733:288
[  381159ms] [TABLE] [Object, Object, Object, Object, Object] @ http://localhost:5175/src/features/exam/petRw/ReadingPetRwTest.tsx?t=1785415472733:288
[  383160ms] [TABLE] [Object, Object, Object, Object, Object] @ http://localhost:5175/src/features/exam/petRw/ReadingPetRwTest.tsx?t=1785415472733:288
[  383161ms] [TABLE] [Object, Object, Object, Object, Object] @ http://localhost:5175/src/features/exam/petRw/ReadingPetRwTest.tsx?t=1785415472733:288
[  385164ms] [TABLE] [Object, Object, Object, Object, Object] @ http://localhost:5175/src/features/exam/petRw/ReadingPetRwTest.tsx?t=1785415472733:288
[  385165ms] [TABLE] [Object, Object, Object, Object, Object] @ http://localhost:5175/src/features/exam/petRw/ReadingPetRwTest.tsx?t=1785415472733:288
[  387163ms] [TABLE] [Object, Object, Object, Object, Object] @ http://localhost:5175/src/features/exam/petRw/ReadingPetRwTest.tsx?t=1785415472733:288
[  387163ms] [TABLE] [Object, Object, Object, Object, Object] @ http://localhost:5175/src/features/exam/petRw/ReadingPetRwTest.tsx?t=1785415472733:288
[  389162ms] [TABLE] [Object, Object, Object, Object, Object] @ http://localhost:5175/src/features/exam/petRw/ReadingPetRwTest.tsx?t=1785415472733:288
[  389163ms] [TABLE] [Object, Object, Object, Object, Object] @ http://localhost:5175/src/features/exam/petRw/ReadingPetRwTest.tsx?t=1785415472733:288
[  391168ms] [TABLE] [Object, Object, Object, Object, Object] @ http://localhost:5175/src/features/exam/petRw/ReadingPetRwTest.tsx?t=1785415472733:288
[  391168ms] [TABLE] [Object, Object, Object, Object, Object] @ http://localhost:5175/src/features/exam/petRw/ReadingPetRwTest.tsx?t=1785415472733:288
[  393163ms] [TABLE] [Object, Object, Object, Object, Object] @ http://localhost:5175/src/features/exam/petRw/ReadingPetRwTest.tsx?t=1785415472733:288
[  393164ms] [TABLE] [Object, Object, Object, Object, Object] @ http://localhost:5175/src/features/exam/petRw/ReadingPetRwTest.tsx?t=1785415472733:288
[  395166ms] [TABLE] [Object, Object, Object, Object, Object] @ http://localhost:5175/src/features/exam/petRw/ReadingPetRwTest.tsx?t=1785415472733:288
[  395167ms] [TABLE] [Object, Object, Object, Object, Object] @ http://localhost:5175/src/features/exam/petRw/ReadingPetRwTest.tsx?t=1785415472733:288
[  397160ms] [TABLE] [Object, Object, Object, Object, Object] @ http://localhost:5175/src/features/exam/petRw/ReadingPetRwTest.tsx?t=1785415472733:288
[  397161ms] [TABLE] [Object, Object, Object, Object, Object] @ http://localhost:5175/src/features/exam/petRw/ReadingPetRwTest.tsx?t=1785415472733:288
[  399162ms] [TABLE] [Object, Object, Object, Object, Object] @ http://localhost:5175/src/features/exam/petRw/ReadingPetRwTest.tsx?t=1785415472733:288
[  399163ms] [TABLE] [Object, Object, Object, Object, Object] @ http://localhost:5175/src/features/exam/petRw/ReadingPetRwTest.tsx?t=1785415472733:288
[  401165ms] [TABLE] [Object, Object, Object, Object, Object] @ http://localhost:5175/src/features/exam/petRw/ReadingPetRwTest.tsx?t=1785415472733:288
[  401166ms] [TABLE] [Object, Object, Object, Object, Object] @ http://localhost:5175/src/features/exam/petRw/ReadingPetRwTest.tsx?t=1785415472733:288
[  403163ms] [TABLE] [Object, Object, Object, Object, Object] @ http://localhost:5175/src/features/exam/petRw/ReadingPetRwTest.tsx?t=1785415472733:288
[  403164ms] [TABLE] [Object, Object, Object, Object, Object] @ http://localhost:5175/src/features/exam/petRw/ReadingPetRwTest.tsx?t=1785415472733:288
[  405159ms] [TABLE] [Object, Object, Object, Object, Object] @ http://localhost:5175/src/features/exam/petRw/ReadingPetRwTest.tsx?t=1785415472733:288
[  405160ms] [TABLE] [Object, Object, Object, Object, Object] @ http://localhost:5175/src/features/exam/petRw/ReadingPetRwTest.tsx?t=1785415472733:288
[  407163ms] [TABLE] [Object, Object, Object, Object, Object] @ http://localhost:5175/src/features/exam/petRw/ReadingPetRwTest.tsx?t=1785415472733:288
[  407164ms] [TABLE] [Object, Object, Object, Object, Object] @ http://localhost:5175/src/features/exam/petRw/ReadingPetRwTest.tsx?t=1785415472733:288
[  409161ms] [TABLE] [Object, Object, Object, Object, Object] @ http://localhost:5175/src/features/exam/petRw/ReadingPetRwTest.tsx?t=1785415472733:288
[  409163ms] [TABLE] [Object, Object, Object, Object, Object] @ http://localhost:5175/src/features/exam/petRw/ReadingPetRwTest.tsx?t=1785415472733:288
[  411169ms] [TABLE] [Object, Object, Object, Object, Object] @ http://localhost:5175/src/features/exam/petRw/ReadingPetRwTest.tsx?t=1785415472733:288
[  411169ms] [TABLE] [Object, Object, Object, Object, Object] @ http://localhost:5175/src/features/exam/petRw/ReadingPetRwTest.tsx?t=1785415472733:288
[  413167ms] [TABLE] [Object, Object, Object, Object, Object] @ http://localhost:5175/src/features/exam/petRw/ReadingPetRwTest.tsx?t=1785415472733:288
[  413168ms] [TABLE] [Object, Object, Object, Object, Object] @ http://localhost:5175/src/features/exam/petRw/ReadingPetRwTest.tsx?t=1785415472733:288
[  415167ms] [TABLE] [Object, Object, Object, Object, Object] @ http://localhost:5175/src/features/exam/petRw/ReadingPetRwTest.tsx?t=1785415472733:288
[  415168ms] [TABLE] [Object, Object, Object, Object, Object] @ http://localhost:5175/src/features/exam/petRw/ReadingPetRwTest.tsx?t=1785415472733:288
[  417158ms] [TABLE] [Object, Object, Object, Object, Object] @ http://localhost:5175/src/features/exam/petRw/ReadingPetRwTest.tsx?t=1785415472733:288
[  417158ms] [TABLE] [Object, Object, Object, Object, Object] @ http://localhost:5175/src/features/exam/petRw/ReadingPetRwTest.tsx?t=1785415472733:288
[  419156ms] [TABLE] [Object, Object, Object, Object, Object] @ http://localhost:5175/src/features/exam/petRw/ReadingPetRwTest.tsx?t=1785415472733:288
[  419157ms] [TABLE] [Object, Object, Object, Object, Object] @ http://localhost:5175/src/features/exam/petRw/ReadingPetRwTest.tsx?t=1785415472733:288
[  421163ms] [TABLE] [Object, Object, Object, Object, Object] @ http://localhost:5175/src/features/exam/petRw/ReadingPetRwTest.tsx?t=1785415472733:288
[  421164ms] [TABLE] [Object, Object, Object, Object, Object] @ http://localhost:5175/src/features/exam/petRw/ReadingPetRwTest.tsx?t=1785415472733:288
[  423162ms] [TABLE] [Object, Object, Object, Object, Object] @ http://localhost:5175/src/features/exam/petRw/ReadingPetRwTest.tsx?t=1785415472733:288
[  423162ms] [TABLE] [Object, Object, Object, Object, Object] @ http://localhost:5175/src/features/exam/petRw/ReadingPetRwTest.tsx?t=1785415472733:288
[  425163ms] [TABLE] [Object, Object, Object, Object, Object] @ http://localhost:5175/src/features/exam/petRw/ReadingPetRwTest.tsx?t=1785415472733:288
[  425164ms] [TABLE] [Object, Object, Object, Object, Object] @ http://localhost:5175/src/features/exam/petRw/ReadingPetRwTest.tsx?t=1785415472733:288
[  427161ms] [TABLE] [Object, Object, Object, Object, Object] @ http://localhost:5175/src/features/exam/petRw/ReadingPetRwTest.tsx?t=1785415472733:288
[  427161ms] [TABLE] [Object, Object, Object, Object, Object] @ http://localhost:5175/src/features/exam/petRw/ReadingPetRwTest.tsx?t=1785415472733:288
[  429162ms] [TABLE] [Object, Object, Object, Object, Object] @ http://localhost:5175/src/features/exam/petRw/ReadingPetRwTest.tsx?t=1785415472733:288
[  429163ms] [TABLE] [Object, Object, Object, Object, Object] @ http://localhost:5175/src/features/exam/petRw/ReadingPetRwTest.tsx?t=1785415472733:288
[  431162ms] [TABLE] [Object, Object, Object, Object, Object] @ http://localhost:5175/src/features/exam/petRw/ReadingPetRwTest.tsx?t=1785415472733:288
[  431163ms] [TABLE] [Object, Object, Object, Object, Object] @ http://localhost:5175/src/features/exam/petRw/ReadingPetRwTest.tsx?t=1785415472733:288
[  433161ms] [TABLE] [Object, Object, Object, Object, Object] @ http://localhost:5175/src/features/exam/petRw/ReadingPetRwTest.tsx?t=1785415472733:288
[  433162ms] [TABLE] [Object, Object, Object, Object, Object] @ http://localhost:5175/src/features/exam/petRw/ReadingPetRwTest.tsx?t=1785415472733:288
[  435156ms] [TABLE] [Object, Object, Object, Object, Object] @ http://localhost:5175/src/features/exam/petRw/ReadingPetRwTest.tsx?t=1785415472733:288
[  435157ms] [TABLE] [Object, Object, Object, Object, Object] @ http://localhost:5175/src/features/exam/petRw/ReadingPetRwTest.tsx?t=1785415472733:288
[  436164ms] [TABLE] [Object, Object, Object, Object, Object] @ http://localhost:5175/src/features/exam/petRw/ReadingPetRwTest.tsx?t=1785415472733:288
[  436165ms] [TABLE] [Object, Object, Object, Object, Object] @ http://localhost:5175/src/features/exam/petRw/ReadingPetRwTest.tsx?t=1785415472733:288
[  438165ms] [TABLE] [Object, Object, Object, Object, Object] @ http://localhost:5175/src/features/exam/petRw/ReadingPetRwTest.tsx?t=1785415472733:288
[  438165ms] [TABLE] [Object, Object, Object, Object, Object] @ http://localhost:5175/src/features/exam/petRw/ReadingPetRwTest.tsx?t=1785415472733:288
[  440165ms] [TABLE] [Object, Object, Object, Object, Object] @ http://localhost:5175/src/features/exam/petRw/ReadingPetRwTest.tsx?t=1785415472733:288
[  440166ms] [TABLE] [Object, Object, Object, Object, Object] @ http://localhost:5175/src/features/exam/petRw/ReadingPetRwTest.tsx?t=1785415472733:288
[  442166ms] [TABLE] [Object, Object, Object, Object, Object] @ http://localhost:5175/src/features/exam/petRw/ReadingPetRwTest.tsx?t=1785415472733:288
[  442166ms] [TABLE] [Object, Object, Object, Object, Object] @ http://localhost:5175/src/features/exam/petRw/ReadingPetRwTest.tsx?t=1785415472733:288
[  444167ms] [TABLE] [Object, Object, Object, Object, Object] @ http://localhost:5175/src/features/exam/petRw/ReadingPetRwTest.tsx?t=1785415472733:288
[  444168ms] [TABLE] [Object, Object, Object, Object, Object] @ http://localhost:5175/src/features/exam/petRw/ReadingPetRwTest.tsx?t=1785415472733:288
[  446156ms] [TABLE] [Object, Object, Object, Object, Object] @ http://localhost:5175/src/features/exam/petRw/ReadingPetRwTest.tsx?t=1785415472733:288
[  446157ms] [TABLE] [Object, Object, Object, Object, Object] @ http://localhost:5175/src/features/exam/petRw/ReadingPetRwTest.tsx?t=1785415472733:288
[  448163ms] [TABLE] [Object, Object, Object, Object, Object] @ http://localhost:5175/src/features/exam/petRw/ReadingPetRwTest.tsx?t=1785415472733:288
[  448164ms] [TABLE] [Object, Object, Object, Object, Object] @ http://localhost:5175/src/features/exam/petRw/ReadingPetRwTest.tsx?t=1785415472733:288
[  449169ms] [TABLE] [Object, Object, Object, Object, Object] @ http://localhost:5175/src/features/exam/petRw/ReadingPetRwTest.tsx?t=1785415472733:288
[  449169ms] [TABLE] [Object, Object, Object, Object, Object] @ http://localhost:5175/src/features/exam/petRw/ReadingPetRwTest.tsx?t=1785415472733:288
[  450184ms] [TABLE] [Object, Object, Object, Object, Object] @ http://localhost:5175/src/features/exam/petRw/ReadingPetRwTest.tsx?t=1785415472733:288
[  450185ms] [TABLE] [Object, Object, Object, Object, Object] @ http://localhost:5175/src/features/exam/petRw/ReadingPetRwTest.tsx?t=1785415472733:288
[  452328ms] [INFO] %cDownload the React DevTools for a better development experience: https://reactjs.org/link/react-devtools font-weight:bold @ http://localhost:5175/node_modules/.vite/deps/chunk-U3XUIKGL.js?v=943e1971:21550
[  452348ms] [WARNING] ⚠️ React Router Future Flag Warning: React Router will begin wrapping state updates in `React.startTransition` in v7. You can use the `v7_startTransition` future flag to opt-in early. For more information, see https://reactrouter.com/v6/upgrading/future#v7_starttransition. @ http://localhost:5175/node_modules/.vite/deps/react-router-dom.js?v=943e1971:4426
[  452348ms] [WARNING] ⚠️ React Router Future Flag Warning: Relative route resolution within Splat routes is changing in v7. You can use the `v7_relativeSplatPath` future flag to opt-in early. For more information, see https://reactrouter.com/v6/upgrading/future#v7_relativesplatpath. @ http://localhost:5175/node_modules/.vite/deps/react-router-dom.js?v=943e1971:4426
[  452355ms] [WARNING] <meta name="apple-mobile-web-app-capable" content="yes"> is deprecated. Please include <meta name="mobile-web-app-capable" content="yes"> @ http://localhost:5175/app/exam/reading/catalog-reading-pet-b1-test17:0
[  452991ms] [TABLE] [Object, Object, Object, Object, Object] @ http://localhost:5175/src/features/exam/petRw/ReadingPetRwTest.tsx?t=1785415503580:288
[  452991ms] [TABLE] [Object, Object, Object, Object, Object] @ http://localhost:5175/src/features/exam/petRw/ReadingPetRwTest.tsx?t=1785415503580:288
[  452996ms] [TABLE] [Object, Object, Object, Object, Object] @ http://localhost:5175/src/features/exam/petRw/ReadingPetRwTest.tsx?t=1785415503580:288
[  452997ms] [TABLE] [Object, Object, Object, Object, Object] @ http://localhost:5175/src/features/exam/petRw/ReadingPetRwTest.tsx?t=1785415503580:288
[  453007ms] [TABLE] [Object, Object, Object, Object, Object] @ http://localhost:5175/src/features/exam/petRw/ReadingPetRwTest.tsx?t=1785415503580:288
[  453007ms] [TABLE] [Object, Object, Object, Object, Object] @ http://localhost:5175/src/features/exam/petRw/ReadingPetRwTest.tsx?t=1785415503580:288
[  454011ms] [TABLE] [Object, Object, Object, Object, Object] @ http://localhost:5175/src/features/exam/petRw/ReadingPetRwTest.tsx?t=1785415503580:288
[  454012ms] [TABLE] [Object, Object, Object, Object, Object] @ http://localhost:5175/src/features/exam/petRw/ReadingPetRwTest.tsx?t=1785415503580:288
[  455023ms] [TABLE] [Object, Object, Object, Object, Object] @ http://localhost:5175/src/features/exam/petRw/ReadingPetRwTest.tsx?t=1785415503580:288
[  455024ms] [TABLE] [Object, Object, Object, Object, Object] @ http://localhost:5175/src/features/exam/petRw/ReadingPetRwTest.tsx?t=1785415503580:288
[  456038ms] [TABLE] [Object, Object, Object, Object, Object] @ http://localhost:5175/src/features/exam/petRw/ReadingPetRwTest.tsx?t=1785415503580:288
[  456038ms] [TABLE] [Object, Object, Object, Object, Object] @ http://localhost:5175/src/features/exam/petRw/ReadingPetRwTest.tsx?t=1785415503580:288
[  456650ms] [INFO] %cDownload the React DevTools for a better development experience: https://reactjs.org/link/react-devtools font-weight:bold @ http://localhost:5175/node_modules/.vite/deps/chunk-U3XUIKGL.js?v=943e1971:21550
[  456669ms] [WARNING] ⚠️ React Router Future Flag Warning: React Router will begin wrapping state updates in `React.startTransition` in v7. You can use the `v7_startTransition` future flag to opt-in early. For more information, see https://reactrouter.com/v6/upgrading/future#v7_starttransition. @ http://localhost:5175/node_modules/.vite/deps/react-router-dom.js?v=943e1971:4426
[  456669ms] [WARNING] ⚠️ React Router Future Flag Warning: Relative route resolution within Splat routes is changing in v7. You can use the `v7_relativeSplatPath` future flag to opt-in early. For more information, see https://reactrouter.com/v6/upgrading/future#v7_relativesplatpath. @ http://localhost:5175/node_modules/.vite/deps/react-router-dom.js?v=943e1971:4426
[  456674ms] [WARNING] <meta name="apple-mobile-web-app-capable" content="yes"> is deprecated. Please include <meta name="mobile-web-app-capable" content="yes"> @ http://localhost:5175/app/exam/reading/catalog-reading-pet-b1-test16:0
[  457242ms] [TABLE] [Object, Object, Object, Object, Object] @ http://localhost:5175/src/features/exam/petRw/ReadingPetRwTest.tsx?t=1785415503580:288
[  457243ms] [TABLE] [Object, Object, Object, Object, Object] @ http://localhost:5175/src/features/exam/petRw/ReadingPetRwTest.tsx?t=1785415503580:288
[  457247ms] [TABLE] [Object, Object, Object, Object, Object] @ http://localhost:5175/src/features/exam/petRw/ReadingPetRwTest.tsx?t=1785415503580:288
[  457247ms] [TABLE] [Object, Object, Object, Object, Object] @ http://localhost:5175/src/features/exam/petRw/ReadingPetRwTest.tsx?t=1785415503580:288
[  458252ms] [TABLE] [Object, Object, Object, Object, Object] @ http://localhost:5175/src/features/exam/petRw/ReadingPetRwTest.tsx?t=1785415503580:288
[  458252ms] [TABLE] [Object, Object, Object, Object, Object] @ http://localhost:5175/src/features/exam/petRw/ReadingPetRwTest.tsx?t=1785415503580:288
[  458712ms] [TABLE] [Object, Object, Object, Object, Object] @ http://localhost:5175/src/features/exam/petRw/ReadingPetRwTest.tsx?t=1785415503580:288
[  458712ms] [TABLE] [Object, Object, Object, Object, Object] @ http://localhost:5175/src/features/exam/petRw/ReadingPetRwTest.tsx?t=1785415503580:288
[  458722ms] [TABLE] [Object, Object, Object, Object, Object] @ http://localhost:5175/src/features/exam/petRw/ReadingPetRwTest.tsx?t=1785415503580:288
[  458723ms] [TABLE] [Object, Object, Object, Object, Object] @ http://localhost:5175/src/features/exam/petRw/ReadingPetRwTest.tsx?t=1785415503580:288
[  459255ms] [TABLE] [Object, Object, Object, Object, Object] @ http://localhost:5175/src/features/exam/petRw/ReadingPetRwTest.tsx?t=1785415503580:288
[  459255ms] [TABLE] [Object, Object, Object, Object, Object] @ http://localhost:5175/src/features/exam/petRw/ReadingPetRwTest.tsx?t=1785415503580:288
[  459840ms] [TABLE] [Object, Object, Object, Object, Object] @ http://localhost:5175/src/features/exam/petRw/ReadingPetRwTest.tsx?t=1785415503580:288
[  459840ms] [TABLE] [Object, Object, Object, Object, Object] @ http://localhost:5175/src/features/exam/petRw/ReadingPetRwTest.tsx?t=1785415503580:288
[  460262ms] [TABLE] [Object, Object, Object, Object, Object] @ http://localhost:5175/src/features/exam/petRw/ReadingPetRwTest.tsx?t=1785415503580:288
[  460262ms] [TABLE] [Object, Object, Object, Object, Object] @ http://localhost:5175/src/features/exam/petRw/ReadingPetRwTest.tsx?t=1785415503580:288
[  460306ms] [TABLE] [Object, Object, Object, Object, Object] @ http://localhost:5175/src/features/exam/petRw/ReadingPetRwTest.tsx?t=1785415503580:288
[  460307ms] [TABLE] [Object, Object, Object, Object, Object] @ http://localhost:5175/src/features/exam/petRw/ReadingPetRwTest.tsx?t=1785415503580:288
[  461272ms] [TABLE] [Object, Object, Object, Object, Object] @ http://localhost:5175/src/features/exam/petRw/ReadingPetRwTest.tsx?t=1785415503580:288
[  461272ms] [TABLE] [Object, Object, Object, Object, Object] @ http://localhost:5175/src/features/exam/petRw/ReadingPetRwTest.tsx?t=1785415503580:288
[  461304ms] [TABLE] [Object, Object, Object, Object, Object] @ http://localhost:5175/src/features/exam/petRw/ReadingPetRwTest.tsx?t=1785415503580:288
[  461304ms] [TABLE] [Object, Object, Object, Object, Object] @ http://localhost:5175/src/features/exam/petRw/ReadingPetRwTest.tsx?t=1785415503580:288
[  461368ms] [TABLE] [Object, Object, Object, Object, Object] @ http://localhost:5175/src/features/exam/petRw/ReadingPetRwTest.tsx?t=1785415503580:288
[  461368ms] [TABLE] [Object, Object, Object, Object, Object] @ http://localhost:5175/src/features/exam/petRw/ReadingPetRwTest.tsx?t=1785415503580:288
[  461641ms] [TABLE] [Object, Object, Object, Object, Object] @ http://localhost:5175/src/features/exam/petRw/ReadingPetRwTest.tsx?t=1785415503580:288
[  461641ms] [TABLE] [Object, Object, Object, Object, Object] @ http://localhost:5175/src/features/exam/petRw/ReadingPetRwTest.tsx?t=1785415503580:288
[  462192ms] [TABLE] [Object, Object, Object, Object, Object] @ http://localhost:5175/src/features/exam/petRw/ReadingPetRwTest.tsx?t=1785415503580:288
[  462193ms] [TABLE] [Object, Object, Object, Object, Object] @ http://localhost:5175/src/features/exam/petRw/ReadingPetRwTest.tsx?t=1785415503580:288
[  462280ms] [TABLE] [Object, Object, Object, Object, Object] @ http://localhost:5175/src/features/exam/petRw/ReadingPetRwTest.tsx?t=1785415503580:288
[  462280ms] [TABLE] [Object, Object, Object, Object, Object] @ http://localhost:5175/src/features/exam/petRw/ReadingPetRwTest.tsx?t=1785415503580:288
[  463290ms] [TABLE] [Object, Object, Object, Object, Object] @ http://localhost:5175/src/features/exam/petRw/ReadingPetRwTest.tsx?t=1785415503580:288
[  463290ms] [TABLE] [Object, Object, Object, Object, Object] @ http://localhost:5175/src/features/exam/petRw/ReadingPetRwTest.tsx?t=1785415503580:288
[  463343ms] [TABLE] [Object, Object, Object, Object, Object] @ http://localhost:5175/src/features/exam/petRw/ReadingPetRwTest.tsx?t=1785415503580:288
[  463344ms] [TABLE] [Object, Object, Object, Object, Object] @ http://localhost:5175/src/features/exam/petRw/ReadingPetRwTest.tsx?t=1785415503580:288
[  463585ms] [TABLE] [Object, Object, Object, Object, Object] @ http://localhost:5175/src/features/exam/petRw/ReadingPetRwTest.tsx?t=1785415503580:288
[  463585ms] [TABLE] [Object, Object, Object, Object, Object] @ http://localhost:5175/src/features/exam/petRw/ReadingPetRwTest.tsx?t=1785415503580:288
[  464295ms] [TABLE] [Object, Object, Object, Object, Object] @ http://localhost:5175/src/features/exam/petRw/ReadingPetRwTest.tsx?t=1785415503580:288
[  464295ms] [TABLE] [Object, Object, Object, Object, Object] @ http://localhost:5175/src/features/exam/petRw/ReadingPetRwTest.tsx?t=1785415503580:288
[  464702ms] [TABLE] [Object, Object, Object, Object, Object] @ http://localhost:5175/src/features/exam/petRw/ReadingPetRwTest.tsx?t=1785415503580:288
[  464703ms] [TABLE] [Object, Object, Object, Object, Object] @ http://localhost:5175/src/features/exam/petRw/ReadingPetRwTest.tsx?t=1785415503580:288
[  465128ms] [TABLE] [Object, Object, Object, Object, Object] @ http://localhost:5175/src/features/exam/petRw/ReadingPetRwTest.tsx?t=1785415503580:288
[  465128ms] [TABLE] [Object, Object, Object, Object, Object] @ http://localhost:5175/src/features/exam/petRw/ReadingPetRwTest.tsx?t=1785415503580:288
[  465300ms] [TABLE] [Object, Object, Object, Object, Object] @ http://localhost:5175/src/features/exam/petRw/ReadingPetRwTest.tsx?t=1785415503580:288
[  465300ms] [TABLE] [Object, Object, Object, Object, Object] @ http://localhost:5175/src/features/exam/petRw/ReadingPetRwTest.tsx?t=1785415503580:288
[  466206ms] [TABLE] [Object, Object, Object, Object, Object] @ http://localhost:5175/src/features/exam/petRw/ReadingPetRwTest.tsx?t=1785415503580:288
[  466206ms] [TABLE] [Object, Object, Object, Object, Object] @ http://localhost:5175/src/features/exam/petRw/ReadingPetRwTest.tsx?t=1785415503580:288
[  466278ms] [TABLE] [Object, Object, Object, Object, Object] @ http://localhost:5175/src/features/exam/petRw/ReadingPetRwTest.tsx?t=1785415503580:288
[  466278ms] [TABLE] [Object, Object, Object, Object, Object] @ http://localhost:5175/src/features/exam/petRw/ReadingPetRwTest.tsx?t=1785415503580:288
[  466309ms] [TABLE] [Object, Object, Object, Object, Object] @ http://localhost:5175/src/features/exam/petRw/ReadingPetRwTest.tsx?t=1785415503580:288
[  466310ms] [TABLE] [Object, Object, Object, Object, Object] @ http://localhost:5175/src/features/exam/petRw/ReadingPetRwTest.tsx?t=1785415503580:288
[  467314ms] [TABLE] [Object, Object, Object, Object, Object] @ http://localhost:5175/src/features/exam/petRw/ReadingPetRwTest.tsx?t=1785415503580:288
[  467314ms] [TABLE] [Object, Object, Object, Object, Object] @ http://localhost:5175/src/features/exam/petRw/ReadingPetRwTest.tsx?t=1785415503580:288
[  468318ms] [TABLE] [Object, Object, Object, Object, Object] @ http://localhost:5175/src/features/exam/petRw/ReadingPetRwTest.tsx?t=1785415503580:288
[  468319ms] [TABLE] [Object, Object, Object, Object, Object] @ http://localhost:5175/src/features/exam/petRw/ReadingPetRwTest.tsx?t=1785415503580:288
[  469337ms] [TABLE] [Object, Object, Object, Object, Object] @ http://localhost:5175/src/features/exam/petRw/ReadingPetRwTest.tsx?t=1785415503580:288
[  469337ms] [TABLE] [Object, Object, Object, Object, Object] @ http://localhost:5175/src/features/exam/petRw/ReadingPetRwTest.tsx?t=1785415503580:288
[  470352ms] [TABLE] [Object, Object, Object, Object, Object] @ http://localhost:5175/src/features/exam/petRw/ReadingPetRwTest.tsx?t=1785415503580:288
[  470352ms] [TABLE] [Object, Object, Object, Object, Object] @ http://localhost:5175/src/features/exam/petRw/ReadingPetRwTest.tsx?t=1785415503580:288
[  471362ms] [TABLE] [Object, Object, Object, Object, Object] @ http://localhost:5175/src/features/exam/petRw/ReadingPetRwTest.tsx?t=1785415503580:288
[  471363ms] [TABLE] [Object, Object, Object, Object, Object] @ http://localhost:5175/src/features/exam/petRw/ReadingPetRwTest.tsx?t=1785415503580:288
[  471598ms] [TABLE] [Object, Object, Object, Object, Object] @ http://localhost:5175/src/features/exam/petRw/ReadingPetRwTest.tsx?t=1785415503580:288
[  471599ms] [TABLE] [Object, Object, Object, Object, Object] @ http://localhost:5175/src/features/exam/petRw/ReadingPetRwTest.tsx?t=1785415503580:288
[  472128ms] [TABLE] [Object, Object, Object, Object, Object] @ http://localhost:5175/src/features/exam/petRw/ReadingPetRwTest.tsx?t=1785415503580:288
[  472128ms] [TABLE] [Object, Object, Object, Object, Object] @ http://localhost:5175/src/features/exam/petRw/ReadingPetRwTest.tsx?t=1785415503580:288
[  472366ms] [TABLE] [Object, Object, Object, Object, Object] @ http://localhost:5175/src/features/exam/petRw/ReadingPetRwTest.tsx?t=1785415503580:288
[  472367ms] [TABLE] [Object, Object, Object, Object, Object] @ http://localhost:5175/src/features/exam/petRw/ReadingPetRwTest.tsx?t=1785415503580:288
[  473334ms] [TABLE] [Object, Object, Object, Object, Object] @ http://localhost:5175/src/features/exam/petRw/ReadingPetRwTest.tsx?t=1785415503580:288
[  473334ms] [TABLE] [Object, Object, Object, Object, Object] @ http://localhost:5175/src/features/exam/petRw/ReadingPetRwTest.tsx?t=1785415503580:288
[  473371ms] [TABLE] [Object, Object, Object, Object, Object] @ http://localhost:5175/src/features/exam/petRw/ReadingPetRwTest.tsx?t=1785415503580:288
[  473372ms] [TABLE] [Object, Object, Object, Object, Object] @ http://localhost:5175/src/features/exam/petRw/ReadingPetRwTest.tsx?t=1785415503580:288
[  473398ms] [TABLE] [Object, Object, Object, Object, Object] @ http://localhost:5175/src/features/exam/petRw/ReadingPetRwTest.tsx?t=1785415503580:288
[  473398ms] [TABLE] [Object, Object, Object, Object, Object] @ http://localhost:5175/src/features/exam/petRw/ReadingPetRwTest.tsx?t=1785415503580:288
[  474376ms] [TABLE] [Object, Object, Object, Object, Object] @ http://localhost:5175/src/features/exam/petRw/ReadingPetRwTest.tsx?t=1785415503580:288
[  474377ms] [TABLE] [Object, Object, Object, Object, Object] @ http://localhost:5175/src/features/exam/petRw/ReadingPetRwTest.tsx?t=1785415503580:288
[  475380ms] [TABLE] [Object, Object, Object, Object, Object] @ http://localhost:5175/src/features/exam/petRw/ReadingPetRwTest.tsx?t=1785415503580:288
[  475381ms] [TABLE] [Object, Object, Object, Object, Object] @ http://localhost:5175/src/features/exam/petRw/ReadingPetRwTest.tsx?t=1785415503580:288
[  476021ms] [TABLE] [Object, Object, Object, Object, Object] @ http://localhost:5175/src/features/exam/petRw/ReadingPetRwTest.tsx?t=1785415503580:288
[  476021ms] [TABLE] [Object, Object, Object, Object, Object] @ http://localhost:5175/src/features/exam/petRw/ReadingPetRwTest.tsx?t=1785415503580:288
[  476030ms] [TABLE] [Object, Object, Object, Object, Object] @ http://localhost:5175/src/features/exam/petRw/ReadingPetRwTest.tsx?t=1785415503580:288
[  476030ms] [TABLE] [Object, Object, Object, Object, Object] @ http://localhost:5175/src/features/exam/petRw/ReadingPetRwTest.tsx?t=1785415503580:288
[  476384ms] [TABLE] [Object, Object, Object, Object, Object] @ http://localhost:5175/src/features/exam/petRw/ReadingPetRwTest.tsx?t=1785415503580:288
[  476385ms] [TABLE] [Object, Object, Object, Object, Object] @ http://localhost:5175/src/features/exam/petRw/ReadingPetRwTest.tsx?t=1785415503580:288
[  476637ms] [TABLE] [Object, Object, Object, Object, Object] @ http://localhost:5175/src/features/exam/petRw/ReadingPetRwTest.tsx?t=1785415503580:288
[  476637ms] [TABLE] [Object, Object, Object, Object, Object] @ http://localhost:5175/src/features/exam/petRw/ReadingPetRwTest.tsx?t=1785415503580:288
[  476644ms] [TABLE] [Object, Object, Object, Object, Object] @ http://localhost:5175/src/features/exam/petRw/ReadingPetRwTest.tsx?t=1785415503580:288
[  476644ms] [TABLE] [Object, Object, Object, Object, Object] @ http://localhost:5175/src/features/exam/petRw/ReadingPetRwTest.tsx?t=1785415503580:288
[  477388ms] [TABLE] [Object, Object, Object, Object, Object] @ http://localhost:5175/src/features/exam/petRw/ReadingPetRwTest.tsx?t=1785415503580:288
[  477389ms] [TABLE] [Object, Object, Object, Object, Object] @ http://localhost:5175/src/features/exam/petRw/ReadingPetRwTest.tsx?t=1785415503580:288
[  477740ms] [TABLE] [Object, Object, Object, Object, Object] @ http://localhost:5175/src/features/exam/petRw/ReadingPetRwTest.tsx?t=1785415503580:288
[  477741ms] [TABLE] [Object, Object, Object, Object, Object] @ http://localhost:5175/src/features/exam/petRw/ReadingPetRwTest.tsx?t=1785415503580:288
[  477750ms] [TABLE] [Object, Object, Object, Object, Object] @ http://localhost:5175/src/features/exam/petRw/ReadingPetRwTest.tsx?t=1785415503580:288
[  477751ms] [TABLE] [Object, Object, Object, Object, Object] @ http://localhost:5175/src/features/exam/petRw/ReadingPetRwTest.tsx?t=1785415503580:288
[  478393ms] [TABLE] [Object, Object, Object, Object, Object] @ http://localhost:5175/src/features/exam/petRw/ReadingPetRwTest.tsx?t=1785415503580:288
[  478393ms] [TABLE] [Object, Object, Object, Object, Object] @ http://localhost:5175/src/features/exam/petRw/ReadingPetRwTest.tsx?t=1785415503580:288
[  478516ms] [TABLE] [Object, Object, Object, Object, Object] @ http://localhost:5175/src/features/exam/petRw/ReadingPetRwTest.tsx?t=1785415503580:288
[  478517ms] [TABLE] [Object, Object, Object, Object, Object] @ http://localhost:5175/src/features/exam/petRw/ReadingPetRwTest.tsx?t=1785415503580:288
[  478522ms] [TABLE] [Object, Object, Object, Object, Object] @ http://localhost:5175/src/features/exam/petRw/ReadingPetRwTest.tsx?t=1785415503580:288
[  478522ms] [TABLE] [Object, Object, Object, Object, Object] @ http://localhost:5175/src/features/exam/petRw/ReadingPetRwTest.tsx?t=1785415503580:288
[  479411ms] [TABLE] [Object, Object, Object, Object, Object] @ http://localhost:5175/src/features/exam/petRw/ReadingPetRwTest.tsx?t=1785415503580:288
[  479412ms] [TABLE] [Object, Object, Object, Object, Object] @ http://localhost:5175/src/features/exam/petRw/ReadingPetRwTest.tsx?t=1785415503580:288
[  480425ms] [TABLE] [Object, Object, Object, Object, Object] @ http://localhost:5175/src/features/exam/petRw/ReadingPetRwTest.tsx?t=1785415503580:288
[  480425ms] [TABLE] [Object, Object, Object, Object, Object] @ http://localhost:5175/src/features/exam/petRw/ReadingPetRwTest.tsx?t=1785415503580:288
[  481441ms] [TABLE] [Object, Object, Object, Object, Object] @ http://localhost:5175/src/features/exam/petRw/ReadingPetRwTest.tsx?t=1785415503580:288
[  481441ms] [TABLE] [Object, Object, Object, Object, Object] @ http://localhost:5175/src/features/exam/petRw/ReadingPetRwTest.tsx?t=1785415503580:288
[  481724ms] [TABLE] [Object, Object, Object, Object, Object] @ http://localhost:5175/src/features/exam/petRw/ReadingPetRwTest.tsx?t=1785415503580:288
[  481724ms] [TABLE] [Object, Object, Object, Object, Object] @ http://localhost:5175/src/features/exam/petRw/ReadingPetRwTest.tsx?t=1785415503580:288
[  481733ms] [TABLE] [Object, Object, Object, Object, Object] @ http://localhost:5175/src/features/exam/petRw/ReadingPetRwTest.tsx?t=1785415503580:288
[  481733ms] [TABLE] [Object, Object, Object, Object, Object] @ http://localhost:5175/src/features/exam/petRw/ReadingPetRwTest.tsx?t=1785415503580:288
[  482455ms] [TABLE] [Object, Object, Object, Object, Object] @ http://localhost:5175/src/features/exam/petRw/ReadingPetRwTest.tsx?t=1785415503580:288
[  482455ms] [TABLE] [Object, Object, Object, Object, Object] @ http://localhost:5175/src/features/exam/petRw/ReadingPetRwTest.tsx?t=1785415503580:288
[  484156ms] [TABLE] [Object, Object, Object, Object, Object] @ http://localhost:5175/src/features/exam/petRw/ReadingPetRwTest.tsx?t=1785415503580:288
[  484157ms] [TABLE] [Object, Object, Object, Object, Object] @ http://localhost:5175/src/features/exam/petRw/ReadingPetRwTest.tsx?t=1785415503580:288
[  486155ms] [TABLE] [Object, Object, Object, Object, Object] @ http://localhost:5175/src/features/exam/petRw/ReadingPetRwTest.tsx?t=1785415503580:288
[  486156ms] [TABLE] [Object, Object, Object, Object, Object] @ http://localhost:5175/src/features/exam/petRw/ReadingPetRwTest.tsx?t=1785415503580:288
[  487173ms] [TABLE] [Object, Object, Object, Object, Object] @ http://localhost:5175/src/features/exam/petRw/ReadingPetRwTest.tsx?t=1785415503580:288
[  487173ms] [TABLE] [Object, Object, Object, Object, Object] @ http://localhost:5175/src/features/exam/petRw/ReadingPetRwTest.tsx?t=1785415503580:288
[  489160ms] [TABLE] [Object, Object, Object, Object, Object] @ http://localhost:5175/src/features/exam/petRw/ReadingPetRwTest.tsx?t=1785415503580:288
[  489161ms] [TABLE] [Object, Object, Object, Object, Object] @ http://localhost:5175/src/features/exam/petRw/ReadingPetRwTest.tsx?t=1785415503580:288
[  491164ms] [TABLE] [Object, Object, Object, Object, Object] @ http://localhost:5175/src/features/exam/petRw/ReadingPetRwTest.tsx?t=1785415503580:288
[  491164ms] [TABLE] [Object, Object, Object, Object, Object] @ http://localhost:5175/src/features/exam/petRw/ReadingPetRwTest.tsx?t=1785415503580:288
[  493162ms] [TABLE] [Object, Object, Object, Object, Object] @ http://localhost:5175/src/features/exam/petRw/ReadingPetRwTest.tsx?t=1785415503580:288
[  493163ms] [TABLE] [Object, Object, Object, Object, Object] @ http://localhost:5175/src/features/exam/petRw/ReadingPetRwTest.tsx?t=1785415503580:288
[  495156ms] [TABLE] [Object, Object, Object, Object, Object] @ http://localhost:5175/src/features/exam/petRw/ReadingPetRwTest.tsx?t=1785415503580:288
[  495157ms] [TABLE] [Object, Object, Object, Object, Object] @ http://localhost:5175/src/features/exam/petRw/ReadingPetRwTest.tsx?t=1785415503580:288
[  497168ms] [TABLE] [Object, Object, Object, Object, Object] @ http://localhost:5175/src/features/exam/petRw/ReadingPetRwTest.tsx?t=1785415503580:288
[  497168ms] [TABLE] [Object, Object, Object, Object, Object] @ http://localhost:5175/src/features/exam/petRw/ReadingPetRwTest.tsx?t=1785415503580:288
[  499162ms] [TABLE] [Object, Object, Object, Object, Object] @ http://localhost:5175/src/features/exam/petRw/ReadingPetRwTest.tsx?t=1785415503580:288
[  499162ms] [TABLE] [Object, Object, Object, Object, Object] @ http://localhost:5175/src/features/exam/petRw/ReadingPetRwTest.tsx?t=1785415503580:288
[  501155ms] [TABLE] [Object, Object, Object, Object, Object] @ http://localhost:5175/src/features/exam/petRw/ReadingPetRwTest.tsx?t=1785415503580:288
[  501155ms] [TABLE] [Object, Object, Object, Object, Object] @ http://localhost:5175/src/features/exam/petRw/ReadingPetRwTest.tsx?t=1785415503580:288
[  503158ms] [TABLE] [Object, Object, Object, Object, Object] @ http://localhost:5175/src/features/exam/petRw/ReadingPetRwTest.tsx?t=1785415503580:288
[  503158ms] [TABLE] [Object, Object, Object, Object, Object] @ http://localhost:5175/src/features/exam/petRw/ReadingPetRwTest.tsx?t=1785415503580:288
[  505157ms] [TABLE] [Object, Object, Object, Object, Object] @ http://localhost:5175/src/features/exam/petRw/ReadingPetRwTest.tsx?t=1785415503580:288
[  505157ms] [TABLE] [Object, Object, Object, Object, Object] @ http://localhost:5175/src/features/exam/petRw/ReadingPetRwTest.tsx?t=1785415503580:288
[  507166ms] [TABLE] [Object, Object, Object, Object, Object] @ http://localhost:5175/src/features/exam/petRw/ReadingPetRwTest.tsx?t=1785415503580:288
[  507166ms] [TABLE] [Object, Object, Object, Object, Object] @ http://localhost:5175/src/features/exam/petRw/ReadingPetRwTest.tsx?t=1785415503580:288
[  509157ms] [TABLE] [Object, Object, Object, Object, Object] @ http://localhost:5175/src/features/exam/petRw/ReadingPetRwTest.tsx?t=1785415503580:288
[  509157ms] [TABLE] [Object, Object, Object, Object, Object] @ http://localhost:5175/src/features/exam/petRw/ReadingPetRwTest.tsx?t=1785415503580:288
[  511158ms] [TABLE] [Object, Object, Object, Object, Object] @ http://localhost:5175/src/features/exam/petRw/ReadingPetRwTest.tsx?t=1785415503580:288
[  511159ms] [TABLE] [Object, Object, Object, Object, Object] @ http://localhost:5175/src/features/exam/petRw/ReadingPetRwTest.tsx?t=1785415503580:288
[  513164ms] [TABLE] [Object, Object, Object, Object, Object] @ http://localhost:5175/src/features/exam/petRw/ReadingPetRwTest.tsx?t=1785415503580:288
[  513164ms] [TABLE] [Object, Object, Object, Object, Object] @ http://localhost:5175/src/features/exam/petRw/ReadingPetRwTest.tsx?t=1785415503580:288
[  515162ms] [TABLE] [Object, Object, Object, Object, Object] @ http://localhost:5175/src/features/exam/petRw/ReadingPetRwTest.tsx?t=1785415503580:288
[  515162ms] [TABLE] [Object, Object, Object, Object, Object] @ http://localhost:5175/src/features/exam/petRw/ReadingPetRwTest.tsx?t=1785415503580:288
[  517161ms] [TABLE] [Object, Object, Object, Object, Object] @ http://localhost:5175/src/features/exam/petRw/ReadingPetRwTest.tsx?t=1785415503580:288
[  517162ms] [TABLE] [Object, Object, Object, Object, Object] @ http://localhost:5175/src/features/exam/petRw/ReadingPetRwTest.tsx?t=1785415503580:288
[  519158ms] [TABLE] [Object, Object, Object, Object, Object] @ http://localhost:5175/src/features/exam/petRw/ReadingPetRwTest.tsx?t=1785415503580:288
[  519158ms] [TABLE] [Object, Object, Object, Object, Object] @ http://localhost:5175/src/features/exam/petRw/ReadingPetRwTest.tsx?t=1785415503580:288
[  521164ms] [TABLE] [Object, Object, Object, Object, Object] @ http://localhost:5175/src/features/exam/petRw/ReadingPetRwTest.tsx?t=1785415503580:288
[  521164ms] [TABLE] [Object, Object, Object, Object, Object] @ http://localhost:5175/src/features/exam/petRw/ReadingPetRwTest.tsx?t=1785415503580:288
[  523165ms] [TABLE] [Object, Object, Object, Object, Object] @ http://localhost:5175/src/features/exam/petRw/ReadingPetRwTest.tsx?t=1785415503580:288
[  523165ms] [TABLE] [Object, Object, Object, Object, Object] @ http://localhost:5175/src/features/exam/petRw/ReadingPetRwTest.tsx?t=1785415503580:288
[  525169ms] [TABLE] [Object, Object, Object, Object, Object] @ http://localhost:5175/src/features/exam/petRw/ReadingPetRwTest.tsx?t=1785415503580:288
[  525170ms] [TABLE] [Object, Object, Object, Object, Object] @ http://localhost:5175/src/features/exam/petRw/ReadingPetRwTest.tsx?t=1785415503580:288
[  527158ms] [TABLE] [Object, Object, Object, Object, Object] @ http://localhost:5175/src/features/exam/petRw/ReadingPetRwTest.tsx?t=1785415503580:288
[  527158ms] [TABLE] [Object, Object, Object, Object, Object] @ http://localhost:5175/src/features/exam/petRw/ReadingPetRwTest.tsx?t=1785415503580:288
[  529163ms] [TABLE] [Object, Object, Object, Object, Object] @ http://localhost:5175/src/features/exam/petRw/ReadingPetRwTest.tsx?t=1785415503580:288
[  529163ms] [TABLE] [Object, Object, Object, Object, Object] @ http://localhost:5175/src/features/exam/petRw/ReadingPetRwTest.tsx?t=1785415503580:288
[  531156ms] [TABLE] [Object, Object, Object, Object, Object] @ http://localhost:5175/src/features/exam/petRw/ReadingPetRwTest.tsx?t=1785415503580:288
[  531156ms] [TABLE] [Object, Object, Object, Object, Object] @ http://localhost:5175/src/features/exam/petRw/ReadingPetRwTest.tsx?t=1785415503580:288
[  533168ms] [TABLE] [Object, Object, Object, Object, Object] @ http://localhost:5175/src/features/exam/petRw/ReadingPetRwTest.tsx?t=1785415503580:288
[  533169ms] [TABLE] [Object, Object, Object, Object, Object] @ http://localhost:5175/src/features/exam/petRw/ReadingPetRwTest.tsx?t=1785415503580:288
[  535163ms] [TABLE] [Object, Object, Object, Object, Object] @ http://localhost:5175/src/features/exam/petRw/ReadingPetRwTest.tsx?t=1785415503580:288
[  535163ms] [TABLE] [Object, Object, Object, Object, Object] @ http://localhost:5175/src/features/exam/petRw/ReadingPetRwTest.tsx?t=1785415503580:288
[  537168ms] [TABLE] [Object, Object, Object, Object, Object] @ http://localhost:5175/src/features/exam/petRw/ReadingPetRwTest.tsx?t=1785415503580:288
[  537168ms] [TABLE] [Object, Object, Object, Object, Object] @ http://localhost:5175/src/features/exam/petRw/ReadingPetRwTest.tsx?t=1785415503580:288
[  539161ms] [TABLE] [Object, Object, Object, Object, Object] @ http://localhost:5175/src/features/exam/petRw/ReadingPetRwTest.tsx?t=1785415503580:288
[  539162ms] [TABLE] [Object, Object, Object, Object, Object] @ http://localhost:5175/src/features/exam/petRw/ReadingPetRwTest.tsx?t=1785415503580:288
[  541155ms] [TABLE] [Object, Object, Object, Object, Object] @ http://localhost:5175/src/features/exam/petRw/ReadingPetRwTest.tsx?t=1785415503580:288
[  541156ms] [TABLE] [Object, Object, Object, Object, Object] @ http://localhost:5175/src/features/exam/petRw/ReadingPetRwTest.tsx?t=1785415503580:288
[  543163ms] [TABLE] [Object, Object, Object, Object, Object] @ http://localhost:5175/src/features/exam/petRw/ReadingPetRwTest.tsx?t=1785415503580:288
[  543164ms] [TABLE] [Object, Object, Object, Object, Object] @ http://localhost:5175/src/features/exam/petRw/ReadingPetRwTest.tsx?t=1785415503580:288
[  545159ms] [TABLE] [Object, Object, Object, Object, Object] @ http://localhost:5175/src/features/exam/petRw/ReadingPetRwTest.tsx?t=1785415503580:288
[  545160ms] [TABLE] [Object, Object, Object, Object, Object] @ http://localhost:5175/src/features/exam/petRw/ReadingPetRwTest.tsx?t=1785415503580:288
[  547155ms] [TABLE] [Object, Object, Object, Object, Object] @ http://localhost:5175/src/features/exam/petRw/ReadingPetRwTest.tsx?t=1785415503580:288
[  547156ms] [TABLE] [Object, Object, Object, Object, Object] @ http://localhost:5175/src/features/exam/petRw/ReadingPetRwTest.tsx?t=1785415503580:288
[  549166ms] [TABLE] [Object, Object, Object, Object, Object] @ http://localhost:5175/src/features/exam/petRw/ReadingPetRwTest.tsx?t=1785415503580:288
[  549167ms] [TABLE] [Object, Object, Object, Object, Object] @ http://localhost:5175/src/features/exam/petRw/ReadingPetRwTest.tsx?t=1785415503580:288
[  551160ms] [TABLE] [Object, Object, Object, Object, Object] @ http://localhost:5175/src/features/exam/petRw/ReadingPetRwTest.tsx?t=1785415503580:288
[  551161ms] [TABLE] [Object, Object, Object, Object, Object] @ http://localhost:5175/src/features/exam/petRw/ReadingPetRwTest.tsx?t=1785415503580:288
[  553162ms] [TABLE] [Object, Object, Object, Object, Object] @ http://localhost:5175/src/features/exam/petRw/ReadingPetRwTest.tsx?t=1785415503580:288
[  553162ms] [TABLE] [Object, Object, Object, Object, Object] @ http://localhost:5175/src/features/exam/petRw/ReadingPetRwTest.tsx?t=1785415503580:288
[  555166ms] [TABLE] [Object, Object, Object, Object, Object] @ http://localhost:5175/src/features/exam/petRw/ReadingPetRwTest.tsx?t=1785415503580:288
[  555166ms] [TABLE] [Object, Object, Object, Object, Object] @ http://localhost:5175/src/features/exam/petRw/ReadingPetRwTest.tsx?t=1785415503580:288
[  557161ms] [TABLE] [Object, Object, Object, Object, Object] @ http://localhost:5175/src/features/exam/petRw/ReadingPetRwTest.tsx?t=1785415503580:288
[  557161ms] [TABLE] [Object, Object, Object, Object, Object] @ http://localhost:5175/src/features/exam/petRw/ReadingPetRwTest.tsx?t=1785415503580:288
[  559168ms] [TABLE] [Object, Object, Object, Object, Object] @ http://localhost:5175/src/features/exam/petRw/ReadingPetRwTest.tsx?t=1785415503580:288
[  559168ms] [TABLE] [Object, Object, Object, Object, Object] @ http://localhost:5175/src/features/exam/petRw/ReadingPetRwTest.tsx?t=1785415503580:288
[  561159ms] [TABLE] [Object, Object, Object, Object, Object] @ http://localhost:5175/src/features/exam/petRw/ReadingPetRwTest.tsx?t=1785415503580:288
[  561159ms] [TABLE] [Object, Object, Object, Object, Object] @ http://localhost:5175/src/features/exam/petRw/ReadingPetRwTest.tsx?t=1785415503580:288
[  563169ms] [TABLE] [Object, Object, Object, Object, Object] @ http://localhost:5175/src/features/exam/petRw/ReadingPetRwTest.tsx?t=1785415503580:288
[  563170ms] [TABLE] [Object, Object, Object, Object, Object] @ http://localhost:5175/src/features/exam/petRw/ReadingPetRwTest.tsx?t=1785415503580:288
[  565163ms] [TABLE] [Object, Object, Object, Object, Object] @ http://localhost:5175/src/features/exam/petRw/ReadingPetRwTest.tsx?t=1785415503580:288
[  565163ms] [TABLE] [Object, Object, Object, Object, Object] @ http://localhost:5175/src/features/exam/petRw/ReadingPetRwTest.tsx?t=1785415503580:288
[  567156ms] [TABLE] [Object, Object, Object, Object, Object] @ http://localhost:5175/src/features/exam/petRw/ReadingPetRwTest.tsx?t=1785415503580:288
[  567157ms] [TABLE] [Object, Object, Object, Object, Object] @ http://localhost:5175/src/features/exam/petRw/ReadingPetRwTest.tsx?t=1785415503580:288
[  569161ms] [TABLE] [Object, Object, Object, Object, Object] @ http://localhost:5175/src/features/exam/petRw/ReadingPetRwTest.tsx?t=1785415503580:288
[  569161ms] [TABLE] [Object, Object, Object, Object, Object] @ http://localhost:5175/src/features/exam/petRw/ReadingPetRwTest.tsx?t=1785415503580:288
[  571159ms] [TABLE] [Object, Object, Object, Object, Object] @ http://localhost:5175/src/features/exam/petRw/ReadingPetRwTest.tsx?t=1785415503580:288
[  571160ms] [TABLE] [Object, Object, Object, Object, Object] @ http://localhost:5175/src/features/exam/petRw/ReadingPetRwTest.tsx?t=1785415503580:288
[  573159ms] [TABLE] [Object, Object, Object, Object, Object] @ http://localhost:5175/src/features/exam/petRw/ReadingPetRwTest.tsx?t=1785415503580:288
[  573160ms] [TABLE] [Object, Object, Object, Object, Object] @ http://localhost:5175/src/features/exam/petRw/ReadingPetRwTest.tsx?t=1785415503580:288
[  575155ms] [TABLE] [Object, Object, Object, Object, Object] @ http://localhost:5175/src/features/exam/petRw/ReadingPetRwTest.tsx?t=1785415503580:288
[  575156ms] [TABLE] [Object, Object, Object, Object, Object] @ http://localhost:5175/src/features/exam/petRw/ReadingPetRwTest.tsx?t=1785415503580:288
[  577162ms] [TABLE] [Object, Object, Object, Object, Object] @ http://localhost:5175/src/features/exam/petRw/ReadingPetRwTest.tsx?t=1785415503580:288
[  577162ms] [TABLE] [Object, Object, Object, Object, Object] @ http://localhost:5175/src/features/exam/petRw/ReadingPetRwTest.tsx?t=1785415503580:288
[  579166ms] [TABLE] [Object, Object, Object, Object, Object] @ http://localhost:5175/src/features/exam/petRw/ReadingPetRwTest.tsx?t=1785415503580:288
[  579166ms] [TABLE] [Object, Object, Object, Object, Object] @ http://localhost:5175/src/features/exam/petRw/ReadingPetRwTest.tsx?t=1785415503580:288
[  581165ms] [TABLE] [Object, Object, Object, Object, Object] @ http://localhost:5175/src/features/exam/petRw/ReadingPetRwTest.tsx?t=1785415503580:288
[  581165ms] [TABLE] [Object, Object, Object, Object, Object] @ http://localhost:5175/src/features/exam/petRw/ReadingPetRwTest.tsx?t=1785415503580:288
[  583157ms] [TABLE] [Object, Object, Object, Object, Object] @ http://localhost:5175/src/features/exam/petRw/ReadingPetRwTest.tsx?t=1785415503580:288
[  583158ms] [TABLE] [Object, Object, Object, Object, Object] @ http://localhost:5175/src/features/exam/petRw/ReadingPetRwTest.tsx?t=1785415503580:288
[  585167ms] [TABLE] [Object, Object, Object, Object, Object] @ http://localhost:5175/src/features/exam/petRw/ReadingPetRwTest.tsx?t=1785415503580:288
[  585167ms] [TABLE] [Object, Object, Object, Object, Object] @ http://localhost:5175/src/features/exam/petRw/ReadingPetRwTest.tsx?t=1785415503580:288
[  587168ms] [TABLE] [Object, Object, Object, Object, Object] @ http://localhost:5175/src/features/exam/petRw/ReadingPetRwTest.tsx?t=1785415503580:288
[  587168ms] [TABLE] [Object, Object, Object, Object, Object] @ http://localhost:5175/src/features/exam/petRw/ReadingPetRwTest.tsx?t=1785415503580:288
[  589169ms] [TABLE] [Object, Object, Object, Object, Object] @ http://localhost:5175/src/features/exam/petRw/ReadingPetRwTest.tsx?t=1785415503580:288
[  589169ms] [TABLE] [Object, Object, Object, Object, Object] @ http://localhost:5175/src/features/exam/petRw/ReadingPetRwTest.tsx?t=1785415503580:288
[  591159ms] [TABLE] [Object, Object, Object, Object, Object] @ http://localhost:5175/src/features/exam/petRw/ReadingPetRwTest.tsx?t=1785415503580:288
[  591160ms] [TABLE] [Object, Object, Object, Object, Object] @ http://localhost:5175/src/features/exam/petRw/ReadingPetRwTest.tsx?t=1785415503580:288
[  593157ms] [TABLE] [Object, Object, Object, Object, Object] @ http://localhost:5175/src/features/exam/petRw/ReadingPetRwTest.tsx?t=1785415503580:288
[  593157ms] [TABLE] [Object, Object, Object, Object, Object] @ http://localhost:5175/src/features/exam/petRw/ReadingPetRwTest.tsx?t=1785415503580:288
[  595166ms] [TABLE] [Object, Object, Object, Object, Object] @ http://localhost:5175/src/features/exam/petRw/ReadingPetRwTest.tsx?t=1785415503580:288
[  595167ms] [TABLE] [Object, Object, Object, Object, Object] @ http://localhost:5175/src/features/exam/petRw/ReadingPetRwTest.tsx?t=1785415503580:288
[  597161ms] [TABLE] [Object, Object, Object, Object, Object] @ http://localhost:5175/src/features/exam/petRw/ReadingPetRwTest.tsx?t=1785415503580:288
[  597161ms] [TABLE] [Object, Object, Object, Object, Object] @ http://localhost:5175/src/features/exam/petRw/ReadingPetRwTest.tsx?t=1785415503580:288
[  599155ms] [TABLE] [Object, Object, Object, Object, Object] @ http://localhost:5175/src/features/exam/petRw/ReadingPetRwTest.tsx?t=1785415503580:288
[  599156ms] [TABLE] [Object, Object, Object, Object, Object] @ http://localhost:5175/src/features/exam/petRw/ReadingPetRwTest.tsx?t=1785415503580:288
[  601160ms] [TABLE] [Object, Object, Object, Object, Object] @ http://localhost:5175/src/features/exam/petRw/ReadingPetRwTest.tsx?t=1785415503580:288
[  601161ms] [TABLE] [Object, Object, Object, Object, Object] @ http://localhost:5175/src/features/exam/petRw/ReadingPetRwTest.tsx?t=1785415503580:288
[  603167ms] [TABLE] [Object, Object, Object, Object, Object] @ http://localhost:5175/src/features/exam/petRw/ReadingPetRwTest.tsx?t=1785415503580:288
[  603167ms] [TABLE] [Object, Object, Object, Object, Object] @ http://localhost:5175/src/features/exam/petRw/ReadingPetRwTest.tsx?t=1785415503580:288
[  605165ms] [TABLE] [Object, Object, Object, Object, Object] @ http://localhost:5175/src/features/exam/petRw/ReadingPetRwTest.tsx?t=1785415503580:288
[  605165ms] [TABLE] [Object, Object, Object, Object, Object] @ http://localhost:5175/src/features/exam/petRw/ReadingPetRwTest.tsx?t=1785415503580:288
[  607159ms] [TABLE] [Object, Object, Object, Object, Object] @ http://localhost:5175/src/features/exam/petRw/ReadingPetRwTest.tsx?t=1785415503580:288
[  607159ms] [TABLE] [Object, Object, Object, Object, Object] @ http://localhost:5175/src/features/exam/petRw/ReadingPetRwTest.tsx?t=1785415503580:288
[  609163ms] [TABLE] [Object, Object, Object, Object, Object] @ http://localhost:5175/src/features/exam/petRw/ReadingPetRwTest.tsx?t=1785415503580:288
[  609163ms] [TABLE] [Object, Object, Object, Object, Object] @ http://localhost:5175/src/features/exam/petRw/ReadingPetRwTest.tsx?t=1785415503580:288
[  611166ms] [TABLE] [Object, Object, Object, Object, Object] @ http://localhost:5175/src/features/exam/petRw/ReadingPetRwTest.tsx?t=1785415503580:288
[  611166ms] [TABLE] [Object, Object, Object, Object, Object] @ http://localhost:5175/src/features/exam/petRw/ReadingPetRwTest.tsx?t=1785415503580:288
[  613159ms] [TABLE] [Object, Object, Object, Object, Object] @ http://localhost:5175/src/features/exam/petRw/ReadingPetRwTest.tsx?t=1785415503580:288
[  613159ms] [TABLE] [Object, Object, Object, Object, Object] @ http://localhost:5175/src/features/exam/petRw/ReadingPetRwTest.tsx?t=1785415503580:288
[  615170ms] [TABLE] [Object, Object, Object, Object, Object] @ http://localhost:5175/src/features/exam/petRw/ReadingPetRwTest.tsx?t=1785415503580:288
[  615170ms] [TABLE] [Object, Object, Object, Object, Object] @ http://localhost:5175/src/features/exam/petRw/ReadingPetRwTest.tsx?t=1785415503580:288
[  617159ms] [TABLE] [Object, Object, Object, Object, Object] @ http://localhost:5175/src/features/exam/petRw/ReadingPetRwTest.tsx?t=1785415503580:288
[  617160ms] [TABLE] [Object, Object, Object, Object, Object] @ http://localhost:5175/src/features/exam/petRw/ReadingPetRwTest.tsx?t=1785415503580:288
[  619158ms] [TABLE] [Object, Object, Object, Object, Object] @ http://localhost:5175/src/features/exam/petRw/ReadingPetRwTest.tsx?t=1785415503580:288
[  619159ms] [TABLE] [Object, Object, Object, Object, Object] @ http://localhost:5175/src/features/exam/petRw/ReadingPetRwTest.tsx?t=1785415503580:288
[  621162ms] [TABLE] [Object, Object, Object, Object, Object] @ http://localhost:5175/src/features/exam/petRw/ReadingPetRwTest.tsx?t=1785415503580:288
[  621162ms] [TABLE] [Object, Object, Object, Object, Object] @ http://localhost:5175/src/features/exam/petRw/ReadingPetRwTest.tsx?t=1785415503580:288
[  623158ms] [TABLE] [Object, Object, Object, Object, Object] @ http://localhost:5175/src/features/exam/petRw/ReadingPetRwTest.tsx?t=1785415503580:288
[  623158ms] [TABLE] [Object, Object, Object, Object, Object] @ http://localhost:5175/src/features/exam/petRw/ReadingPetRwTest.tsx?t=1785415503580:288
[  625164ms] [TABLE] [Object, Object, Object, Object, Object] @ http://localhost:5175/src/features/exam/petRw/ReadingPetRwTest.tsx?t=1785415503580:288
[  625165ms] [TABLE] [Object, Object, Object, Object, Object] @ http://localhost:5175/src/features/exam/petRw/ReadingPetRwTest.tsx?t=1785415503580:288
[  627168ms] [TABLE] [Object, Object, Object, Object, Object] @ http://localhost:5175/src/features/exam/petRw/ReadingPetRwTest.tsx?t=1785415503580:288
[  627169ms] [TABLE] [Object, Object, Object, Object, Object] @ http://localhost:5175/src/features/exam/petRw/ReadingPetRwTest.tsx?t=1785415503580:288
[  629169ms] [TABLE] [Object, Object, Object, Object, Object] @ http://localhost:5175/src/features/exam/petRw/ReadingPetRwTest.tsx?t=1785415503580:288
[  629170ms] [TABLE] [Object, Object, Object, Object, Object] @ http://localhost:5175/src/features/exam/petRw/ReadingPetRwTest.tsx?t=1785415503580:288
[  631160ms] [TABLE] [Object, Object, Object, Object, Object] @ http://localhost:5175/src/features/exam/petRw/ReadingPetRwTest.tsx?t=1785415503580:288
[  631160ms] [TABLE] [Object, Object, Object, Object, Object] @ http://localhost:5175/src/features/exam/petRw/ReadingPetRwTest.tsx?t=1785415503580:288
[  633161ms] [TABLE] [Object, Object, Object, Object, Object] @ http://localhost:5175/src/features/exam/petRw/ReadingPetRwTest.tsx?t=1785415503580:288
[  633161ms] [TABLE] [Object, Object, Object, Object, Object] @ http://localhost:5175/src/features/exam/petRw/ReadingPetRwTest.tsx?t=1785415503580:288
[  635158ms] [TABLE] [Object, Object, Object, Object, Object] @ http://localhost:5175/src/features/exam/petRw/ReadingPetRwTest.tsx?t=1785415503580:288
[  635158ms] [TABLE] [Object, Object, Object, Object, Object] @ http://localhost:5175/src/features/exam/petRw/ReadingPetRwTest.tsx?t=1785415503580:288
[  637165ms] [TABLE] [Object, Object, Object, Object, Object] @ http://localhost:5175/src/features/exam/petRw/ReadingPetRwTest.tsx?t=1785415503580:288
[  637165ms] [TABLE] [Object, Object, Object, Object, Object] @ http://localhost:5175/src/features/exam/petRw/ReadingPetRwTest.tsx?t=1785415503580:288
[  639167ms] [TABLE] [Object, Object, Object, Object, Object] @ http://localhost:5175/src/features/exam/petRw/ReadingPetRwTest.tsx?t=1785415503580:288
[  639167ms] [TABLE] [Object, Object, Object, Object, Object] @ http://localhost:5175/src/features/exam/petRw/ReadingPetRwTest.tsx?t=1785415503580:288
[  641157ms] [TABLE] [Object, Object, Object, Object, Object] @ http://localhost:5175/src/features/exam/petRw/ReadingPetRwTest.tsx?t=1785415503580:288
[  641158ms] [TABLE] [Object, Object, Object, Object, Object] @ http://localhost:5175/src/features/exam/petRw/ReadingPetRwTest.tsx?t=1785415503580:288
[  643162ms] [TABLE] [Object, Object, Object, Object, Object] @ http://localhost:5175/src/features/exam/petRw/ReadingPetRwTest.tsx?t=1785415503580:288
[  643163ms] [TABLE] [Object, Object, Object, Object, Object] @ http://localhost:5175/src/features/exam/petRw/ReadingPetRwTest.tsx?t=1785415503580:288
[  645163ms] [TABLE] [Object, Object, Object, Object, Object] @ http://localhost:5175/src/features/exam/petRw/ReadingPetRwTest.tsx?t=1785415503580:288
[  645163ms] [TABLE] [Object, Object, Object, Object, Object] @ http://localhost:5175/src/features/exam/petRw/ReadingPetRwTest.tsx?t=1785415503580:288
[  647163ms] [TABLE] [Object, Object, Object, Object, Object] @ http://localhost:5175/src/features/exam/petRw/ReadingPetRwTest.tsx?t=1785415503580:288
[  647163ms] [TABLE] [Object, Object, Object, Object, Object] @ http://localhost:5175/src/features/exam/petRw/ReadingPetRwTest.tsx?t=1785415503580:288
[  649157ms] [TABLE] [Object, Object, Object, Object, Object] @ http://localhost:5175/src/features/exam/petRw/ReadingPetRwTest.tsx?t=1785415503580:288
[  649157ms] [TABLE] [Object, Object, Object, Object, Object] @ http://localhost:5175/src/features/exam/petRw/ReadingPetRwTest.tsx?t=1785415503580:288
[  651167ms] [TABLE] [Object, Object, Object, Object, Object] @ http://localhost:5175/src/features/exam/petRw/ReadingPetRwTest.tsx?t=1785415503580:288
[  651167ms] [TABLE] [Object, Object, Object, Object, Object] @ http://localhost:5175/src/features/exam/petRw/ReadingPetRwTest.tsx?t=1785415503580:288
[  653170ms] [TABLE] [Object, Object, Object, Object, Object] @ http://localhost:5175/src/features/exam/petRw/ReadingPetRwTest.tsx?t=1785415503580:288
[  653170ms] [TABLE] [Object, Object, Object, Object, Object] @ http://localhost:5175/src/features/exam/petRw/ReadingPetRwTest.tsx?t=1785415503580:288
[  655155ms] [TABLE] [Object, Object, Object, Object, Object] @ http://localhost:5175/src/features/exam/petRw/ReadingPetRwTest.tsx?t=1785415503580:288
[  655156ms] [TABLE] [Object, Object, Object, Object, Object] @ http://localhost:5175/src/features/exam/petRw/ReadingPetRwTest.tsx?t=1785415503580:288
[  657155ms] [TABLE] [Object, Object, Object, Object, Object] @ http://localhost:5175/src/features/exam/petRw/ReadingPetRwTest.tsx?t=1785415503580:288
[  657155ms] [TABLE] [Object, Object, Object, Object, Object] @ http://localhost:5175/src/features/exam/petRw/ReadingPetRwTest.tsx?t=1785415503580:288
[  659169ms] [TABLE] [Object, Object, Object, Object, Object] @ http://localhost:5175/src/features/exam/petRw/ReadingPetRwTest.tsx?t=1785415503580:288
[  659170ms] [TABLE] [Object, Object, Object, Object, Object] @ http://localhost:5175/src/features/exam/petRw/ReadingPetRwTest.tsx?t=1785415503580:288
[  661169ms] [TABLE] [Object, Object, Object, Object, Object] @ http://localhost:5175/src/features/exam/petRw/ReadingPetRwTest.tsx?t=1785415503580:288
[  661170ms] [TABLE] [Object, Object, Object, Object, Object] @ http://localhost:5175/src/features/exam/petRw/ReadingPetRwTest.tsx?t=1785415503580:288
[  663164ms] [TABLE] [Object, Object, Object, Object, Object] @ http://localhost:5175/src/features/exam/petRw/ReadingPetRwTest.tsx?t=1785415503580:288
[  663164ms] [TABLE] [Object, Object, Object, Object, Object] @ http://localhost:5175/src/features/exam/petRw/ReadingPetRwTest.tsx?t=1785415503580:288
[  665156ms] [TABLE] [Object, Object, Object, Object, Object] @ http://localhost:5175/src/features/exam/petRw/ReadingPetRwTest.tsx?t=1785415503580:288
[  665156ms] [TABLE] [Object, Object, Object, Object, Object] @ http://localhost:5175/src/features/exam/petRw/ReadingPetRwTest.tsx?t=1785415503580:288
[  667156ms] [TABLE] [Object, Object, Object, Object, Object] @ http://localhost:5175/src/features/exam/petRw/ReadingPetRwTest.tsx?t=1785415503580:288
[  667157ms] [TABLE] [Object, Object, Object, Object, Object] @ http://localhost:5175/src/features/exam/petRw/ReadingPetRwTest.tsx?t=1785415503580:288
[  669165ms] [TABLE] [Object, Object, Object, Object, Object] @ http://localhost:5175/src/features/exam/petRw/ReadingPetRwTest.tsx?t=1785415503580:288
[  669165ms] [TABLE] [Object, Object, Object, Object, Object] @ http://localhost:5175/src/features/exam/petRw/ReadingPetRwTest.tsx?t=1785415503580:288
[  671162ms] [TABLE] [Object, Object, Object, Object, Object] @ http://localhost:5175/src/features/exam/petRw/ReadingPetRwTest.tsx?t=1785415503580:288
[  671163ms] [TABLE] [Object, Object, Object, Object, Object] @ http://localhost:5175/src/features/exam/petRw/ReadingPetRwTest.tsx?t=1785415503580:288
[  673164ms] [TABLE] [Object, Object, Object, Object, Object] @ http://localhost:5175/src/features/exam/petRw/ReadingPetRwTest.tsx?t=1785415503580:288
[  673164ms] [TABLE] [Object, Object, Object, Object, Object] @ http://localhost:5175/src/features/exam/petRw/ReadingPetRwTest.tsx?t=1785415503580:288
[  675162ms] [TABLE] [Object, Object, Object, Object, Object] @ http://localhost:5175/src/features/exam/petRw/ReadingPetRwTest.tsx?t=1785415503580:288
[  675162ms] [TABLE] [Object, Object, Object, Object, Object] @ http://localhost:5175/src/features/exam/petRw/ReadingPetRwTest.tsx?t=1785415503580:288
[  677158ms] [TABLE] [Object, Object, Object, Object, Object] @ http://localhost:5175/src/features/exam/petRw/ReadingPetRwTest.tsx?t=1785415503580:288
[  677159ms] [TABLE] [Object, Object, Object, Object, Object] @ http://localhost:5175/src/features/exam/petRw/ReadingPetRwTest.tsx?t=1785415503580:288
[  679159ms] [TABLE] [Object, Object, Object, Object, Object] @ http://localhost:5175/src/features/exam/petRw/ReadingPetRwTest.tsx?t=1785415503580:288
[  679160ms] [TABLE] [Object, Object, Object, Object, Object] @ http://localhost:5175/src/features/exam/petRw/ReadingPetRwTest.tsx?t=1785415503580:288
[  681162ms] [TABLE] [Object, Object, Object, Object, Object] @ http://localhost:5175/src/features/exam/petRw/ReadingPetRwTest.tsx?t=1785415503580:288
[  681163ms] [TABLE] [Object, Object, Object, Object, Object] @ http://localhost:5175/src/features/exam/petRw/ReadingPetRwTest.tsx?t=1785415503580:288
[  683157ms] [TABLE] [Object, Object, Object, Object, Object] @ http://localhost:5175/src/features/exam/petRw/ReadingPetRwTest.tsx?t=1785415503580:288
[  683157ms] [TABLE] [Object, Object, Object, Object, Object] @ http://localhost:5175/src/features/exam/petRw/ReadingPetRwTest.tsx?t=1785415503580:288
[  685162ms] [TABLE] [Object, Object, Object, Object, Object] @ http://localhost:5175/src/features/exam/petRw/ReadingPetRwTest.tsx?t=1785415503580:288
[  685162ms] [TABLE] [Object, Object, Object, Object, Object] @ http://localhost:5175/src/features/exam/petRw/ReadingPetRwTest.tsx?t=1785415503580:288
[  687158ms] [TABLE] [Object, Object, Object, Object, Object] @ http://localhost:5175/src/features/exam/petRw/ReadingPetRwTest.tsx?t=1785415503580:288
[  687158ms] [TABLE] [Object, Object, Object, Object, Object] @ http://localhost:5175/src/features/exam/petRw/ReadingPetRwTest.tsx?t=1785415503580:288
[  689157ms] [TABLE] [Object, Object, Object, Object, Object] @ http://localhost:5175/src/features/exam/petRw/ReadingPetRwTest.tsx?t=1785415503580:288
[  689157ms] [TABLE] [Object, Object, Object, Object, Object] @ http://localhost:5175/src/features/exam/petRw/ReadingPetRwTest.tsx?t=1785415503580:288
[  691156ms] [TABLE] [Object, Object, Object, Object, Object] @ http://localhost:5175/src/features/exam/petRw/ReadingPetRwTest.tsx?t=1785415503580:288
[  691156ms] [TABLE] [Object, Object, Object, Object, Object] @ http://localhost:5175/src/features/exam/petRw/ReadingPetRwTest.tsx?t=1785415503580:288
[  693169ms] [TABLE] [Object, Object, Object, Object, Object] @ http://localhost:5175/src/features/exam/petRw/ReadingPetRwTest.tsx?t=1785415503580:288
[  693170ms] [TABLE] [Object, Object, Object, Object, Object] @ http://localhost:5175/src/features/exam/petRw/ReadingPetRwTest.tsx?t=1785415503580:288
[  695167ms] [TABLE] [Object, Object, Object, Object, Object] @ http://localhost:5175/src/features/exam/petRw/ReadingPetRwTest.tsx?t=1785415503580:288
[  695168ms] [TABLE] [Object, Object, Object, Object, Object] @ http://localhost:5175/src/features/exam/petRw/ReadingPetRwTest.tsx?t=1785415503580:288
[  697165ms] [TABLE] [Object, Object, Object, Object, Object] @ http://localhost:5175/src/features/exam/petRw/ReadingPetRwTest.tsx?t=1785415503580:288
[  697165ms] [TABLE] [Object, Object, Object, Object, Object] @ http://localhost:5175/src/features/exam/petRw/ReadingPetRwTest.tsx?t=1785415503580:288
[  699160ms] [TABLE] [Object, Object, Object, Object, Object] @ http://localhost:5175/src/features/exam/petRw/ReadingPetRwTest.tsx?t=1785415503580:288
[  699161ms] [TABLE] [Object, Object, Object, Object, Object] @ http://localhost:5175/src/features/exam/petRw/ReadingPetRwTest.tsx?t=1785415503580:288
[  701167ms] [TABLE] [Object, Object, Object, Object, Object] @ http://localhost:5175/src/features/exam/petRw/ReadingPetRwTest.tsx?t=1785415503580:288
[  701167ms] [TABLE] [Object, Object, Object, Object, Object] @ http://localhost:5175/src/features/exam/petRw/ReadingPetRwTest.tsx?t=1785415503580:288
[  703158ms] [TABLE] [Object, Object, Object, Object, Object] @ http://localhost:5175/src/features/exam/petRw/ReadingPetRwTest.tsx?t=1785415503580:288
[  703158ms] [TABLE] [Object, Object, Object, Object, Object] @ http://localhost:5175/src/features/exam/petRw/ReadingPetRwTest.tsx?t=1785415503580:288
[  705164ms] [TABLE] [Object, Object, Object, Object, Object] @ http://localhost:5175/src/features/exam/petRw/ReadingPetRwTest.tsx?t=1785415503580:288
[  705165ms] [TABLE] [Object, Object, Object, Object, Object] @ http://localhost:5175/src/features/exam/petRw/ReadingPetRwTest.tsx?t=1785415503580:288
[  707167ms] [TABLE] [Object, Object, Object, Object, Object] @ http://localhost:5175/src/features/exam/petRw/ReadingPetRwTest.tsx?t=1785415503580:288
[  707167ms] [TABLE] [Object, Object, Object, Object, Object] @ http://localhost:5175/src/features/exam/petRw/ReadingPetRwTest.tsx?t=1785415503580:288
[  709159ms] [TABLE] [Object, Object, Object, Object, Object] @ http://localhost:5175/src/features/exam/petRw/ReadingPetRwTest.tsx?t=1785415503580:288
[  709159ms] [TABLE] [Object, Object, Object, Object, Object] @ http://localhost:5175/src/features/exam/petRw/ReadingPetRwTest.tsx?t=1785415503580:288
[  711158ms] [TABLE] [Object, Object, Object, Object, Object] @ http://localhost:5175/src/features/exam/petRw/ReadingPetRwTest.tsx?t=1785415503580:288
[  711158ms] [TABLE] [Object, Object, Object, Object, Object] @ http://localhost:5175/src/features/exam/petRw/ReadingPetRwTest.tsx?t=1785415503580:288
[  713156ms] [TABLE] [Object, Object, Object, Object, Object] @ http://localhost:5175/src/features/exam/petRw/ReadingPetRwTest.tsx?t=1785415503580:288
[  713157ms] [TABLE] [Object, Object, Object, Object, Object] @ http://localhost:5175/src/features/exam/petRw/ReadingPetRwTest.tsx?t=1785415503580:288
[  715166ms] [TABLE] [Object, Object, Object, Object, Object] @ http://localhost:5175/src/features/exam/petRw/ReadingPetRwTest.tsx?t=1785415503580:288
[  715167ms] [TABLE] [Object, Object, Object, Object, Object] @ http://localhost:5175/src/features/exam/petRw/ReadingPetRwTest.tsx?t=1785415503580:288
[  717156ms] [TABLE] [Object, Object, Object, Object, Object] @ http://localhost:5175/src/features/exam/petRw/ReadingPetRwTest.tsx?t=1785415503580:288
[  717156ms] [TABLE] [Object, Object, Object, Object, Object] @ http://localhost:5175/src/features/exam/petRw/ReadingPetRwTest.tsx?t=1785415503580:288
[  719170ms] [TABLE] [Object, Object, Object, Object, Object] @ http://localhost:5175/src/features/exam/petRw/ReadingPetRwTest.tsx?t=1785415503580:288
[  719171ms] [TABLE] [Object, Object, Object, Object, Object] @ http://localhost:5175/src/features/exam/petRw/ReadingPetRwTest.tsx?t=1785415503580:288
[  721162ms] [TABLE] [Object, Object, Object, Object, Object] @ http://localhost:5175/src/features/exam/petRw/ReadingPetRwTest.tsx?t=1785415503580:288
[  721162ms] [TABLE] [Object, Object, Object, Object, Object] @ http://localhost:5175/src/features/exam/petRw/ReadingPetRwTest.tsx?t=1785415503580:288
[  723160ms] [TABLE] [Object, Object, Object, Object, Object] @ http://localhost:5175/src/features/exam/petRw/ReadingPetRwTest.tsx?t=1785415503580:288
[  723161ms] [TABLE] [Object, Object, Object, Object, Object] @ http://localhost:5175/src/features/exam/petRw/ReadingPetRwTest.tsx?t=1785415503580:288
[  725168ms] [TABLE] [Object, Object, Object, Object, Object] @ http://localhost:5175/src/features/exam/petRw/ReadingPetRwTest.tsx?t=1785415503580:288
[  725169ms] [TABLE] [Object, Object, Object, Object, Object] @ http://localhost:5175/src/features/exam/petRw/ReadingPetRwTest.tsx?t=1785415503580:288
[  727163ms] [TABLE] [Object, Object, Object, Object, Object] @ http://localhost:5175/src/features/exam/petRw/ReadingPetRwTest.tsx?t=1785415503580:288
[  727164ms] [TABLE] [Object, Object, Object, Object, Object] @ http://localhost:5175/src/features/exam/petRw/ReadingPetRwTest.tsx?t=1785415503580:288
[  729165ms] [TABLE] [Object, Object, Object, Object, Object] @ http://localhost:5175/src/features/exam/petRw/ReadingPetRwTest.tsx?t=1785415503580:288
[  729166ms] [TABLE] [Object, Object, Object, Object, Object] @ http://localhost:5175/src/features/exam/petRw/ReadingPetRwTest.tsx?t=1785415503580:288
[  731157ms] [TABLE] [Object, Object, Object, Object, Object] @ http://localhost:5175/src/features/exam/petRw/ReadingPetRwTest.tsx?t=1785415503580:288
[  731157ms] [TABLE] [Object, Object, Object, Object, Object] @ http://localhost:5175/src/features/exam/petRw/ReadingPetRwTest.tsx?t=1785415503580:288
[  733168ms] [TABLE] [Object, Object, Object, Object, Object] @ http://localhost:5175/src/features/exam/petRw/ReadingPetRwTest.tsx?t=1785415503580:288
[  733169ms] [TABLE] [Object, Object, Object, Object, Object] @ http://localhost:5175/src/features/exam/petRw/ReadingPetRwTest.tsx?t=1785415503580:288
[  735161ms] [TABLE] [Object, Object, Object, Object, Object] @ http://localhost:5175/src/features/exam/petRw/ReadingPetRwTest.tsx?t=1785415503580:288
[  735161ms] [TABLE] [Object, Object, Object, Object, Object] @ http://localhost:5175/src/features/exam/petRw/ReadingPetRwTest.tsx?t=1785415503580:288
[  737164ms] [TABLE] [Object, Object, Object, Object, Object] @ http://localhost:5175/src/features/exam/petRw/ReadingPetRwTest.tsx?t=1785415503580:288
[  737165ms] [TABLE] [Object, Object, Object, Object, Object] @ http://localhost:5175/src/features/exam/petRw/ReadingPetRwTest.tsx?t=1785415503580:288
[  739169ms] [TABLE] [Object, Object, Object, Object, Object] @ http://localhost:5175/src/features/exam/petRw/ReadingPetRwTest.tsx?t=1785415503580:288
[  739170ms] [TABLE] [Object, Object, Object, Object, Object] @ http://localhost:5175/src/features/exam/petRw/ReadingPetRwTest.tsx?t=1785415503580:288
[  741169ms] [TABLE] [Object, Object, Object, Object, Object] @ http://localhost:5175/src/features/exam/petRw/ReadingPetRwTest.tsx?t=1785415503580:288
[  741170ms] [TABLE] [Object, Object, Object, Object, Object] @ http://localhost:5175/src/features/exam/petRw/ReadingPetRwTest.tsx?t=1785415503580:288
[  743159ms] [TABLE] [Object, Object, Object, Object, Object] @ http://localhost:5175/src/features/exam/petRw/ReadingPetRwTest.tsx?t=1785415503580:288
[  743159ms] [TABLE] [Object, Object, Object, Object, Object] @ http://localhost:5175/src/features/exam/petRw/ReadingPetRwTest.tsx?t=1785415503580:288
[  745159ms] [TABLE] [Object, Object, Object, Object, Object] @ http://localhost:5175/src/features/exam/petRw/ReadingPetRwTest.tsx?t=1785415503580:288
[  745159ms] [TABLE] [Object, Object, Object, Object, Object] @ http://localhost:5175/src/features/exam/petRw/ReadingPetRwTest.tsx?t=1785415503580:288
[  747165ms] [TABLE] [Object, Object, Object, Object, Object] @ http://localhost:5175/src/features/exam/petRw/ReadingPetRwTest.tsx?t=1785415503580:288
[  747166ms] [TABLE] [Object, Object, Object, Object, Object] @ http://localhost:5175/src/features/exam/petRw/ReadingPetRwTest.tsx?t=1785415503580:288
[  749162ms] [TABLE] [Object, Object, Object, Object, Object] @ http://localhost:5175/src/features/exam/petRw/ReadingPetRwTest.tsx?t=1785415503580:288
[  749163ms] [TABLE] [Object, Object, Object, Object, Object] @ http://localhost:5175/src/features/exam/petRw/ReadingPetRwTest.tsx?t=1785415503580:288
[  751165ms] [TABLE] [Object, Object, Object, Object, Object] @ http://localhost:5175/src/features/exam/petRw/ReadingPetRwTest.tsx?t=1785415503580:288
[  751165ms] [TABLE] [Object, Object, Object, Object, Object] @ http://localhost:5175/src/features/exam/petRw/ReadingPetRwTest.tsx?t=1785415503580:288
[  753165ms] [TABLE] [Object, Object, Object, Object, Object] @ http://localhost:5175/src/features/exam/petRw/ReadingPetRwTest.tsx?t=1785415503580:288
[  753166ms] [TABLE] [Object, Object, Object, Object, Object] @ http://localhost:5175/src/features/exam/petRw/ReadingPetRwTest.tsx?t=1785415503580:288
[  755162ms] [TABLE] [Object, Object, Object, Object, Object] @ http://localhost:5175/src/features/exam/petRw/ReadingPetRwTest.tsx?t=1785415503580:288
[  755163ms] [TABLE] [Object, Object, Object, Object, Object] @ http://localhost:5175/src/features/exam/petRw/ReadingPetRwTest.tsx?t=1785415503580:288
[  757158ms] [TABLE] [Object, Object, Object, Object, Object] @ http://localhost:5175/src/features/exam/petRw/ReadingPetRwTest.tsx?t=1785415503580:288
[  757159ms] [TABLE] [Object, Object, Object, Object, Object] @ http://localhost:5175/src/features/exam/petRw/ReadingPetRwTest.tsx?t=1785415503580:288
[  759165ms] [TABLE] [Object, Object, Object, Object, Object] @ http://localhost:5175/src/features/exam/petRw/ReadingPetRwTest.tsx?t=1785415503580:288
[  759165ms] [TABLE] [Object, Object, Object, Object, Object] @ http://localhost:5175/src/features/exam/petRw/ReadingPetRwTest.tsx?t=1785415503580:288
[  761155ms] [TABLE] [Object, Object, Object, Object, Object] @ http://localhost:5175/src/features/exam/petRw/ReadingPetRwTest.tsx?t=1785415503580:288
[  761155ms] [TABLE] [Object, Object, Object, Object, Object] @ http://localhost:5175/src/features/exam/petRw/ReadingPetRwTest.tsx?t=1785415503580:288
[  763165ms] [TABLE] [Object, Object, Object, Object, Object] @ http://localhost:5175/src/features/exam/petRw/ReadingPetRwTest.tsx?t=1785415503580:288
[  763166ms] [TABLE] [Object, Object, Object, Object, Object] @ http://localhost:5175/src/features/exam/petRw/ReadingPetRwTest.tsx?t=1785415503580:288
[  765159ms] [TABLE] [Object, Object, Object, Object, Object] @ http://localhost:5175/src/features/exam/petRw/ReadingPetRwTest.tsx?t=1785415503580:288
[  765159ms] [TABLE] [Object, Object, Object, Object, Object] @ http://localhost:5175/src/features/exam/petRw/ReadingPetRwTest.tsx?t=1785415503580:288
[  767161ms] [TABLE] [Object, Object, Object, Object, Object] @ http://localhost:5175/src/features/exam/petRw/ReadingPetRwTest.tsx?t=1785415503580:288
[  767162ms] [TABLE] [Object, Object, Object, Object, Object] @ http://localhost:5175/src/features/exam/petRw/ReadingPetRwTest.tsx?t=1785415503580:288
[  769169ms] [TABLE] [Object, Object, Object, Object, Object] @ http://localhost:5175/src/features/exam/petRw/ReadingPetRwTest.tsx?t=1785415503580:288
[  769170ms] [TABLE] [Object, Object, Object, Object, Object] @ http://localhost:5175/src/features/exam/petRw/ReadingPetRwTest.tsx?t=1785415503580:288
[  771164ms] [TABLE] [Object, Object, Object, Object, Object] @ http://localhost:5175/src/features/exam/petRw/ReadingPetRwTest.tsx?t=1785415503580:288
[  771164ms] [TABLE] [Object, Object, Object, Object, Object] @ http://localhost:5175/src/features/exam/petRw/ReadingPetRwTest.tsx?t=1785415503580:288
[  773159ms] [TABLE] [Object, Object, Object, Object, Object] @ http://localhost:5175/src/features/exam/petRw/ReadingPetRwTest.tsx?t=1785415503580:288
[  773160ms] [TABLE] [Object, Object, Object, Object, Object] @ http://localhost:5175/src/features/exam/petRw/ReadingPetRwTest.tsx?t=1785415503580:288
[  775170ms] [TABLE] [Object, Object, Object, Object, Object] @ http://localhost:5175/src/features/exam/petRw/ReadingPetRwTest.tsx?t=1785415503580:288
[  775170ms] [TABLE] [Object, Object, Object, Object, Object] @ http://localhost:5175/src/features/exam/petRw/ReadingPetRwTest.tsx?t=1785415503580:288
[  777164ms] [TABLE] [Object, Object, Object, Object, Object] @ http://localhost:5175/src/features/exam/petRw/ReadingPetRwTest.tsx?t=1785415503580:288
[  777165ms] [TABLE] [Object, Object, Object, Object, Object] @ http://localhost:5175/src/features/exam/petRw/ReadingPetRwTest.tsx?t=1785415503580:288
[  779171ms] [TABLE] [Object, Object, Object, Object, Object] @ http://localhost:5175/src/features/exam/petRw/ReadingPetRwTest.tsx?t=1785415503580:288
[  779171ms] [TABLE] [Object, Object, Object, Object, Object] @ http://localhost:5175/src/features/exam/petRw/ReadingPetRwTest.tsx?t=1785415503580:288
[  781163ms] [TABLE] [Object, Object, Object, Object, Object] @ http://localhost:5175/src/features/exam/petRw/ReadingPetRwTest.tsx?t=1785415503580:288
[  781163ms] [TABLE] [Object, Object, Object, Object, Object] @ http://localhost:5175/src/features/exam/petRw/ReadingPetRwTest.tsx?t=1785415503580:288
[  783157ms] [TABLE] [Object, Object, Object, Object, Object] @ http://localhost:5175/src/features/exam/petRw/ReadingPetRwTest.tsx?t=1785415503580:288
[  783157ms] [TABLE] [Object, Object, Object, Object, Object] @ http://localhost:5175/src/features/exam/petRw/ReadingPetRwTest.tsx?t=1785415503580:288
[  785160ms] [TABLE] [Object, Object, Object, Object, Object] @ http://localhost:5175/src/features/exam/petRw/ReadingPetRwTest.tsx?t=1785415503580:288
[  785160ms] [TABLE] [Object, Object, Object, Object, Object] @ http://localhost:5175/src/features/exam/petRw/ReadingPetRwTest.tsx?t=1785415503580:288
[  787169ms] [TABLE] [Object, Object, Object, Object, Object] @ http://localhost:5175/src/features/exam/petRw/ReadingPetRwTest.tsx?t=1785415503580:288
[  787170ms] [TABLE] [Object, Object, Object, Object, Object] @ http://localhost:5175/src/features/exam/petRw/ReadingPetRwTest.tsx?t=1785415503580:288
[  789163ms] [TABLE] [Object, Object, Object, Object, Object] @ http://localhost:5175/src/features/exam/petRw/ReadingPetRwTest.tsx?t=1785415503580:288
[  789164ms] [TABLE] [Object, Object, Object, Object, Object] @ http://localhost:5175/src/features/exam/petRw/ReadingPetRwTest.tsx?t=1785415503580:288
[  791155ms] [TABLE] [Object, Object, Object, Object, Object] @ http://localhost:5175/src/features/exam/petRw/ReadingPetRwTest.tsx?t=1785415503580:288
[  791155ms] [TABLE] [Object, Object, Object, Object, Object] @ http://localhost:5175/src/features/exam/petRw/ReadingPetRwTest.tsx?t=1785415503580:288
[  793156ms] [TABLE] [Object, Object, Object, Object, Object] @ http://localhost:5175/src/features/exam/petRw/ReadingPetRwTest.tsx?t=1785415503580:288
[  793157ms] [TABLE] [Object, Object, Object, Object, Object] @ http://localhost:5175/src/features/exam/petRw/ReadingPetRwTest.tsx?t=1785415503580:288
[  795158ms] [TABLE] [Object, Object, Object, Object, Object] @ http://localhost:5175/src/features/exam/petRw/ReadingPetRwTest.tsx?t=1785415503580:288
[  795158ms] [TABLE] [Object, Object, Object, Object, Object] @ http://localhost:5175/src/features/exam/petRw/ReadingPetRwTest.tsx?t=1785415503580:288
[  797165ms] [TABLE] [Object, Object, Object, Object, Object] @ http://localhost:5175/src/features/exam/petRw/ReadingPetRwTest.tsx?t=1785415503580:288
[  797165ms] [TABLE] [Object, Object, Object, Object, Object] @ http://localhost:5175/src/features/exam/petRw/ReadingPetRwTest.tsx?t=1785415503580:288
[  799162ms] [TABLE] [Object, Object, Object, Object, Object] @ http://localhost:5175/src/features/exam/petRw/ReadingPetRwTest.tsx?t=1785415503580:288
[  799163ms] [TABLE] [Object, Object, Object, Object, Object] @ http://localhost:5175/src/features/exam/petRw/ReadingPetRwTest.tsx?t=1785415503580:288
[  801162ms] [TABLE] [Object, Object, Object, Object, Object] @ http://localhost:5175/src/features/exam/petRw/ReadingPetRwTest.tsx?t=1785415503580:288
[  801162ms] [TABLE] [Object, Object, Object, Object, Object] @ http://localhost:5175/src/features/exam/petRw/ReadingPetRwTest.tsx?t=1785415503580:288
[  803158ms] [TABLE] [Object, Object, Object, Object, Object] @ http://localhost:5175/src/features/exam/petRw/ReadingPetRwTest.tsx?t=1785415503580:288
[  803158ms] [TABLE] [Object, Object, Object, Object, Object] @ http://localhost:5175/src/features/exam/petRw/ReadingPetRwTest.tsx?t=1785415503580:288
[  805161ms] [TABLE] [Object, Object, Object, Object, Object] @ http://localhost:5175/src/features/exam/petRw/ReadingPetRwTest.tsx?t=1785415503580:288
[  805161ms] [TABLE] [Object, Object, Object, Object, Object] @ http://localhost:5175/src/features/exam/petRw/ReadingPetRwTest.tsx?t=1785415503580:288
[  807165ms] [TABLE] [Object, Object, Object, Object, Object] @ http://localhost:5175/src/features/exam/petRw/ReadingPetRwTest.tsx?t=1785415503580:288
[  807166ms] [TABLE] [Object, Object, Object, Object, Object] @ http://localhost:5175/src/features/exam/petRw/ReadingPetRwTest.tsx?t=1785415503580:288
[  809167ms] [TABLE] [Object, Object, Object, Object, Object] @ http://localhost:5175/src/features/exam/petRw/ReadingPetRwTest.tsx?t=1785415503580:288
[  809167ms] [TABLE] [Object, Object, Object, Object, Object] @ http://localhost:5175/src/features/exam/petRw/ReadingPetRwTest.tsx?t=1785415503580:288
[  811162ms] [TABLE] [Object, Object, Object, Object, Object] @ http://localhost:5175/src/features/exam/petRw/ReadingPetRwTest.tsx?t=1785415503580:288
[  811163ms] [TABLE] [Object, Object, Object, Object, Object] @ http://localhost:5175/src/features/exam/petRw/ReadingPetRwTest.tsx?t=1785415503580:288
[  813164ms] [TABLE] [Object, Object, Object, Object, Object] @ http://localhost:5175/src/features/exam/petRw/ReadingPetRwTest.tsx?t=1785415503580:288
[  813164ms] [TABLE] [Object, Object, Object, Object, Object] @ http://localhost:5175/src/features/exam/petRw/ReadingPetRwTest.tsx?t=1785415503580:288
[  815167ms] [TABLE] [Object, Object, Object, Object, Object] @ http://localhost:5175/src/features/exam/petRw/ReadingPetRwTest.tsx?t=1785415503580:288
[  815168ms] [TABLE] [Object, Object, Object, Object, Object] @ http://localhost:5175/src/features/exam/petRw/ReadingPetRwTest.tsx?t=1785415503580:288
[  817155ms] [TABLE] [Object, Object, Object, Object, Object] @ http://localhost:5175/src/features/exam/petRw/ReadingPetRwTest.tsx?t=1785415503580:288
[  817156ms] [TABLE] [Object, Object, Object, Object, Object] @ http://localhost:5175/src/features/exam/petRw/ReadingPetRwTest.tsx?t=1785415503580:288
[  819164ms] [TABLE] [Object, Object, Object, Object, Object] @ http://localhost:5175/src/features/exam/petRw/ReadingPetRwTest.tsx?t=1785415503580:288
[  819164ms] [TABLE] [Object, Object, Object, Object, Object] @ http://localhost:5175/src/features/exam/petRw/ReadingPetRwTest.tsx?t=1785415503580:288
[  821156ms] [TABLE] [Object, Object, Object, Object, Object] @ http://localhost:5175/src/features/exam/petRw/ReadingPetRwTest.tsx?t=1785415503580:288
[  821157ms] [TABLE] [Object, Object, Object, Object, Object] @ http://localhost:5175/src/features/exam/petRw/ReadingPetRwTest.tsx?t=1785415503580:288
[  823164ms] [TABLE] [Object, Object, Object, Object, Object] @ http://localhost:5175/src/features/exam/petRw/ReadingPetRwTest.tsx?t=1785415503580:288
[  823165ms] [TABLE] [Object, Object, Object, Object, Object] @ http://localhost:5175/src/features/exam/petRw/ReadingPetRwTest.tsx?t=1785415503580:288
[  825163ms] [TABLE] [Object, Object, Object, Object, Object] @ http://localhost:5175/src/features/exam/petRw/ReadingPetRwTest.tsx?t=1785415503580:288
[  825164ms] [TABLE] [Object, Object, Object, Object, Object] @ http://localhost:5175/src/features/exam/petRw/ReadingPetRwTest.tsx?t=1785415503580:288
[  827157ms] [TABLE] [Object, Object, Object, Object, Object] @ http://localhost:5175/src/features/exam/petRw/ReadingPetRwTest.tsx?t=1785415503580:288
[  827157ms] [TABLE] [Object, Object, Object, Object, Object] @ http://localhost:5175/src/features/exam/petRw/ReadingPetRwTest.tsx?t=1785415503580:288
[  829156ms] [TABLE] [Object, Object, Object, Object, Object] @ http://localhost:5175/src/features/exam/petRw/ReadingPetRwTest.tsx?t=1785415503580:288
[  829157ms] [TABLE] [Object, Object, Object, Object, Object] @ http://localhost:5175/src/features/exam/petRw/ReadingPetRwTest.tsx?t=1785415503580:288
[  831161ms] [TABLE] [Object, Object, Object, Object, Object] @ http://localhost:5175/src/features/exam/petRw/ReadingPetRwTest.tsx?t=1785415503580:288
[  831161ms] [TABLE] [Object, Object, Object, Object, Object] @ http://localhost:5175/src/features/exam/petRw/ReadingPetRwTest.tsx?t=1785415503580:288
[  833156ms] [TABLE] [Object, Object, Object, Object, Object] @ http://localhost:5175/src/features/exam/petRw/ReadingPetRwTest.tsx?t=1785415503580:288
[  833157ms] [TABLE] [Object, Object, Object, Object, Object] @ http://localhost:5175/src/features/exam/petRw/ReadingPetRwTest.tsx?t=1785415503580:288
[  835166ms] [TABLE] [Object, Object, Object, Object, Object] @ http://localhost:5175/src/features/exam/petRw/ReadingPetRwTest.tsx?t=1785415503580:288
[  835166ms] [TABLE] [Object, Object, Object, Object, Object] @ http://localhost:5175/src/features/exam/petRw/ReadingPetRwTest.tsx?t=1785415503580:288
[  837163ms] [TABLE] [Object, Object, Object, Object, Object] @ http://localhost:5175/src/features/exam/petRw/ReadingPetRwTest.tsx?t=1785415503580:288
[  837164ms] [TABLE] [Object, Object, Object, Object, Object] @ http://localhost:5175/src/features/exam/petRw/ReadingPetRwTest.tsx?t=1785415503580:288
[  839165ms] [TABLE] [Object, Object, Object, Object, Object] @ http://localhost:5175/src/features/exam/petRw/ReadingPetRwTest.tsx?t=1785415503580:288
[  839166ms] [TABLE] [Object, Object, Object, Object, Object] @ http://localhost:5175/src/features/exam/petRw/ReadingPetRwTest.tsx?t=1785415503580:288
[  840165ms] Error: useAuth phải dùng bên trong <AuthProvider>
    at useAuth (http://localhost:5175/src/features/auth/AuthContext.tsx?t=1785415472733:199:19)
    at ProtectedRoute (http://localhost:5175/src/features/auth/ProtectedRoute.tsx?t=1785415472733:23:29)
    at renderWithHooks (http://localhost:5175/node_modules/.vite/deps/chunk-U3XUIKGL.js?v=943e1971:11548:26)
    at mountIndeterminateComponent (http://localhost:5175/node_modules/.vite/deps/chunk-U3XUIKGL.js?v=943e1971:14926:21)
    at beginWork (http://localhost:5175/node_modules/.vite/deps/chunk-U3XUIKGL.js?v=943e1971:15914:22)
    at HTMLUnknownElement.callCallback2 (http://localhost:5175/node_modules/.vite/deps/chunk-U3XUIKGL.js?v=943e1971:3674:22)
    at Object.invokeGuardedCallbackDev (http://localhost:5175/node_modules/.vite/deps/chunk-U3XUIKGL.js?v=943e1971:3699:24)
    at invokeGuardedCallback (http://localhost:5175/node_modules/.vite/deps/chunk-U3XUIKGL.js?v=943e1971:3733:39)
    at beginWork$1 (http://localhost:5175/node_modules/.vite/deps/chunk-U3XUIKGL.js?v=943e1971:19765:15)
    at performUnitOfWork (http://localhost:5175/node_modules/.vite/deps/chunk-U3XUIKGL.js?v=943e1971:19198:20)
[  840169ms] Error: useAuth phải dùng bên trong <AuthProvider>
    at useAuth (http://localhost:5175/src/features/auth/AuthContext.tsx?t=1785415472733:199:19)
    at ProtectedRoute (http://localhost:5175/src/features/auth/ProtectedRoute.tsx?t=1785415472733:23:29)
    at renderWithHooks (http://localhost:5175/node_modules/.vite/deps/chunk-U3XUIKGL.js?v=943e1971:11548:26)
    at mountIndeterminateComponent (http://localhost:5175/node_modules/.vite/deps/chunk-U3XUIKGL.js?v=943e1971:14926:21)
    at beginWork (http://localhost:5175/node_modules/.vite/deps/chunk-U3XUIKGL.js?v=943e1971:15914:22)
    at HTMLUnknownElement.callCallback2 (http://localhost:5175/node_modules/.vite/deps/chunk-U3XUIKGL.js?v=943e1971:3674:22)
    at Object.invokeGuardedCallbackDev (http://localhost:5175/node_modules/.vite/deps/chunk-U3XUIKGL.js?v=943e1971:3699:24)
    at invokeGuardedCallback (http://localhost:5175/node_modules/.vite/deps/chunk-U3XUIKGL.js?v=943e1971:3733:39)
    at beginWork$1 (http://localhost:5175/node_modules/.vite/deps/chunk-U3XUIKGL.js?v=943e1971:19765:15)
    at performUnitOfWork (http://localhost:5175/node_modules/.vite/deps/chunk-U3XUIKGL.js?v=943e1971:19198:20)
[  840173ms] [ERROR] The above error occurred in the <ProtectedRoute> component:

    at ProtectedRoute (http://localhost:5175/src/features/auth/ProtectedRoute.tsx?t=1785415472733:21:42)
    at RenderedRoute (http://localhost:5175/node_modules/.vite/deps/react-router-dom.js?v=943e1971:4122:5)
    at Routes (http://localhost:5175/node_modules/.vite/deps/react-router-dom.js?v=943e1971:4592:5)
    at Suspense
    at App (http://localhost:5175/src/App.tsx?t=1785415503580:125:3)
    at AuthProvider (http://localhost:5175/src/features/auth/AuthContext.tsx?t=1785415967596:46:32)
    at Router (http://localhost:5175/node_modules/.vite/deps/react-router-dom.js?v=943e1971:4535:15)
    at BrowserRouter (http://localhost:5175/node_modules/.vite/deps/react-router-dom.js?v=943e1971:5273:5)

Consider adding an error boundary to your tree to customize error handling behavior.
Visit https://reactjs.org/link/error-boundaries to learn more about error boundaries. @ http://localhost:5175/node_modules/.vite/deps/chunk-U3XUIKGL.js?v=943e1971:14031
[  840177ms] Error: useAuth phải dùng bên trong <AuthProvider>
    at useAuth (http://localhost:5175/src/features/auth/AuthContext.tsx?t=1785415472733:199:19)
    at ProtectedRoute (http://localhost:5175/src/features/auth/ProtectedRoute.tsx?t=1785415472733:23:29)
    at renderWithHooks (http://localhost:5175/node_modules/.vite/deps/chunk-U3XUIKGL.js?v=943e1971:11548:26)
    at mountIndeterminateComponent (http://localhost:5175/node_modules/.vite/deps/chunk-U3XUIKGL.js?v=943e1971:14926:21)
    at beginWork (http://localhost:5175/node_modules/.vite/deps/chunk-U3XUIKGL.js?v=943e1971:15914:22)
    at beginWork$1 (http://localhost:5175/node_modules/.vite/deps/chunk-U3XUIKGL.js?v=943e1971:19753:22)
    at performUnitOfWork (http://localhost:5175/node_modules/.vite/deps/chunk-U3XUIKGL.js?v=943e1971:19198:20)
    at workLoopSync (http://localhost:5175/node_modules/.vite/deps/chunk-U3XUIKGL.js?v=943e1971:19137:13)
    at renderRootSync (http://localhost:5175/node_modules/.vite/deps/chunk-U3XUIKGL.js?v=943e1971:19116:15)
    at recoverFromConcurrentError (http://localhost:5175/node_modules/.vite/deps/chunk-U3XUIKGL.js?v=943e1971:18736:28)
[  840408ms] [INFO] %cDownload the React DevTools for a better development experience: https://reactjs.org/link/react-devtools font-weight:bold @ http://localhost:5175/node_modules/.vite/deps/chunk-U3XUIKGL.js?v=943e1971:21550
[  840457ms] [WARNING] ⚠️ React Router Future Flag Warning: React Router will begin wrapping state updates in `React.startTransition` in v7. You can use the `v7_startTransition` future flag to opt-in early. For more information, see https://reactrouter.com/v6/upgrading/future#v7_starttransition. @ http://localhost:5175/node_modules/.vite/deps/react-router-dom.js?v=943e1971:4426
[  840457ms] [WARNING] ⚠️ React Router Future Flag Warning: Relative route resolution within Splat routes is changing in v7. You can use the `v7_relativeSplatPath` future flag to opt-in early. For more information, see https://reactrouter.com/v6/upgrading/future#v7_relativesplatpath. @ http://localhost:5175/node_modules/.vite/deps/react-router-dom.js?v=943e1971:4426
[  840466ms] [WARNING] <meta name="apple-mobile-web-app-capable" content="yes"> is deprecated. Please include <meta name="mobile-web-app-capable" content="yes"> @ http://localhost:5175/app/exam/reading/catalog-reading-pet-b1-test16:0
[  841594ms] [TABLE] [Object, Object, Object, Object, Object] @ http://localhost:5175/src/features/exam/petRw/ReadingPetRwTest.tsx?t=1785415967596:288
[  841595ms] [TABLE] [Object, Object, Object, Object, Object] @ http://localhost:5175/src/features/exam/petRw/ReadingPetRwTest.tsx?t=1785415967596:288
[  841607ms] [TABLE] [Object, Object, Object, Object, Object] @ http://localhost:5175/src/features/exam/petRw/ReadingPetRwTest.tsx?t=1785415967596:288
[  841608ms] [TABLE] [Object, Object, Object, Object, Object] @ http://localhost:5175/src/features/exam/petRw/ReadingPetRwTest.tsx?t=1785415967596:288
[  841630ms] [TABLE] [Object, Object, Object, Object, Object] @ http://localhost:5175/src/features/exam/petRw/ReadingPetRwTest.tsx?t=1785415967596:288
[  841631ms] [TABLE] [Object, Object, Object, Object, Object] @ http://localhost:5175/src/features/exam/petRw/ReadingPetRwTest.tsx?t=1785415967596:288
[  843161ms] [TABLE] [Object, Object, Object, Object, Object] @ http://localhost:5175/src/features/exam/petRw/ReadingPetRwTest.tsx?t=1785415967596:288
[  843162ms] [TABLE] [Object, Object, Object, Object, Object] @ http://localhost:5175/src/features/exam/petRw/ReadingPetRwTest.tsx?t=1785415967596:288
[  845166ms] [TABLE] [Object, Object, Object, Object, Object] @ http://localhost:5175/src/features/exam/petRw/ReadingPetRwTest.tsx?t=1785415967596:288
[  845167ms] [TABLE] [Object, Object, Object, Object, Object] @ http://localhost:5175/src/features/exam/petRw/ReadingPetRwTest.tsx?t=1785415967596:288
[  847165ms] [TABLE] [Object, Object, Object, Object, Object] @ http://localhost:5175/src/features/exam/petRw/ReadingPetRwTest.tsx?t=1785415967596:288
[  847165ms] [TABLE] [Object, Object, Object, Object, Object] @ http://localhost:5175/src/features/exam/petRw/ReadingPetRwTest.tsx?t=1785415967596:288
[  849162ms] [TABLE] [Object, Object, Object, Object, Object] @ http://localhost:5175/src/features/exam/petRw/ReadingPetRwTest.tsx?t=1785415967596:288
[  849162ms] [TABLE] [Object, Object, Object, Object, Object] @ http://localhost:5175/src/features/exam/petRw/ReadingPetRwTest.tsx?t=1785415967596:288
[  851163ms] [TABLE] [Object, Object, Object, Object, Object] @ http://localhost:5175/src/features/exam/petRw/ReadingPetRwTest.tsx?t=1785415967596:288
[  851164ms] [TABLE] [Object, Object, Object, Object, Object] @ http://localhost:5175/src/features/exam/petRw/ReadingPetRwTest.tsx?t=1785415967596:288
[  853161ms] [TABLE] [Object, Object, Object, Object, Object] @ http://localhost:5175/src/features/exam/petRw/ReadingPetRwTest.tsx?t=1785415967596:288
[  853162ms] [TABLE] [Object, Object, Object, Object, Object] @ http://localhost:5175/src/features/exam/petRw/ReadingPetRwTest.tsx?t=1785415967596:288
[  854292ms] [INFO] %cDownload the React DevTools for a better development experience: https://reactjs.org/link/react-devtools font-weight:bold @ http://localhost:5175/node_modules/.vite/deps/chunk-U3XUIKGL.js?v=943e1971:21550
[  854316ms] [WARNING] ⚠️ React Router Future Flag Warning: React Router will begin wrapping state updates in `React.startTransition` in v7. You can use the `v7_startTransition` future flag to opt-in early. For more information, see https://reactrouter.com/v6/upgrading/future#v7_starttransition. @ http://localhost:5175/node_modules/.vite/deps/react-router-dom.js?v=943e1971:4426
[  854316ms] [WARNING] ⚠️ React Router Future Flag Warning: Relative route resolution within Splat routes is changing in v7. You can use the `v7_relativeSplatPath` future flag to opt-in early. For more information, see https://reactrouter.com/v6/upgrading/future#v7_relativesplatpath. @ http://localhost:5175/node_modules/.vite/deps/react-router-dom.js?v=943e1971:4426
[  854324ms] [WARNING] <meta name="apple-mobile-web-app-capable" content="yes"> is deprecated. Please include <meta name="mobile-web-app-capable" content="yes"> @ http://localhost:5175/app/exam/reading/catalog-reading-pet-b1-test16:0
[  854952ms] [TABLE] [Object, Object, Object, Object, Object] @ http://localhost:5175/src/features/exam/petRw/ReadingPetRwTest.tsx?t=1785415967596:288
[  854953ms] [TABLE] [Object, Object, Object, Object, Object] @ http://localhost:5175/src/features/exam/petRw/ReadingPetRwTest.tsx?t=1785415967596:288
[  854961ms] [TABLE] [Object, Object, Object, Object, Object] @ http://localhost:5175/src/features/exam/petRw/ReadingPetRwTest.tsx?t=1785415967596:288
[  854961ms] [TABLE] [Object, Object, Object, Object, Object] @ http://localhost:5175/src/features/exam/petRw/ReadingPetRwTest.tsx?t=1785415967596:288
[  854979ms] [TABLE] [Object, Object, Object, Object, Object] @ http://localhost:5175/src/features/exam/petRw/ReadingPetRwTest.tsx?t=1785415967596:288
[  854979ms] [TABLE] [Object, Object, Object, Object, Object] @ http://localhost:5175/src/features/exam/petRw/ReadingPetRwTest.tsx?t=1785415967596:288
[  856169ms] [TABLE] [Object, Object, Object, Object, Object] @ http://localhost:5175/src/features/exam/petRw/ReadingPetRwTest.tsx?t=1785415967596:288
[  856169ms] [TABLE] [Object, Object, Object, Object, Object] @ http://localhost:5175/src/features/exam/petRw/ReadingPetRwTest.tsx?t=1785415967596:288
[  858161ms] [TABLE] [Object, Object, Object, Object, Object] @ http://localhost:5175/src/features/exam/petRw/ReadingPetRwTest.tsx?t=1785415967596:288
[  858161ms] [TABLE] [Object, Object, Object, Object, Object] @ http://localhost:5175/src/features/exam/petRw/ReadingPetRwTest.tsx?t=1785415967596:288
[  860160ms] [TABLE] [Object, Object, Object, Object, Object] @ http://localhost:5175/src/features/exam/petRw/ReadingPetRwTest.tsx?t=1785415967596:288
[  860161ms] [TABLE] [Object, Object, Object, Object, Object] @ http://localhost:5175/src/features/exam/petRw/ReadingPetRwTest.tsx?t=1785415967596:288
[  862158ms] [TABLE] [Object, Object, Object, Object, Object] @ http://localhost:5175/src/features/exam/petRw/ReadingPetRwTest.tsx?t=1785415967596:288
[  862158ms] [TABLE] [Object, Object, Object, Object, Object] @ http://localhost:5175/src/features/exam/petRw/ReadingPetRwTest.tsx?t=1785415967596:288
[  864169ms] [TABLE] [Object, Object, Object, Object, Object] @ http://localhost:5175/src/features/exam/petRw/ReadingPetRwTest.tsx?t=1785415967596:288
[  864169ms] [TABLE] [Object, Object, Object, Object, Object] @ http://localhost:5175/src/features/exam/petRw/ReadingPetRwTest.tsx?t=1785415967596:288
[  866159ms] [TABLE] [Object, Object, Object, Object, Object] @ http://localhost:5175/src/features/exam/petRw/ReadingPetRwTest.tsx?t=1785415967596:288
[  866160ms] [TABLE] [Object, Object, Object, Object, Object] @ http://localhost:5175/src/features/exam/petRw/ReadingPetRwTest.tsx?t=1785415967596:288
[  868165ms] [TABLE] [Object, Object, Object, Object, Object] @ http://localhost:5175/src/features/exam/petRw/ReadingPetRwTest.tsx?t=1785415967596:288
[  868166ms] [TABLE] [Object, Object, Object, Object, Object] @ http://localhost:5175/src/features/exam/petRw/ReadingPetRwTest.tsx?t=1785415967596:288
[  870157ms] [TABLE] [Object, Object, Object, Object, Object] @ http://localhost:5175/src/features/exam/petRw/ReadingPetRwTest.tsx?t=1785415967596:288
[  870158ms] [TABLE] [Object, Object, Object, Object, Object] @ http://localhost:5175/src/features/exam/petRw/ReadingPetRwTest.tsx?t=1785415967596:288
[  872161ms] [TABLE] [Object, Object, Object, Object, Object] @ http://localhost:5175/src/features/exam/petRw/ReadingPetRwTest.tsx?t=1785415967596:288
[  872161ms] [TABLE] [Object, Object, Object, Object, Object] @ http://localhost:5175/src/features/exam/petRw/ReadingPetRwTest.tsx?t=1785415967596:288
[  874165ms] [TABLE] [Object, Object, Object, Object, Object] @ http://localhost:5175/src/features/exam/petRw/ReadingPetRwTest.tsx?t=1785415967596:288
[  874165ms] [TABLE] [Object, Object, Object, Object, Object] @ http://localhost:5175/src/features/exam/petRw/ReadingPetRwTest.tsx?t=1785415967596:288
[  876158ms] [TABLE] [Object, Object, Object, Object, Object] @ http://localhost:5175/src/features/exam/petRw/ReadingPetRwTest.tsx?t=1785415967596:288
[  876159ms] [TABLE] [Object, Object, Object, Object, Object] @ http://localhost:5175/src/features/exam/petRw/ReadingPetRwTest.tsx?t=1785415967596:288
[  878170ms] [TABLE] [Object, Object, Object, Object, Object] @ http://localhost:5175/src/features/exam/petRw/ReadingPetRwTest.tsx?t=1785415967596:288
[  878171ms] [TABLE] [Object, Object, Object, Object, Object] @ http://localhost:5175/src/features/exam/petRw/ReadingPetRwTest.tsx?t=1785415967596:288
[  880160ms] [TABLE] [Object, Object, Object, Object, Object] @ http://localhost:5175/src/features/exam/petRw/ReadingPetRwTest.tsx?t=1785415967596:288
[  880161ms] [TABLE] [Object, Object, Object, Object, Object] @ http://localhost:5175/src/features/exam/petRw/ReadingPetRwTest.tsx?t=1785415967596:288
[  882165ms] [TABLE] [Object, Object, Object, Object, Object] @ http://localhost:5175/src/features/exam/petRw/ReadingPetRwTest.tsx?t=1785415967596:288
[  882166ms] [TABLE] [Object, Object, Object, Object, Object] @ http://localhost:5175/src/features/exam/petRw/ReadingPetRwTest.tsx?t=1785415967596:288
[  884156ms] [TABLE] [Object, Object, Object, Object, Object] @ http://localhost:5175/src/features/exam/petRw/ReadingPetRwTest.tsx?t=1785415967596:288
[  884157ms] [TABLE] [Object, Object, Object, Object, Object] @ http://localhost:5175/src/features/exam/petRw/ReadingPetRwTest.tsx?t=1785415967596:288
[  885166ms] [TABLE] [Object, Object, Object, Object, Object] @ http://localhost:5175/src/features/exam/petRw/ReadingPetRwTest.tsx?t=1785415967596:288
[  885167ms] [TABLE] [Object, Object, Object, Object, Object] @ http://localhost:5175/src/features/exam/petRw/ReadingPetRwTest.tsx?t=1785415967596:288
[  887158ms] [TABLE] [Object, Object, Object, Object, Object] @ http://localhost:5175/src/features/exam/petRw/ReadingPetRwTest.tsx?t=1785415967596:288
[  887158ms] [TABLE] [Object, Object, Object, Object, Object] @ http://localhost:5175/src/features/exam/petRw/ReadingPetRwTest.tsx?t=1785415967596:288
[  889162ms] [TABLE] [Object, Object, Object, Object, Object] @ http://localhost:5175/src/features/exam/petRw/ReadingPetRwTest.tsx?t=1785415967596:288
[  889163ms] [TABLE] [Object, Object, Object, Object, Object] @ http://localhost:5175/src/features/exam/petRw/ReadingPetRwTest.tsx?t=1785415967596:288
[  891157ms] [TABLE] [Object, Object, Object, Object, Object] @ http://localhost:5175/src/features/exam/petRw/ReadingPetRwTest.tsx?t=1785415967596:288
[  891157ms] [TABLE] [Object, Object, Object, Object, Object] @ http://localhost:5175/src/features/exam/petRw/ReadingPetRwTest.tsx?t=1785415967596:288
[  893164ms] [TABLE] [Object, Object, Object, Object, Object] @ http://localhost:5175/src/features/exam/petRw/ReadingPetRwTest.tsx?t=1785415967596:288
[  893165ms] [TABLE] [Object, Object, Object, Object, Object] @ http://localhost:5175/src/features/exam/petRw/ReadingPetRwTest.tsx?t=1785415967596:288
[  895166ms] [TABLE] [Object, Object, Object, Object, Object] @ http://localhost:5175/src/features/exam/petRw/ReadingPetRwTest.tsx?t=1785415967596:288
[  895167ms] [TABLE] [Object, Object, Object, Object, Object] @ http://localhost:5175/src/features/exam/petRw/ReadingPetRwTest.tsx?t=1785415967596:288
[  897163ms] [TABLE] [Object, Object, Object, Object, Object] @ http://localhost:5175/src/features/exam/petRw/ReadingPetRwTest.tsx?t=1785415967596:288
[  897164ms] [TABLE] [Object, Object, Object, Object, Object] @ http://localhost:5175/src/features/exam/petRw/ReadingPetRwTest.tsx?t=1785415967596:288
[  899156ms] [TABLE] [Object, Object, Object, Object, Object] @ http://localhost:5175/src/features/exam/petRw/ReadingPetRwTest.tsx?t=1785415967596:288
[  899157ms] [TABLE] [Object, Object, Object, Object, Object] @ http://localhost:5175/src/features/exam/petRw/ReadingPetRwTest.tsx?t=1785415967596:288
[  901165ms] [TABLE] [Object, Object, Object, Object, Object] @ http://localhost:5175/src/features/exam/petRw/ReadingPetRwTest.tsx?t=1785415967596:288
[  901165ms] [TABLE] [Object, Object, Object, Object, Object] @ http://localhost:5175/src/features/exam/petRw/ReadingPetRwTest.tsx?t=1785415967596:288
[  903166ms] [TABLE] [Object, Object, Object, Object, Object] @ http://localhost:5175/src/features/exam/petRw/ReadingPetRwTest.tsx?t=1785415967596:288
[  903167ms] [TABLE] [Object, Object, Object, Object, Object] @ http://localhost:5175/src/features/exam/petRw/ReadingPetRwTest.tsx?t=1785415967596:288
[  905163ms] [TABLE] [Object, Object, Object, Object, Object] @ http://localhost:5175/src/features/exam/petRw/ReadingPetRwTest.tsx?t=1785415967596:288
[  905164ms] [TABLE] [Object, Object, Object, Object, Object] @ http://localhost:5175/src/features/exam/petRw/ReadingPetRwTest.tsx?t=1785415967596:288
[  907161ms] [TABLE] [Object, Object, Object, Object, Object] @ http://localhost:5175/src/features/exam/petRw/ReadingPetRwTest.tsx?t=1785415967596:288
[  907162ms] [TABLE] [Object, Object, Object, Object, Object] @ http://localhost:5175/src/features/exam/petRw/ReadingPetRwTest.tsx?t=1785415967596:288
[  909159ms] [TABLE] [Object, Object, Object, Object, Object] @ http://localhost:5175/src/features/exam/petRw/ReadingPetRwTest.tsx?t=1785415967596:288
[  909160ms] [TABLE] [Object, Object, Object, Object, Object] @ http://localhost:5175/src/features/exam/petRw/ReadingPetRwTest.tsx?t=1785415967596:288
[  911157ms] [TABLE] [Object, Object, Object, Object, Object] @ http://localhost:5175/src/features/exam/petRw/ReadingPetRwTest.tsx?t=1785415967596:288
[  911158ms] [TABLE] [Object, Object, Object, Object, Object] @ http://localhost:5175/src/features/exam/petRw/ReadingPetRwTest.tsx?t=1785415967596:288
[  913167ms] [TABLE] [Object, Object, Object, Object, Object] @ http://localhost:5175/src/features/exam/petRw/ReadingPetRwTest.tsx?t=1785415967596:288
[  913167ms] [TABLE] [Object, Object, Object, Object, Object] @ http://localhost:5175/src/features/exam/petRw/ReadingPetRwTest.tsx?t=1785415967596:288
[  915161ms] [TABLE] [Object, Object, Object, Object, Object] @ http://localhost:5175/src/features/exam/petRw/ReadingPetRwTest.tsx?t=1785415967596:288
[  915161ms] [TABLE] [Object, Object, Object, Object, Object] @ http://localhost:5175/src/features/exam/petRw/ReadingPetRwTest.tsx?t=1785415967596:288
[  917156ms] [TABLE] [Object, Object, Object, Object, Object] @ http://localhost:5175/src/features/exam/petRw/ReadingPetRwTest.tsx?t=1785415967596:288
[  917157ms] [TABLE] [Object, Object, Object, Object, Object] @ http://localhost:5175/src/features/exam/petRw/ReadingPetRwTest.tsx?t=1785415967596:288
[  919159ms] [TABLE] [Object, Object, Object, Object, Object] @ http://localhost:5175/src/features/exam/petRw/ReadingPetRwTest.tsx?t=1785415967596:288
[  919159ms] [TABLE] [Object, Object, Object, Object, Object] @ http://localhost:5175/src/features/exam/petRw/ReadingPetRwTest.tsx?t=1785415967596:288
[  921164ms] [TABLE] [Object, Object, Object, Object, Object] @ http://localhost:5175/src/features/exam/petRw/ReadingPetRwTest.tsx?t=1785415967596:288
[  921165ms] [TABLE] [Object, Object, Object, Object, Object] @ http://localhost:5175/src/features/exam/petRw/ReadingPetRwTest.tsx?t=1785415967596:288
[  923163ms] [TABLE] [Object, Object, Object, Object, Object] @ http://localhost:5175/src/features/exam/petRw/ReadingPetRwTest.tsx?t=1785415967596:288
[  923164ms] [TABLE] [Object, Object, Object, Object, Object] @ http://localhost:5175/src/features/exam/petRw/ReadingPetRwTest.tsx?t=1785415967596:288
[  925159ms] [TABLE] [Object, Object, Object, Object, Object] @ http://localhost:5175/src/features/exam/petRw/ReadingPetRwTest.tsx?t=1785415967596:288
[  925160ms] [TABLE] [Object, Object, Object, Object, Object] @ http://localhost:5175/src/features/exam/petRw/ReadingPetRwTest.tsx?t=1785415967596:288
[  927164ms] [TABLE] [Object, Object, Object, Object, Object] @ http://localhost:5175/src/features/exam/petRw/ReadingPetRwTest.tsx?t=1785415967596:288
[  927165ms] [TABLE] [Object, Object, Object, Object, Object] @ http://localhost:5175/src/features/exam/petRw/ReadingPetRwTest.tsx?t=1785415967596:288
[  929168ms] [TABLE] [Object, Object, Object, Object, Object] @ http://localhost:5175/src/features/exam/petRw/ReadingPetRwTest.tsx?t=1785415967596:288
[  929169ms] [TABLE] [Object, Object, Object, Object, Object] @ http://localhost:5175/src/features/exam/petRw/ReadingPetRwTest.tsx?t=1785415967596:288
[  931159ms] [TABLE] [Object, Object, Object, Object, Object] @ http://localhost:5175/src/features/exam/petRw/ReadingPetRwTest.tsx?t=1785415967596:288
[  931160ms] [TABLE] [Object, Object, Object, Object, Object] @ http://localhost:5175/src/features/exam/petRw/ReadingPetRwTest.tsx?t=1785415967596:288
[  933165ms] [TABLE] [Object, Object, Object, Object, Object] @ http://localhost:5175/src/features/exam/petRw/ReadingPetRwTest.tsx?t=1785415967596:288
[  933165ms] [TABLE] [Object, Object, Object, Object, Object] @ http://localhost:5175/src/features/exam/petRw/ReadingPetRwTest.tsx?t=1785415967596:288
[  935159ms] [TABLE] [Object, Object, Object, Object, Object] @ http://localhost:5175/src/features/exam/petRw/ReadingPetRwTest.tsx?t=1785415967596:288
[  935159ms] [TABLE] [Object, Object, Object, Object, Object] @ http://localhost:5175/src/features/exam/petRw/ReadingPetRwTest.tsx?t=1785415967596:288
[  937168ms] [TABLE] [Object, Object, Object, Object, Object] @ http://localhost:5175/src/features/exam/petRw/ReadingPetRwTest.tsx?t=1785415967596:288
[  937168ms] [TABLE] [Object, Object, Object, Object, Object] @ http://localhost:5175/src/features/exam/petRw/ReadingPetRwTest.tsx?t=1785415967596:288
[  939164ms] Error: useAuth phải dùng bên trong <AuthProvider>
    at useAuth (http://localhost:5175/src/features/auth/AuthContext.tsx?t=1785415967596:199:19)
    at ProtectedRoute (http://localhost:5175/src/features/auth/ProtectedRoute.tsx?t=1785415967596:23:29)
    at renderWithHooks (http://localhost:5175/node_modules/.vite/deps/chunk-U3XUIKGL.js?v=943e1971:11548:26)
    at mountIndeterminateComponent (http://localhost:5175/node_modules/.vite/deps/chunk-U3XUIKGL.js?v=943e1971:14926:21)
    at beginWork (http://localhost:5175/node_modules/.vite/deps/chunk-U3XUIKGL.js?v=943e1971:15914:22)
    at HTMLUnknownElement.callCallback2 (http://localhost:5175/node_modules/.vite/deps/chunk-U3XUIKGL.js?v=943e1971:3674:22)
    at Object.invokeGuardedCallbackDev (http://localhost:5175/node_modules/.vite/deps/chunk-U3XUIKGL.js?v=943e1971:3699:24)
    at invokeGuardedCallback (http://localhost:5175/node_modules/.vite/deps/chunk-U3XUIKGL.js?v=943e1971:3733:39)
    at beginWork$1 (http://localhost:5175/node_modules/.vite/deps/chunk-U3XUIKGL.js?v=943e1971:19765:15)
    at performUnitOfWork (http://localhost:5175/node_modules/.vite/deps/chunk-U3XUIKGL.js?v=943e1971:19198:20)
[  939169ms] Error: useAuth phải dùng bên trong <AuthProvider>
    at useAuth (http://localhost:5175/src/features/auth/AuthContext.tsx?t=1785415967596:199:19)
    at ProtectedRoute (http://localhost:5175/src/features/auth/ProtectedRoute.tsx?t=1785415967596:23:29)
    at renderWithHooks (http://localhost:5175/node_modules/.vite/deps/chunk-U3XUIKGL.js?v=943e1971:11548:26)
    at mountIndeterminateComponent (http://localhost:5175/node_modules/.vite/deps/chunk-U3XUIKGL.js?v=943e1971:14926:21)
    at beginWork (http://localhost:5175/node_modules/.vite/deps/chunk-U3XUIKGL.js?v=943e1971:15914:22)
    at HTMLUnknownElement.callCallback2 (http://localhost:5175/node_modules/.vite/deps/chunk-U3XUIKGL.js?v=943e1971:3674:22)
    at Object.invokeGuardedCallbackDev (http://localhost:5175/node_modules/.vite/deps/chunk-U3XUIKGL.js?v=943e1971:3699:24)
    at invokeGuardedCallback (http://localhost:5175/node_modules/.vite/deps/chunk-U3XUIKGL.js?v=943e1971:3733:39)
    at beginWork$1 (http://localhost:5175/node_modules/.vite/deps/chunk-U3XUIKGL.js?v=943e1971:19765:15)
    at performUnitOfWork (http://localhost:5175/node_modules/.vite/deps/chunk-U3XUIKGL.js?v=943e1971:19198:20)
[  939170ms] [ERROR] The above error occurred in the <ProtectedRoute> component:

    at ProtectedRoute (http://localhost:5175/src/features/auth/ProtectedRoute.tsx?t=1785415967596:21:42)
    at RenderedRoute (http://localhost:5175/node_modules/.vite/deps/react-router-dom.js?v=943e1971:4122:5)
    at Routes (http://localhost:5175/node_modules/.vite/deps/react-router-dom.js?v=943e1971:4592:5)
    at Suspense
    at App (http://localhost:5175/src/App.tsx?t=1785415967596:125:3)
    at AuthProvider (http://localhost:5175/src/features/auth/AuthContext.tsx?t=1785416066389:46:32)
    at Router (http://localhost:5175/node_modules/.vite/deps/react-router-dom.js?v=943e1971:4535:15)
    at BrowserRouter (http://localhost:5175/node_modules/.vite/deps/react-router-dom.js?v=943e1971:5273:5)

Consider adding an error boundary to your tree to customize error handling behavior.
Visit https://reactjs.org/link/error-boundaries to learn more about error boundaries. @ http://localhost:5175/node_modules/.vite/deps/chunk-U3XUIKGL.js?v=943e1971:14031
[  939175ms] Error: useAuth phải dùng bên trong <AuthProvider>
    at useAuth (http://localhost:5175/src/features/auth/AuthContext.tsx?t=1785415967596:199:19)
    at ProtectedRoute (http://localhost:5175/src/features/auth/ProtectedRoute.tsx?t=1785415967596:23:29)
    at renderWithHooks (http://localhost:5175/node_modules/.vite/deps/chunk-U3XUIKGL.js?v=943e1971:11548:26)
    at mountIndeterminateComponent (http://localhost:5175/node_modules/.vite/deps/chunk-U3XUIKGL.js?v=943e1971:14926:21)
    at beginWork (http://localhost:5175/node_modules/.vite/deps/chunk-U3XUIKGL.js?v=943e1971:15914:22)
    at beginWork$1 (http://localhost:5175/node_modules/.vite/deps/chunk-U3XUIKGL.js?v=943e1971:19753:22)
    at performUnitOfWork (http://localhost:5175/node_modules/.vite/deps/chunk-U3XUIKGL.js?v=943e1971:19198:20)
    at workLoopSync (http://localhost:5175/node_modules/.vite/deps/chunk-U3XUIKGL.js?v=943e1971:19137:13)
    at renderRootSync (http://localhost:5175/node_modules/.vite/deps/chunk-U3XUIKGL.js?v=943e1971:19116:15)
    at recoverFromConcurrentError (http://localhost:5175/node_modules/.vite/deps/chunk-U3XUIKGL.js?v=943e1971:18736:28)
[  939333ms] [INFO] %cDownload the React DevTools for a better development experience: https://reactjs.org/link/react-devtools font-weight:bold @ http://localhost:5175/node_modules/.vite/deps/chunk-U3XUIKGL.js?v=943e1971:21550
[  939357ms] [WARNING] ⚠️ React Router Future Flag Warning: React Router will begin wrapping state updates in `React.startTransition` in v7. You can use the `v7_startTransition` future flag to opt-in early. For more information, see https://reactrouter.com/v6/upgrading/future#v7_starttransition. @ http://localhost:5175/node_modules/.vite/deps/react-router-dom.js?v=943e1971:4426
[  939357ms] [WARNING] ⚠️ React Router Future Flag Warning: Relative route resolution within Splat routes is changing in v7. You can use the `v7_relativeSplatPath` future flag to opt-in early. For more information, see https://reactrouter.com/v6/upgrading/future#v7_relativesplatpath. @ http://localhost:5175/node_modules/.vite/deps/react-router-dom.js?v=943e1971:4426
[  939364ms] [WARNING] <meta name="apple-mobile-web-app-capable" content="yes"> is deprecated. Please include <meta name="mobile-web-app-capable" content="yes"> @ http://localhost:5175/app/exam/reading/catalog-reading-pet-b1-test16:0
[  940070ms] [TABLE] [Object, Object, Object, Object, Object] @ http://localhost:5175/src/features/exam/petRw/ReadingPetRwTest.tsx?t=1785416066389:288
[  940071ms] [TABLE] [Object, Object, Object, Object, Object] @ http://localhost:5175/src/features/exam/petRw/ReadingPetRwTest.tsx?t=1785416066389:288
[  940081ms] [TABLE] [Object, Object, Object, Object, Object] @ http://localhost:5175/src/features/exam/petRw/ReadingPetRwTest.tsx?t=1785416066389:288
[  940082ms] [TABLE] [Object, Object, Object, Object, Object] @ http://localhost:5175/src/features/exam/petRw/ReadingPetRwTest.tsx?t=1785416066389:288
[  940099ms] [TABLE] [Object, Object, Object, Object, Object] @ http://localhost:5175/src/features/exam/petRw/ReadingPetRwTest.tsx?t=1785416066389:288
[  940100ms] [TABLE] [Object, Object, Object, Object, Object] @ http://localhost:5175/src/features/exam/petRw/ReadingPetRwTest.tsx?t=1785416066389:288
[  941156ms] [TABLE] [Object, Object, Object, Object, Object] @ http://localhost:5175/src/features/exam/petRw/ReadingPetRwTest.tsx?t=1785416066389:288
[  941156ms] [TABLE] [Object, Object, Object, Object, Object] @ http://localhost:5175/src/features/exam/petRw/ReadingPetRwTest.tsx?t=1785416066389:288
[  943156ms] [TABLE] [Object, Object, Object, Object, Object] @ http://localhost:5175/src/features/exam/petRw/ReadingPetRwTest.tsx?t=1785416066389:288
[  943156ms] [TABLE] [Object, Object, Object, Object, Object] @ http://localhost:5175/src/features/exam/petRw/ReadingPetRwTest.tsx?t=1785416066389:288
[  945159ms] [TABLE] [Object, Object, Object, Object, Object] @ http://localhost:5175/src/features/exam/petRw/ReadingPetRwTest.tsx?t=1785416066389:288
[  945160ms] [TABLE] [Object, Object, Object, Object, Object] @ http://localhost:5175/src/features/exam/petRw/ReadingPetRwTest.tsx?t=1785416066389:288
[  947165ms] [TABLE] [Object, Object, Object, Object, Object] @ http://localhost:5175/src/features/exam/petRw/ReadingPetRwTest.tsx?t=1785416066389:288
[  947165ms] [TABLE] [Object, Object, Object, Object, Object] @ http://localhost:5175/src/features/exam/petRw/ReadingPetRwTest.tsx?t=1785416066389:288
[  949160ms] [TABLE] [Object, Object, Object, Object, Object] @ http://localhost:5175/src/features/exam/petRw/ReadingPetRwTest.tsx?t=1785416066389:288
[  949160ms] [TABLE] [Object, Object, Object, Object, Object] @ http://localhost:5175/src/features/exam/petRw/ReadingPetRwTest.tsx?t=1785416066389:288
[  951169ms] [TABLE] [Object, Object, Object, Object, Object] @ http://localhost:5175/src/features/exam/petRw/ReadingPetRwTest.tsx?t=1785416066389:288
[  951170ms] [TABLE] [Object, Object, Object, Object, Object] @ http://localhost:5175/src/features/exam/petRw/ReadingPetRwTest.tsx?t=1785416066389:288
[  953160ms] [TABLE] [Object, Object, Object, Object, Object] @ http://localhost:5175/src/features/exam/petRw/ReadingPetRwTest.tsx?t=1785416066389:288
[  953161ms] [TABLE] [Object, Object, Object, Object, Object] @ http://localhost:5175/src/features/exam/petRw/ReadingPetRwTest.tsx?t=1785416066389:288
[  955155ms] [TABLE] [Object, Object, Object, Object, Object] @ http://localhost:5175/src/features/exam/petRw/ReadingPetRwTest.tsx?t=1785416066389:288
[  955155ms] [TABLE] [Object, Object, Object, Object, Object] @ http://localhost:5175/src/features/exam/petRw/ReadingPetRwTest.tsx?t=1785416066389:288
[  957156ms] [TABLE] [Object, Object, Object, Object, Object] @ http://localhost:5175/src/features/exam/petRw/ReadingPetRwTest.tsx?t=1785416066389:288
[  957157ms] [TABLE] [Object, Object, Object, Object, Object] @ http://localhost:5175/src/features/exam/petRw/ReadingPetRwTest.tsx?t=1785416066389:288
[  958171ms] Error: useAuth phải dùng bên trong <AuthProvider>
    at useAuth (http://localhost:5175/src/features/auth/AuthContext.tsx?t=1785416066389:199:19)
    at ProtectedRoute (http://localhost:5175/src/features/auth/ProtectedRoute.tsx?t=1785416066389:23:29)
    at renderWithHooks (http://localhost:5175/node_modules/.vite/deps/chunk-U3XUIKGL.js?v=943e1971:11548:26)
    at mountIndeterminateComponent (http://localhost:5175/node_modules/.vite/deps/chunk-U3XUIKGL.js?v=943e1971:14926:21)
    at beginWork (http://localhost:5175/node_modules/.vite/deps/chunk-U3XUIKGL.js?v=943e1971:15914:22)
    at HTMLUnknownElement.callCallback2 (http://localhost:5175/node_modules/.vite/deps/chunk-U3XUIKGL.js?v=943e1971:3674:22)
    at Object.invokeGuardedCallbackDev (http://localhost:5175/node_modules/.vite/deps/chunk-U3XUIKGL.js?v=943e1971:3699:24)
    at invokeGuardedCallback (http://localhost:5175/node_modules/.vite/deps/chunk-U3XUIKGL.js?v=943e1971:3733:39)
    at beginWork$1 (http://localhost:5175/node_modules/.vite/deps/chunk-U3XUIKGL.js?v=943e1971:19765:15)
    at performUnitOfWork (http://localhost:5175/node_modules/.vite/deps/chunk-U3XUIKGL.js?v=943e1971:19198:20)
[  958173ms] Error: useAuth phải dùng bên trong <AuthProvider>
    at useAuth (http://localhost:5175/src/features/auth/AuthContext.tsx?t=1785416066389:199:19)
    at ProtectedRoute (http://localhost:5175/src/features/auth/ProtectedRoute.tsx?t=1785416066389:23:29)
    at renderWithHooks (http://localhost:5175/node_modules/.vite/deps/chunk-U3XUIKGL.js?v=943e1971:11548:26)
    at mountIndeterminateComponent (http://localhost:5175/node_modules/.vite/deps/chunk-U3XUIKGL.js?v=943e1971:14926:21)
    at beginWork (http://localhost:5175/node_modules/.vite/deps/chunk-U3XUIKGL.js?v=943e1971:15914:22)
    at HTMLUnknownElement.callCallback2 (http://localhost:5175/node_modules/.vite/deps/chunk-U3XUIKGL.js?v=943e1971:3674:22)
    at Object.invokeGuardedCallbackDev (http://localhost:5175/node_modules/.vite/deps/chunk-U3XUIKGL.js?v=943e1971:3699:24)
    at invokeGuardedCallback (http://localhost:5175/node_modules/.vite/deps/chunk-U3XUIKGL.js?v=943e1971:3733:39)
    at beginWork$1 (http://localhost:5175/node_modules/.vite/deps/chunk-U3XUIKGL.js?v=943e1971:19765:15)
    at performUnitOfWork (http://localhost:5175/node_modules/.vite/deps/chunk-U3XUIKGL.js?v=943e1971:19198:20)
[  958173ms] [ERROR] The above error occurred in the <ProtectedRoute> component:

    at ProtectedRoute (http://localhost:5175/src/features/auth/ProtectedRoute.tsx?t=1785416066389:21:42)
    at RenderedRoute (http://localhost:5175/node_modules/.vite/deps/react-router-dom.js?v=943e1971:4122:5)
    at Routes (http://localhost:5175/node_modules/.vite/deps/react-router-dom.js?v=943e1971:4592:5)
    at Suspense
    at App (http://localhost:5175/src/App.tsx?t=1785416066389:125:3)
    at AuthProvider (http://localhost:5175/src/features/auth/AuthContext.tsx?t=1785416085769:46:32)
    at Router (http://localhost:5175/node_modules/.vite/deps/react-router-dom.js?v=943e1971:4535:15)
    at BrowserRouter (http://localhost:5175/node_modules/.vite/deps/react-router-dom.js?v=943e1971:5273:5)

Consider adding an error boundary to your tree to customize error handling behavior.
Visit https://reactjs.org/link/error-boundaries to learn more about error boundaries. @ http://localhost:5175/node_modules/.vite/deps/chunk-U3XUIKGL.js?v=943e1971:14031
[  958177ms] Error: useAuth phải dùng bên trong <AuthProvider>
    at useAuth (http://localhost:5175/src/features/auth/AuthContext.tsx?t=1785416066389:199:19)
    at ProtectedRoute (http://localhost:5175/src/features/auth/ProtectedRoute.tsx?t=1785416066389:23:29)
    at renderWithHooks (http://localhost:5175/node_modules/.vite/deps/chunk-U3XUIKGL.js?v=943e1971:11548:26)
    at mountIndeterminateComponent (http://localhost:5175/node_modules/.vite/deps/chunk-U3XUIKGL.js?v=943e1971:14926:21)
    at beginWork (http://localhost:5175/node_modules/.vite/deps/chunk-U3XUIKGL.js?v=943e1971:15914:22)
    at beginWork$1 (http://localhost:5175/node_modules/.vite/deps/chunk-U3XUIKGL.js?v=943e1971:19753:22)
    at performUnitOfWork (http://localhost:5175/node_modules/.vite/deps/chunk-U3XUIKGL.js?v=943e1971:19198:20)
    at workLoopSync (http://localhost:5175/node_modules/.vite/deps/chunk-U3XUIKGL.js?v=943e1971:19137:13)
    at renderRootSync (http://localhost:5175/node_modules/.vite/deps/chunk-U3XUIKGL.js?v=943e1971:19116:15)
    at recoverFromConcurrentError (http://localhost:5175/node_modules/.vite/deps/chunk-U3XUIKGL.js?v=943e1971:18736:28)
[  958327ms] [INFO] %cDownload the React DevTools for a better development experience: https://reactjs.org/link/react-devtools font-weight:bold @ http://localhost:5175/node_modules/.vite/deps/chunk-U3XUIKGL.js?v=943e1971:21550
[  958352ms] [WARNING] ⚠️ React Router Future Flag Warning: React Router will begin wrapping state updates in `React.startTransition` in v7. You can use the `v7_startTransition` future flag to opt-in early. For more information, see https://reactrouter.com/v6/upgrading/future#v7_starttransition. @ http://localhost:5175/node_modules/.vite/deps/react-router-dom.js?v=943e1971:4426
[  958352ms] [WARNING] ⚠️ React Router Future Flag Warning: Relative route resolution within Splat routes is changing in v7. You can use the `v7_relativeSplatPath` future flag to opt-in early. For more information, see https://reactrouter.com/v6/upgrading/future#v7_relativesplatpath. @ http://localhost:5175/node_modules/.vite/deps/react-router-dom.js?v=943e1971:4426
[  958361ms] [WARNING] <meta name="apple-mobile-web-app-capable" content="yes"> is deprecated. Please include <meta name="mobile-web-app-capable" content="yes"> @ http://localhost:5175/app/exam/reading/catalog-reading-pet-b1-test16:0
[  958972ms] [TABLE] [Object, Object, Object, Object, Object] @ http://localhost:5175/src/features/exam/petRw/ReadingPetRwTest.tsx?t=1785416085769:288
[  958973ms] [TABLE] [Object, Object, Object, Object, Object] @ http://localhost:5175/src/features/exam/petRw/ReadingPetRwTest.tsx?t=1785416085769:288
[  958981ms] [TABLE] [Object, Object, Object, Object, Object] @ http://localhost:5175/src/features/exam/petRw/ReadingPetRwTest.tsx?t=1785416085769:288
[  958982ms] [TABLE] [Object, Object, Object, Object, Object] @ http://localhost:5175/src/features/exam/petRw/ReadingPetRwTest.tsx?t=1785416085769:288
[  959002ms] [TABLE] [Object, Object, Object, Object, Object] @ http://localhost:5175/src/features/exam/petRw/ReadingPetRwTest.tsx?t=1785416085769:288
[  959003ms] [TABLE] [Object, Object, Object, Object, Object] @ http://localhost:5175/src/features/exam/petRw/ReadingPetRwTest.tsx?t=1785416085769:288
[  960161ms] [TABLE] [Object, Object, Object, Object, Object] @ http://localhost:5175/src/features/exam/petRw/ReadingPetRwTest.tsx?t=1785416085769:288
[  960161ms] [TABLE] [Object, Object, Object, Object, Object] @ http://localhost:5175/src/features/exam/petRw/ReadingPetRwTest.tsx?t=1785416085769:288
[  962167ms] [TABLE] [Object, Object, Object, Object, Object] @ http://localhost:5175/src/features/exam/petRw/ReadingPetRwTest.tsx?t=1785416085769:288
[  962167ms] [TABLE] [Object, Object, Object, Object, Object] @ http://localhost:5175/src/features/exam/petRw/ReadingPetRwTest.tsx?t=1785416085769:288
[  964164ms] [TABLE] [Object, Object, Object, Object, Object] @ http://localhost:5175/src/features/exam/petRw/ReadingPetRwTest.tsx?t=1785416085769:288
[  964165ms] [TABLE] [Object, Object, Object, Object, Object] @ http://localhost:5175/src/features/exam/petRw/ReadingPetRwTest.tsx?t=1785416085769:288
[  966157ms] [TABLE] [Object, Object, Object, Object, Object] @ http://localhost:5175/src/features/exam/petRw/ReadingPetRwTest.tsx?t=1785416085769:288
[  966158ms] [TABLE] [Object, Object, Object, Object, Object] @ http://localhost:5175/src/features/exam/petRw/ReadingPetRwTest.tsx?t=1785416085769:288
[  968165ms] [TABLE] [Object, Object, Object, Object, Object] @ http://localhost:5175/src/features/exam/petRw/ReadingPetRwTest.tsx?t=1785416085769:288
[  968166ms] [TABLE] [Object, Object, Object, Object, Object] @ http://localhost:5175/src/features/exam/petRw/ReadingPetRwTest.tsx?t=1785416085769:288
[  970163ms] [TABLE] [Object, Object, Object, Object, Object] @ http://localhost:5175/src/features/exam/petRw/ReadingPetRwTest.tsx?t=1785416085769:288
[  970163ms] [TABLE] [Object, Object, Object, Object, Object] @ http://localhost:5175/src/features/exam/petRw/ReadingPetRwTest.tsx?t=1785416085769:288
[  972159ms] [TABLE] [Object, Object, Object, Object, Object] @ http://localhost:5175/src/features/exam/petRw/ReadingPetRwTest.tsx?t=1785416085769:288
[  972159ms] [TABLE] [Object, Object, Object, Object, Object] @ http://localhost:5175/src/features/exam/petRw/ReadingPetRwTest.tsx?t=1785416085769:288
[  974156ms] [TABLE] [Object, Object, Object, Object, Object] @ http://localhost:5175/src/features/exam/petRw/ReadingPetRwTest.tsx?t=1785416085769:288
[  974156ms] [TABLE] [Object, Object, Object, Object, Object] @ http://localhost:5175/src/features/exam/petRw/ReadingPetRwTest.tsx?t=1785416085769:288
[  976166ms] [TABLE] [Object, Object, Object, Object, Object] @ http://localhost:5175/src/features/exam/petRw/ReadingPetRwTest.tsx?t=1785416085769:288
[  976167ms] [TABLE] [Object, Object, Object, Object, Object] @ http://localhost:5175/src/features/exam/petRw/ReadingPetRwTest.tsx?t=1785416085769:288
[  978160ms] [TABLE] [Object, Object, Object, Object, Object] @ http://localhost:5175/src/features/exam/petRw/ReadingPetRwTest.tsx?t=1785416085769:288
[  978160ms] [TABLE] [Object, Object, Object, Object, Object] @ http://localhost:5175/src/features/exam/petRw/ReadingPetRwTest.tsx?t=1785416085769:288
[  980164ms] [TABLE] [Object, Object, Object, Object, Object] @ http://localhost:5175/src/features/exam/petRw/ReadingPetRwTest.tsx?t=1785416085769:288
[  980164ms] [TABLE] [Object, Object, Object, Object, Object] @ http://localhost:5175/src/features/exam/petRw/ReadingPetRwTest.tsx?t=1785416085769:288
[  982160ms] [TABLE] [Object, Object, Object, Object, Object] @ http://localhost:5175/src/features/exam/petRw/ReadingPetRwTest.tsx?t=1785416085769:288
[  982161ms] [TABLE] [Object, Object, Object, Object, Object] @ http://localhost:5175/src/features/exam/petRw/ReadingPetRwTest.tsx?t=1785416085769:288
[  984279ms] [TABLE] [Object, Object, Object, Object, Object] @ http://localhost:5175/src/features/exam/petRw/ReadingPetRwTest.tsx?t=1785416085769:288
[  984280ms] [TABLE] [Object, Object, Object, Object, Object] @ http://localhost:5175/src/features/exam/petRw/ReadingPetRwTest.tsx?t=1785416085769:288
[  986161ms] [TABLE] [Object, Object, Object, Object, Object] @ http://localhost:5175/src/features/exam/petRw/ReadingPetRwTest.tsx?t=1785416085769:288
[  986162ms] [TABLE] [Object, Object, Object, Object, Object] @ http://localhost:5175/src/features/exam/petRw/ReadingPetRwTest.tsx?t=1785416085769:288
[  988197ms] [TABLE] [Object, Object, Object, Object, Object] @ http://localhost:5175/src/features/exam/petRw/ReadingPetRwTest.tsx?t=1785416085769:288
[  988198ms] [TABLE] [Object, Object, Object, Object, Object] @ http://localhost:5175/src/features/exam/petRw/ReadingPetRwTest.tsx?t=1785416085769:288
[  990168ms] [TABLE] [Object, Object, Object, Object, Object] @ http://localhost:5175/src/features/exam/petRw/ReadingPetRwTest.tsx?t=1785416085769:288
[  990169ms] [TABLE] [Object, Object, Object, Object, Object] @ http://localhost:5175/src/features/exam/petRw/ReadingPetRwTest.tsx?t=1785416085769:288
[  992156ms] [TABLE] [Object, Object, Object, Object, Object] @ http://localhost:5175/src/features/exam/petRw/ReadingPetRwTest.tsx?t=1785416085769:288
[  992157ms] [TABLE] [Object, Object, Object, Object, Object] @ http://localhost:5175/src/features/exam/petRw/ReadingPetRwTest.tsx?t=1785416085769:288
[  994169ms] [TABLE] [Object, Object, Object, Object, Object] @ http://localhost:5175/src/features/exam/petRw/ReadingPetRwTest.tsx?t=1785416085769:288
[  994169ms] [TABLE] [Object, Object, Object, Object, Object] @ http://localhost:5175/src/features/exam/petRw/ReadingPetRwTest.tsx?t=1785416085769:288
[  996168ms] [TABLE] [Object, Object, Object, Object, Object] @ http://localhost:5175/src/features/exam/petRw/ReadingPetRwTest.tsx?t=1785416085769:288
[  996169ms] [TABLE] [Object, Object, Object, Object, Object] @ http://localhost:5175/src/features/exam/petRw/ReadingPetRwTest.tsx?t=1785416085769:288
[  998164ms] [TABLE] [Object, Object, Object, Object, Object] @ http://localhost:5175/src/features/exam/petRw/ReadingPetRwTest.tsx?t=1785416085769:288
[  998164ms] [TABLE] [Object, Object, Object, Object, Object] @ http://localhost:5175/src/features/exam/petRw/ReadingPetRwTest.tsx?t=1785416085769:288
[ 1000157ms] [TABLE] [Object, Object, Object, Object, Object] @ http://localhost:5175/src/features/exam/petRw/ReadingPetRwTest.tsx?t=1785416085769:288
[ 1000157ms] [TABLE] [Object, Object, Object, Object, Object] @ http://localhost:5175/src/features/exam/petRw/ReadingPetRwTest.tsx?t=1785416085769:288
[ 1002160ms] [TABLE] [Object, Object, Object, Object, Object] @ http://localhost:5175/src/features/exam/petRw/ReadingPetRwTest.tsx?t=1785416085769:288
[ 1002161ms] [TABLE] [Object, Object, Object, Object, Object] @ http://localhost:5175/src/features/exam/petRw/ReadingPetRwTest.tsx?t=1785416085769:288
[ 1004163ms] [TABLE] [Object, Object, Object, Object, Object] @ http://localhost:5175/src/features/exam/petRw/ReadingPetRwTest.tsx?t=1785416085769:288
[ 1004163ms] [TABLE] [Object, Object, Object, Object, Object] @ http://localhost:5175/src/features/exam/petRw/ReadingPetRwTest.tsx?t=1785416085769:288
[ 1006157ms] [TABLE] [Object, Object, Object, Object, Object] @ http://localhost:5175/src/features/exam/petRw/ReadingPetRwTest.tsx?t=1785416085769:288
[ 1006158ms] [TABLE] [Object, Object, Object, Object, Object] @ http://localhost:5175/src/features/exam/petRw/ReadingPetRwTest.tsx?t=1785416085769:288
[ 1008163ms] [TABLE] [Object, Object, Object, Object, Object] @ http://localhost:5175/src/features/exam/petRw/ReadingPetRwTest.tsx?t=1785416085769:288
[ 1008164ms] [TABLE] [Object, Object, Object, Object, Object] @ http://localhost:5175/src/features/exam/petRw/ReadingPetRwTest.tsx?t=1785416085769:288
[ 1010155ms] [TABLE] [Object, Object, Object, Object, Object] @ http://localhost:5175/src/features/exam/petRw/ReadingPetRwTest.tsx?t=1785416085769:288
[ 1010155ms] [TABLE] [Object, Object, Object, Object, Object] @ http://localhost:5175/src/features/exam/petRw/ReadingPetRwTest.tsx?t=1785416085769:288
[ 1012159ms] [TABLE] [Object, Object, Object, Object, Object] @ http://localhost:5175/src/features/exam/petRw/ReadingPetRwTest.tsx?t=1785416085769:288
[ 1012159ms] [TABLE] [Object, Object, Object, Object, Object] @ http://localhost:5175/src/features/exam/petRw/ReadingPetRwTest.tsx?t=1785416085769:288
[ 1014169ms] [TABLE] [Object, Object, Object, Object, Object] @ http://localhost:5175/src/features/exam/petRw/ReadingPetRwTest.tsx?t=1785416085769:288
[ 1014170ms] [TABLE] [Object, Object, Object, Object, Object] @ http://localhost:5175/src/features/exam/petRw/ReadingPetRwTest.tsx?t=1785416085769:288
[ 1016170ms] [TABLE] [Object, Object, Object, Object, Object] @ http://localhost:5175/src/features/exam/petRw/ReadingPetRwTest.tsx?t=1785416085769:288
[ 1016170ms] [TABLE] [Object, Object, Object, Object, Object] @ http://localhost:5175/src/features/exam/petRw/ReadingPetRwTest.tsx?t=1785416085769:288
[ 1018165ms] [TABLE] [Object, Object, Object, Object, Object] @ http://localhost:5175/src/features/exam/petRw/ReadingPetRwTest.tsx?t=1785416085769:288
[ 1018166ms] [TABLE] [Object, Object, Object, Object, Object] @ http://localhost:5175/src/features/exam/petRw/ReadingPetRwTest.tsx?t=1785416085769:288
[ 1020161ms] [TABLE] [Object, Object, Object, Object, Object] @ http://localhost:5175/src/features/exam/petRw/ReadingPetRwTest.tsx?t=1785416085769:288
[ 1020162ms] [TABLE] [Object, Object, Object, Object, Object] @ http://localhost:5175/src/features/exam/petRw/ReadingPetRwTest.tsx?t=1785416085769:288
[ 1022155ms] [TABLE] [Object, Object, Object, Object, Object] @ http://localhost:5175/src/features/exam/petRw/ReadingPetRwTest.tsx?t=1785416085769:288
[ 1022156ms] [TABLE] [Object, Object, Object, Object, Object] @ http://localhost:5175/src/features/exam/petRw/ReadingPetRwTest.tsx?t=1785416085769:288
[ 1024167ms] [TABLE] [Object, Object, Object, Object, Object] @ http://localhost:5175/src/features/exam/petRw/ReadingPetRwTest.tsx?t=1785416085769:288
[ 1024167ms] [TABLE] [Object, Object, Object, Object, Object] @ http://localhost:5175/src/features/exam/petRw/ReadingPetRwTest.tsx?t=1785416085769:288
[ 1026167ms] [TABLE] [Object, Object, Object, Object, Object] @ http://localhost:5175/src/features/exam/petRw/ReadingPetRwTest.tsx?t=1785416085769:288
[ 1026168ms] [TABLE] [Object, Object, Object, Object, Object] @ http://localhost:5175/src/features/exam/petRw/ReadingPetRwTest.tsx?t=1785416085769:288
[ 1028169ms] [TABLE] [Object, Object, Object, Object, Object] @ http://localhost:5175/src/features/exam/petRw/ReadingPetRwTest.tsx?t=1785416085769:288
[ 1028170ms] [TABLE] [Object, Object, Object, Object, Object] @ http://localhost:5175/src/features/exam/petRw/ReadingPetRwTest.tsx?t=1785416085769:288
[ 1030161ms] [TABLE] [Object, Object, Object, Object, Object] @ http://localhost:5175/src/features/exam/petRw/ReadingPetRwTest.tsx?t=1785416085769:288
[ 1030162ms] [TABLE] [Object, Object, Object, Object, Object] @ http://localhost:5175/src/features/exam/petRw/ReadingPetRwTest.tsx?t=1785416085769:288
[ 1032168ms] [TABLE] [Object, Object, Object, Object, Object] @ http://localhost:5175/src/features/exam/petRw/ReadingPetRwTest.tsx?t=1785416085769:288
[ 1032168ms] [TABLE] [Object, Object, Object, Object, Object] @ http://localhost:5175/src/features/exam/petRw/ReadingPetRwTest.tsx?t=1785416085769:288
[ 1034167ms] [TABLE] [Object, Object, Object, Object, Object] @ http://localhost:5175/src/features/exam/petRw/ReadingPetRwTest.tsx?t=1785416085769:288
[ 1034167ms] [TABLE] [Object, Object, Object, Object, Object] @ http://localhost:5175/src/features/exam/petRw/ReadingPetRwTest.tsx?t=1785416085769:288
[ 1036170ms] [TABLE] [Object, Object, Object, Object, Object] @ http://localhost:5175/src/features/exam/petRw/ReadingPetRwTest.tsx?t=1785416085769:288
[ 1036170ms] [TABLE] [Object, Object, Object, Object, Object] @ http://localhost:5175/src/features/exam/petRw/ReadingPetRwTest.tsx?t=1785416085769:288
[ 1038169ms] [TABLE] [Object, Object, Object, Object, Object] @ http://localhost:5175/src/features/exam/petRw/ReadingPetRwTest.tsx?t=1785416085769:288
[ 1038169ms] [TABLE] [Object, Object, Object, Object, Object] @ http://localhost:5175/src/features/exam/petRw/ReadingPetRwTest.tsx?t=1785416085769:288
[ 1040163ms] [TABLE] [Object, Object, Object, Object, Object] @ http://localhost:5175/src/features/exam/petRw/ReadingPetRwTest.tsx?t=1785416085769:288
[ 1040163ms] [TABLE] [Object, Object, Object, Object, Object] @ http://localhost:5175/src/features/exam/petRw/ReadingPetRwTest.tsx?t=1785416085769:288
[ 1042168ms] [TABLE] [Object, Object, Object, Object, Object] @ http://localhost:5175/src/features/exam/petRw/ReadingPetRwTest.tsx?t=1785416085769:288
[ 1042169ms] [TABLE] [Object, Object, Object, Object, Object] @ http://localhost:5175/src/features/exam/petRw/ReadingPetRwTest.tsx?t=1785416085769:288
[ 1044169ms] [TABLE] [Object, Object, Object, Object, Object] @ http://localhost:5175/src/features/exam/petRw/ReadingPetRwTest.tsx?t=1785416085769:288
[ 1044170ms] [TABLE] [Object, Object, Object, Object, Object] @ http://localhost:5175/src/features/exam/petRw/ReadingPetRwTest.tsx?t=1785416085769:288
[ 1046168ms] [TABLE] [Object, Object, Object, Object, Object] @ http://localhost:5175/src/features/exam/petRw/ReadingPetRwTest.tsx?t=1785416085769:288
[ 1046168ms] [TABLE] [Object, Object, Object, Object, Object] @ http://localhost:5175/src/features/exam/petRw/ReadingPetRwTest.tsx?t=1785416085769:288
[ 1048158ms] [TABLE] [Object, Object, Object, Object, Object] @ http://localhost:5175/src/features/exam/petRw/ReadingPetRwTest.tsx?t=1785416085769:288
[ 1048158ms] [TABLE] [Object, Object, Object, Object, Object] @ http://localhost:5175/src/features/exam/petRw/ReadingPetRwTest.tsx?t=1785416085769:288
[ 1049176ms] [TABLE] [Object, Object, Object, Object, Object] @ http://localhost:5175/src/features/exam/petRw/ReadingPetRwTest.tsx?t=1785416085769:288
[ 1049176ms] [TABLE] [Object, Object, Object, Object, Object] @ http://localhost:5175/src/features/exam/petRw/ReadingPetRwTest.tsx?t=1785416085769:288
[ 1051163ms] [TABLE] [Object, Object, Object, Object, Object] @ http://localhost:5175/src/features/exam/petRw/ReadingPetRwTest.tsx?t=1785416085769:288
[ 1051163ms] [TABLE] [Object, Object, Object, Object, Object] @ http://localhost:5175/src/features/exam/petRw/ReadingPetRwTest.tsx?t=1785416085769:288
[ 1053168ms] [TABLE] [Object, Object, Object, Object, Object] @ http://localhost:5175/src/features/exam/petRw/ReadingPetRwTest.tsx?t=1785416085769:288
[ 1053168ms] [TABLE] [Object, Object, Object, Object, Object] @ http://localhost:5175/src/features/exam/petRw/ReadingPetRwTest.tsx?t=1785416085769:288
[ 1055156ms] [TABLE] [Object, Object, Object, Object, Object] @ http://localhost:5175/src/features/exam/petRw/ReadingPetRwTest.tsx?t=1785416085769:288
[ 1055156ms] [TABLE] [Object, Object, Object, Object, Object] @ http://localhost:5175/src/features/exam/petRw/ReadingPetRwTest.tsx?t=1785416085769:288
[ 1057160ms] [TABLE] [Object, Object, Object, Object, Object] @ http://localhost:5175/src/features/exam/petRw/ReadingPetRwTest.tsx?t=1785416085769:288
[ 1057160ms] [TABLE] [Object, Object, Object, Object, Object] @ http://localhost:5175/src/features/exam/petRw/ReadingPetRwTest.tsx?t=1785416085769:288
[ 1059166ms] [TABLE] [Object, Object, Object, Object, Object] @ http://localhost:5175/src/features/exam/petRw/ReadingPetRwTest.tsx?t=1785416085769:288
[ 1059166ms] [TABLE] [Object, Object, Object, Object, Object] @ http://localhost:5175/src/features/exam/petRw/ReadingPetRwTest.tsx?t=1785416085769:288
[ 1061155ms] [TABLE] [Object, Object, Object, Object, Object] @ http://localhost:5175/src/features/exam/petRw/ReadingPetRwTest.tsx?t=1785416085769:288
[ 1061155ms] [TABLE] [Object, Object, Object, Object, Object] @ http://localhost:5175/src/features/exam/petRw/ReadingPetRwTest.tsx?t=1785416085769:288
[ 1063156ms] [TABLE] [Object, Object, Object, Object, Object] @ http://localhost:5175/src/features/exam/petRw/ReadingPetRwTest.tsx?t=1785416085769:288
[ 1063156ms] [TABLE] [Object, Object, Object, Object, Object] @ http://localhost:5175/src/features/exam/petRw/ReadingPetRwTest.tsx?t=1785416085769:288
[ 1065157ms] [TABLE] [Object, Object, Object, Object, Object] @ http://localhost:5175/src/features/exam/petRw/ReadingPetRwTest.tsx?t=1785416085769:288
[ 1065157ms] [TABLE] [Object, Object, Object, Object, Object] @ http://localhost:5175/src/features/exam/petRw/ReadingPetRwTest.tsx?t=1785416085769:288
[ 1067166ms] [TABLE] [Object, Object, Object, Object, Object] @ http://localhost:5175/src/features/exam/petRw/ReadingPetRwTest.tsx?t=1785416085769:288
[ 1067166ms] [TABLE] [Object, Object, Object, Object, Object] @ http://localhost:5175/src/features/exam/petRw/ReadingPetRwTest.tsx?t=1785416085769:288
[ 1069158ms] [TABLE] [Object, Object, Object, Object, Object] @ http://localhost:5175/src/features/exam/petRw/ReadingPetRwTest.tsx?t=1785416085769:288
[ 1069158ms] [TABLE] [Object, Object, Object, Object, Object] @ http://localhost:5175/src/features/exam/petRw/ReadingPetRwTest.tsx?t=1785416085769:288
[ 1071163ms] [TABLE] [Object, Object, Object, Object, Object] @ http://localhost:5175/src/features/exam/petRw/ReadingPetRwTest.tsx?t=1785416085769:288
[ 1071164ms] [TABLE] [Object, Object, Object, Object, Object] @ http://localhost:5175/src/features/exam/petRw/ReadingPetRwTest.tsx?t=1785416085769:288
[ 1073167ms] [TABLE] [Object, Object, Object, Object, Object] @ http://localhost:5175/src/features/exam/petRw/ReadingPetRwTest.tsx?t=1785416085769:288
[ 1073167ms] [TABLE] [Object, Object, Object, Object, Object] @ http://localhost:5175/src/features/exam/petRw/ReadingPetRwTest.tsx?t=1785416085769:288
[ 1075159ms] [TABLE] [Object, Object, Object, Object, Object] @ http://localhost:5175/src/features/exam/petRw/ReadingPetRwTest.tsx?t=1785416085769:288
[ 1075160ms] [TABLE] [Object, Object, Object, Object, Object] @ http://localhost:5175/src/features/exam/petRw/ReadingPetRwTest.tsx?t=1785416085769:288
[ 1077165ms] [TABLE] [Object, Object, Object, Object, Object] @ http://localhost:5175/src/features/exam/petRw/ReadingPetRwTest.tsx?t=1785416085769:288
[ 1077165ms] [TABLE] [Object, Object, Object, Object, Object] @ http://localhost:5175/src/features/exam/petRw/ReadingPetRwTest.tsx?t=1785416085769:288
[ 1079160ms] [TABLE] [Object, Object, Object, Object, Object] @ http://localhost:5175/src/features/exam/petRw/ReadingPetRwTest.tsx?t=1785416085769:288
[ 1079160ms] [TABLE] [Object, Object, Object, Object, Object] @ http://localhost:5175/src/features/exam/petRw/ReadingPetRwTest.tsx?t=1785416085769:288
[ 1081163ms] [TABLE] [Object, Object, Object, Object, Object] @ http://localhost:5175/src/features/exam/petRw/ReadingPetRwTest.tsx?t=1785416085769:288
[ 1081164ms] [TABLE] [Object, Object, Object, Object, Object] @ http://localhost:5175/src/features/exam/petRw/ReadingPetRwTest.tsx?t=1785416085769:288
[ 1083159ms] [TABLE] [Object, Object, Object, Object, Object] @ http://localhost:5175/src/features/exam/petRw/ReadingPetRwTest.tsx?t=1785416085769:288
[ 1083159ms] [TABLE] [Object, Object, Object, Object, Object] @ http://localhost:5175/src/features/exam/petRw/ReadingPetRwTest.tsx?t=1785416085769:288
[ 1083302ms] [INFO] %cDownload the React DevTools for a better development experience: https://reactjs.org/link/react-devtools font-weight:bold @ http://localhost:5175/node_modules/.vite/deps/chunk-U3XUIKGL.js?v=943e1971:21550
[ 1083331ms] [WARNING] ⚠️ React Router Future Flag Warning: React Router will begin wrapping state updates in `React.startTransition` in v7. You can use the `v7_startTransition` future flag to opt-in early. For more information, see https://reactrouter.com/v6/upgrading/future#v7_starttransition. @ http://localhost:5175/node_modules/.vite/deps/react-router-dom.js?v=943e1971:4426
[ 1083331ms] [WARNING] ⚠️ React Router Future Flag Warning: Relative route resolution within Splat routes is changing in v7. You can use the `v7_relativeSplatPath` future flag to opt-in early. For more information, see https://reactrouter.com/v6/upgrading/future#v7_relativesplatpath. @ http://localhost:5175/node_modules/.vite/deps/react-router-dom.js?v=943e1971:4426
[ 1083339ms] [WARNING] <meta name="apple-mobile-web-app-capable" content="yes"> is deprecated. Please include <meta name="mobile-web-app-capable" content="yes"> @ http://localhost:5175/app/exam/reading/catalog-reading-pet-b1-test16:0
[ 1084097ms] [TABLE] [Object, Object, Object, Object, Object] @ http://localhost:5175/src/features/exam/petRw/ReadingPetRwTest.tsx?t=1785416085769:288
[ 1084098ms] [TABLE] [Object, Object, Object, Object, Object] @ http://localhost:5175/src/features/exam/petRw/ReadingPetRwTest.tsx?t=1785416085769:288
[ 1084105ms] [TABLE] [Object, Object, Object, Object, Object] @ http://localhost:5175/src/features/exam/petRw/ReadingPetRwTest.tsx?t=1785416085769:288
[ 1084106ms] [TABLE] [Object, Object, Object, Object, Object] @ http://localhost:5175/src/features/exam/petRw/ReadingPetRwTest.tsx?t=1785416085769:288
[ 1084122ms] [TABLE] [Object, Object, Object, Object, Object] @ http://localhost:5175/src/features/exam/petRw/ReadingPetRwTest.tsx?t=1785416085769:288
[ 1084122ms] [TABLE] [Object, Object, Object, Object, Object] @ http://localhost:5175/src/features/exam/petRw/ReadingPetRwTest.tsx?t=1785416085769:288
[ 1085168ms] [TABLE] [Object, Object, Object, Object, Object] @ http://localhost:5175/src/features/exam/petRw/ReadingPetRwTest.tsx?t=1785416085769:288
[ 1085168ms] [TABLE] [Object, Object, Object, Object, Object] @ http://localhost:5175/src/features/exam/petRw/ReadingPetRwTest.tsx?t=1785416085769:288
[ 1087157ms] [TABLE] [Object, Object, Object, Object, Object] @ http://localhost:5175/src/features/exam/petRw/ReadingPetRwTest.tsx?t=1785416085769:288
[ 1087158ms] [TABLE] [Object, Object, Object, Object, Object] @ http://localhost:5175/src/features/exam/petRw/ReadingPetRwTest.tsx?t=1785416085769:288
[ 1089166ms] [TABLE] [Object, Object, Object, Object, Object] @ http://localhost:5175/src/features/exam/petRw/ReadingPetRwTest.tsx?t=1785416085769:288
[ 1089166ms] [TABLE] [Object, Object, Object, Object, Object] @ http://localhost:5175/src/features/exam/petRw/ReadingPetRwTest.tsx?t=1785416085769:288
[ 1091166ms] [TABLE] [Object, Object, Object, Object, Object] @ http://localhost:5175/src/features/exam/petRw/ReadingPetRwTest.tsx?t=1785416085769:288
[ 1091166ms] [TABLE] [Object, Object, Object, Object, Object] @ http://localhost:5175/src/features/exam/petRw/ReadingPetRwTest.tsx?t=1785416085769:288
[ 1093166ms] [TABLE] [Object, Object, Object, Object, Object] @ http://localhost:5175/src/features/exam/petRw/ReadingPetRwTest.tsx?t=1785416085769:288
[ 1093167ms] [TABLE] [Object, Object, Object, Object, Object] @ http://localhost:5175/src/features/exam/petRw/ReadingPetRwTest.tsx?t=1785416085769:288
[ 1095158ms] [TABLE] [Object, Object, Object, Object, Object] @ http://localhost:5175/src/features/exam/petRw/ReadingPetRwTest.tsx?t=1785416085769:288
[ 1095159ms] [TABLE] [Object, Object, Object, Object, Object] @ http://localhost:5175/src/features/exam/petRw/ReadingPetRwTest.tsx?t=1785416085769:288
[ 1097159ms] [TABLE] [Object, Object, Object, Object, Object] @ http://localhost:5175/src/features/exam/petRw/ReadingPetRwTest.tsx?t=1785416085769:288
[ 1097160ms] [TABLE] [Object, Object, Object, Object, Object] @ http://localhost:5175/src/features/exam/petRw/ReadingPetRwTest.tsx?t=1785416085769:288
[ 1099169ms] [TABLE] [Object, Object, Object, Object, Object] @ http://localhost:5175/src/features/exam/petRw/ReadingPetRwTest.tsx?t=1785416085769:288
[ 1099169ms] [TABLE] [Object, Object, Object, Object, Object] @ http://localhost:5175/src/features/exam/petRw/ReadingPetRwTest.tsx?t=1785416085769:288
[ 1101162ms] [TABLE] [Object, Object, Object, Object, Object] @ http://localhost:5175/src/features/exam/petRw/ReadingPetRwTest.tsx?t=1785416085769:288
[ 1101162ms] [TABLE] [Object, Object, Object, Object, Object] @ http://localhost:5175/src/features/exam/petRw/ReadingPetRwTest.tsx?t=1785416085769:288
[ 1103165ms] [TABLE] [Object, Object, Object, Object, Object] @ http://localhost:5175/src/features/exam/petRw/ReadingPetRwTest.tsx?t=1785416085769:288
[ 1103165ms] [TABLE] [Object, Object, Object, Object, Object] @ http://localhost:5175/src/features/exam/petRw/ReadingPetRwTest.tsx?t=1785416085769:288
[ 1105164ms] [TABLE] [Object, Object, Object, Object, Object] @ http://localhost:5175/src/features/exam/petRw/ReadingPetRwTest.tsx?t=1785416085769:288
[ 1105165ms] [TABLE] [Object, Object, Object, Object, Object] @ http://localhost:5175/src/features/exam/petRw/ReadingPetRwTest.tsx?t=1785416085769:288
[ 1106341ms] [TABLE] [Object, Object, Object, Object, Object] @ http://localhost:5175/src/features/exam/petRw/ReadingPetRwTest.tsx?t=1785416085769:288
[ 1106341ms] [TABLE] [Object, Object, Object, Object, Object] @ http://localhost:5175/src/features/exam/petRw/ReadingPetRwTest.tsx?t=1785416085769:288
[ 1107345ms] [TABLE] [Object, Object, Object, Object, Object] @ http://localhost:5175/src/features/exam/petRw/ReadingPetRwTest.tsx?t=1785416085769:288
[ 1107346ms] [TABLE] [Object, Object, Object, Object, Object] @ http://localhost:5175/src/features/exam/petRw/ReadingPetRwTest.tsx?t=1785416085769:288
[ 1107822ms] [TABLE] [Object, Object, Object, Object, Object] @ http://localhost:5175/src/features/exam/petRw/ReadingPetRwTest.tsx?t=1785416085769:288
[ 1107822ms] [TABLE] [Object, Object, Object, Object, Object] @ http://localhost:5175/src/features/exam/petRw/ReadingPetRwTest.tsx?t=1785416085769:288
[ 1108349ms] [TABLE] [Object, Object, Object, Object, Object] @ http://localhost:5175/src/features/exam/petRw/ReadingPetRwTest.tsx?t=1785416085769:288
[ 1108350ms] [TABLE] [Object, Object, Object, Object, Object] @ http://localhost:5175/src/features/exam/petRw/ReadingPetRwTest.tsx?t=1785416085769:288
[ 1108511ms] [TABLE] [Object, Object, Object, Object, Object] @ http://localhost:5175/src/features/exam/petRw/ReadingPetRwTest.tsx?t=1785416085769:288
[ 1108511ms] [TABLE] [Object, Object, Object, Object, Object] @ http://localhost:5175/src/features/exam/petRw/ReadingPetRwTest.tsx?t=1785416085769:288
[ 1109356ms] [TABLE] [Object, Object, Object, Object, Object] @ http://localhost:5175/src/features/exam/petRw/ReadingPetRwTest.tsx?t=1785416085769:288
[ 1109357ms] [TABLE] [Object, Object, Object, Object, Object] @ http://localhost:5175/src/features/exam/petRw/ReadingPetRwTest.tsx?t=1785416085769:288
[ 1110360ms] [TABLE] [Object, Object, Object, Object, Object] @ http://localhost:5175/src/features/exam/petRw/ReadingPetRwTest.tsx?t=1785416085769:288
[ 1110360ms] [TABLE] [Object, Object, Object, Object, Object] @ http://localhost:5175/src/features/exam/petRw/ReadingPetRwTest.tsx?t=1785416085769:288
[ 1110589ms] [TABLE] [Object, Object, Object, Object, Object] @ http://localhost:5175/src/features/exam/petRw/ReadingPetRwTest.tsx?t=1785416085769:288
[ 1110589ms] [TABLE] [Object, Object, Object, Object, Object] @ http://localhost:5175/src/features/exam/petRw/ReadingPetRwTest.tsx?t=1785416085769:288
[ 1110679ms] [TABLE] [Object, Object, Object, Object, Object] @ http://localhost:5175/src/features/exam/petRw/ReadingPetRwTest.tsx?t=1785416085769:288
[ 1110679ms] [TABLE] [Object, Object, Object, Object, Object] @ http://localhost:5175/src/features/exam/petRw/ReadingPetRwTest.tsx?t=1785416085769:288
[ 1111364ms] [TABLE] [Object, Object, Object, Object, Object] @ http://localhost:5175/src/features/exam/petRw/ReadingPetRwTest.tsx?t=1785416085769:288
[ 1111365ms] [TABLE] [Object, Object, Object, Object, Object] @ http://localhost:5175/src/features/exam/petRw/ReadingPetRwTest.tsx?t=1785416085769:288
[ 1111972ms] [TABLE] [Object, Object, Object, Object, Object] @ http://localhost:5175/src/features/exam/petRw/ReadingPetRwTest.tsx?t=1785416085769:288
[ 1111973ms] [TABLE] [Object, Object, Object, Object, Object] @ http://localhost:5175/src/features/exam/petRw/ReadingPetRwTest.tsx?t=1785416085769:288
[ 1112368ms] [TABLE] [Object, Object, Object, Object, Object] @ http://localhost:5175/src/features/exam/petRw/ReadingPetRwTest.tsx?t=1785416085769:288
[ 1112369ms] [TABLE] [Object, Object, Object, Object, Object] @ http://localhost:5175/src/features/exam/petRw/ReadingPetRwTest.tsx?t=1785416085769:288
[ 1113384ms] [TABLE] [Object, Object, Object, Object, Object] @ http://localhost:5175/src/features/exam/petRw/ReadingPetRwTest.tsx?t=1785416085769:288
[ 1113385ms] [TABLE] [Object, Object, Object, Object, Object] @ http://localhost:5175/src/features/exam/petRw/ReadingPetRwTest.tsx?t=1785416085769:288
[ 1113388ms] [TABLE] [Object, Object, Object, Object, Object] @ http://localhost:5175/src/features/exam/petRw/ReadingPetRwTest.tsx?t=1785416085769:288
[ 1113388ms] [TABLE] [Object, Object, Object, Object, Object] @ http://localhost:5175/src/features/exam/petRw/ReadingPetRwTest.tsx?t=1785416085769:288
[ 1114197ms] [TABLE] [Object, Object, Object, Object, Object] @ http://localhost:5175/src/features/exam/petRw/ReadingPetRwTest.tsx?t=1785416085769:288
[ 1114198ms] [TABLE] [Object, Object, Object, Object, Object] @ http://localhost:5175/src/features/exam/petRw/ReadingPetRwTest.tsx?t=1785416085769:288
[ 1114388ms] [TABLE] [Object, Object, Object, Object, Object] @ http://localhost:5175/src/features/exam/petRw/ReadingPetRwTest.tsx?t=1785416085769:288
[ 1114389ms] [TABLE] [Object, Object, Object, Object, Object] @ http://localhost:5175/src/features/exam/petRw/ReadingPetRwTest.tsx?t=1785416085769:288
[ 1115392ms] [TABLE] [Object, Object, Object, Object, Object] @ http://localhost:5175/src/features/exam/petRw/ReadingPetRwTest.tsx?t=1785416085769:288
[ 1115392ms] [TABLE] [Object, Object, Object, Object, Object] @ http://localhost:5175/src/features/exam/petRw/ReadingPetRwTest.tsx?t=1785416085769:288
[ 1116407ms] [TABLE] [Object, Object, Object, Object, Object] @ http://localhost:5175/src/features/exam/petRw/ReadingPetRwTest.tsx?t=1785416085769:288
[ 1116407ms] [TABLE] [Object, Object, Object, Object, Object] @ http://localhost:5175/src/features/exam/petRw/ReadingPetRwTest.tsx?t=1785416085769:288
[ 1117060ms] [TABLE] [Object, Object, Object, Object, Object] @ http://localhost:5175/src/features/exam/petRw/ReadingPetRwTest.tsx?t=1785416085769:288
[ 1117061ms] [TABLE] [Object, Object, Object, Object, Object] @ http://localhost:5175/src/features/exam/petRw/ReadingPetRwTest.tsx?t=1785416085769:288
[ 1117229ms] [TABLE] [Object, Object, Object, Object, Object] @ http://localhost:5175/src/features/exam/petRw/ReadingPetRwTest.tsx?t=1785416085769:288
[ 1117229ms] [TABLE] [Object, Object, Object, Object, Object] @ http://localhost:5175/src/features/exam/petRw/ReadingPetRwTest.tsx?t=1785416085769:288
[ 1117412ms] [TABLE] [Object, Object, Object, Object, Object] @ http://localhost:5175/src/features/exam/petRw/ReadingPetRwTest.tsx?t=1785416085769:288
[ 1117412ms] [TABLE] [Object, Object, Object, Object, Object] @ http://localhost:5175/src/features/exam/petRw/ReadingPetRwTest.tsx?t=1785416085769:288
[ 1118417ms] [TABLE] [Object, Object, Object, Object, Object] @ http://localhost:5175/src/features/exam/petRw/ReadingPetRwTest.tsx?t=1785416085769:288
[ 1118417ms] [TABLE] [Object, Object, Object, Object, Object] @ http://localhost:5175/src/features/exam/petRw/ReadingPetRwTest.tsx?t=1785416085769:288
[ 1119431ms] [TABLE] [Object, Object, Object, Object, Object] @ http://localhost:5175/src/features/exam/petRw/ReadingPetRwTest.tsx?t=1785416085769:288
[ 1119431ms] [TABLE] [Object, Object, Object, Object, Object] @ http://localhost:5175/src/features/exam/petRw/ReadingPetRwTest.tsx?t=1785416085769:288
[ 1120443ms] [TABLE] [Object, Object, Object, Object, Object] @ http://localhost:5175/src/features/exam/petRw/ReadingPetRwTest.tsx?t=1785416085769:288
[ 1120444ms] [TABLE] [Object, Object, Object, Object, Object] @ http://localhost:5175/src/features/exam/petRw/ReadingPetRwTest.tsx?t=1785416085769:288
[ 1120524ms] [TABLE] [Object, Object, Object, Object, Object] @ http://localhost:5175/src/features/exam/petRw/ReadingPetRwTest.tsx?t=1785416085769:288
[ 1120524ms] [TABLE] [Object, Object, Object, Object, Object] @ http://localhost:5175/src/features/exam/petRw/ReadingPetRwTest.tsx?t=1785416085769:288
[ 1120529ms] [TABLE] [Object, Object, Object, Object, Object] @ http://localhost:5175/src/features/exam/petRw/ReadingPetRwTest.tsx?t=1785416085769:288
[ 1120529ms] [TABLE] [Object, Object, Object, Object, Object] @ http://localhost:5175/src/features/exam/petRw/ReadingPetRwTest.tsx?t=1785416085769:288
[ 1121187ms] [TABLE] [Object, Object, Object, Object, Object] @ http://localhost:5175/src/features/exam/petRw/ReadingPetRwTest.tsx?t=1785416085769:288
[ 1121187ms] [TABLE] [Object, Object, Object, Object, Object] @ http://localhost:5175/src/features/exam/petRw/ReadingPetRwTest.tsx?t=1785416085769:288
[ 1121198ms] [TABLE] [Object, Object, Object, Object, Object] @ http://localhost:5175/src/features/exam/petRw/ReadingPetRwTest.tsx?t=1785416085769:288
[ 1121198ms] [TABLE] [Object, Object, Object, Object, Object] @ http://localhost:5175/src/features/exam/petRw/ReadingPetRwTest.tsx?t=1785416085769:288
[ 1121447ms] [TABLE] [Object, Object, Object, Object, Object] @ http://localhost:5175/src/features/exam/petRw/ReadingPetRwTest.tsx?t=1785416085769:288
[ 1121448ms] [TABLE] [Object, Object, Object, Object, Object] @ http://localhost:5175/src/features/exam/petRw/ReadingPetRwTest.tsx?t=1785416085769:288
[ 1121538ms] [TABLE] [Object, Object, Object, Object, Object] @ http://localhost:5175/src/features/exam/petRw/ReadingPetRwTest.tsx?t=1785416085769:288
[ 1121539ms] [TABLE] [Object, Object, Object, Object, Object] @ http://localhost:5175/src/features/exam/petRw/ReadingPetRwTest.tsx?t=1785416085769:288
[ 1121548ms] [TABLE] [Object, Object, Object, Object, Object] @ http://localhost:5175/src/features/exam/petRw/ReadingPetRwTest.tsx?t=1785416085769:288
[ 1121548ms] [TABLE] [Object, Object, Object, Object, Object] @ http://localhost:5175/src/features/exam/petRw/ReadingPetRwTest.tsx?t=1785416085769:288
[ 1122455ms] [TABLE] [Object, Object, Object, Object, Object] @ http://localhost:5175/src/features/exam/petRw/ReadingPetRwTest.tsx?t=1785416085769:288
[ 1122455ms] [TABLE] [Object, Object, Object, Object, Object] @ http://localhost:5175/src/features/exam/petRw/ReadingPetRwTest.tsx?t=1785416085769:288
[ 1123465ms] [TABLE] [Object, Object, Object, Object, Object] @ http://localhost:5175/src/features/exam/petRw/ReadingPetRwTest.tsx?t=1785416085769:288
[ 1123465ms] [TABLE] [Object, Object, Object, Object, Object] @ http://localhost:5175/src/features/exam/petRw/ReadingPetRwTest.tsx?t=1785416085769:288
[ 1124476ms] [TABLE] [Object, Object, Object, Object, Object] @ http://localhost:5175/src/features/exam/petRw/ReadingPetRwTest.tsx?t=1785416085769:288
[ 1124476ms] [TABLE] [Object, Object, Object, Object, Object] @ http://localhost:5175/src/features/exam/petRw/ReadingPetRwTest.tsx?t=1785416085769:288
[ 1125480ms] [TABLE] [Object, Object, Object, Object, Object] @ http://localhost:5175/src/features/exam/petRw/ReadingPetRwTest.tsx?t=1785416085769:288
[ 1125481ms] [TABLE] [Object, Object, Object, Object, Object] @ http://localhost:5175/src/features/exam/petRw/ReadingPetRwTest.tsx?t=1785416085769:288
[ 1126156ms] [TABLE] [Object, Object, Object, Object, Object] @ http://localhost:5175/src/features/exam/petRw/ReadingPetRwTest.tsx?t=1785416085769:288
[ 1126156ms] [TABLE] [Object, Object, Object, Object, Object] @ http://localhost:5175/src/features/exam/petRw/ReadingPetRwTest.tsx?t=1785416085769:288
[ 1126164ms] [TABLE] [Object, Object, Object, Object, Object] @ http://localhost:5175/src/features/exam/petRw/ReadingPetRwTest.tsx?t=1785416085769:288
[ 1126164ms] [TABLE] [Object, Object, Object, Object, Object] @ http://localhost:5175/src/features/exam/petRw/ReadingPetRwTest.tsx?t=1785416085769:288
[ 1126484ms] [TABLE] [Object, Object, Object, Object, Object] @ http://localhost:5175/src/features/exam/petRw/ReadingPetRwTest.tsx?t=1785416085769:288
[ 1126484ms] [TABLE] [Object, Object, Object, Object, Object] @ http://localhost:5175/src/features/exam/petRw/ReadingPetRwTest.tsx?t=1785416085769:288
[ 1127491ms] [TABLE] [Object, Object, Object, Object, Object] @ http://localhost:5175/src/features/exam/petRw/ReadingPetRwTest.tsx?t=1785416085769:288
[ 1127492ms] [TABLE] [Object, Object, Object, Object, Object] @ http://localhost:5175/src/features/exam/petRw/ReadingPetRwTest.tsx?t=1785416085769:288
[ 1127732ms] [TABLE] [Object, Object, Object, Object, Object, Object] @ http://localhost:5175/src/features/exam/petRw/ReadingPetRwTest.tsx?t=1785416085769:288
[ 1127732ms] [TABLE] [Object, Object, Object, Object, Object, Object] @ http://localhost:5175/src/features/exam/petRw/ReadingPetRwTest.tsx?t=1785416085769:288
[ 1127738ms] [TABLE] [Object, Object, Object, Object, Object, Object] @ http://localhost:5175/src/features/exam/petRw/ReadingPetRwTest.tsx?t=1785416085769:288
[ 1127738ms] [TABLE] [Object, Object, Object, Object, Object, Object] @ http://localhost:5175/src/features/exam/petRw/ReadingPetRwTest.tsx?t=1785416085769:288
[ 1128495ms] [TABLE] [Object, Object, Object, Object, Object, Object] @ http://localhost:5175/src/features/exam/petRw/ReadingPetRwTest.tsx?t=1785416085769:288
[ 1128495ms] [TABLE] [Object, Object, Object, Object, Object, Object] @ http://localhost:5175/src/features/exam/petRw/ReadingPetRwTest.tsx?t=1785416085769:288
[ 1128955ms] [TABLE] [Object, Object, Object, Object, Object, Object] @ http://localhost:5175/src/features/exam/petRw/ReadingPetRwTest.tsx?t=1785416085769:288
[ 1128955ms] [TABLE] [Object, Object, Object, Object, Object, Object] @ http://localhost:5175/src/features/exam/petRw/ReadingPetRwTest.tsx?t=1785416085769:288
[ 1128960ms] [TABLE] [Object, Object, Object, Object, Object, Object] @ http://localhost:5175/src/features/exam/petRw/ReadingPetRwTest.tsx?t=1785416085769:288
[ 1128960ms] [TABLE] [Object, Object, Object, Object, Object, Object] @ http://localhost:5175/src/features/exam/petRw/ReadingPetRwTest.tsx?t=1785416085769:288
[ 1129499ms] [TABLE] [Object, Object, Object, Object, Object, Object] @ http://localhost:5175/src/features/exam/petRw/ReadingPetRwTest.tsx?t=1785416085769:288
[ 1129499ms] [TABLE] [Object, Object, Object, Object, Object, Object] @ http://localhost:5175/src/features/exam/petRw/ReadingPetRwTest.tsx?t=1785416085769:288
[ 1130502ms] [TABLE] [Object, Object, Object, Object, Object, Object] @ http://localhost:5175/src/features/exam/petRw/ReadingPetRwTest.tsx?t=1785416085769:288
[ 1130502ms] [TABLE] [Object, Object, Object, Object, Object, Object] @ http://localhost:5175/src/features/exam/petRw/ReadingPetRwTest.tsx?t=1785416085769:288
[ 1132165ms] [TABLE] [Object, Object, Object, Object, Object, Object] @ http://localhost:5175/src/features/exam/petRw/ReadingPetRwTest.tsx?t=1785416085769:288
[ 1132166ms] [TABLE] [Object, Object, Object, Object, Object, Object] @ http://localhost:5175/src/features/exam/petRw/ReadingPetRwTest.tsx?t=1785416085769:288
[ 1134160ms] [TABLE] [Object, Object, Object, Object, Object, Object] @ http://localhost:5175/src/features/exam/petRw/ReadingPetRwTest.tsx?t=1785416085769:288
[ 1134160ms] [TABLE] [Object, Object, Object, Object, Object, Object] @ http://localhost:5175/src/features/exam/petRw/ReadingPetRwTest.tsx?t=1785416085769:288
[ 1136166ms] [TABLE] [Object, Object, Object, Object, Object, Object] @ http://localhost:5175/src/features/exam/petRw/ReadingPetRwTest.tsx?t=1785416085769:288
[ 1136166ms] [TABLE] [Object, Object, Object, Object, Object, Object] @ http://localhost:5175/src/features/exam/petRw/ReadingPetRwTest.tsx?t=1785416085769:288
[ 1138156ms] [TABLE] [Object, Object, Object, Object, Object, Object] @ http://localhost:5175/src/features/exam/petRw/ReadingPetRwTest.tsx?t=1785416085769:288
[ 1138157ms] [TABLE] [Object, Object, Object, Object, Object, Object] @ http://localhost:5175/src/features/exam/petRw/ReadingPetRwTest.tsx?t=1785416085769:288
[ 1140164ms] [TABLE] [Object, Object, Object, Object, Object, Object] @ http://localhost:5175/src/features/exam/petRw/ReadingPetRwTest.tsx?t=1785416085769:288
[ 1140164ms] [TABLE] [Object, Object, Object, Object, Object, Object] @ http://localhost:5175/src/features/exam/petRw/ReadingPetRwTest.tsx?t=1785416085769:288
[ 1142158ms] [TABLE] [Object, Object, Object, Object, Object, Object] @ http://localhost:5175/src/features/exam/petRw/ReadingPetRwTest.tsx?t=1785416085769:288
[ 1142158ms] [TABLE] [Object, Object, Object, Object, Object, Object] @ http://localhost:5175/src/features/exam/petRw/ReadingPetRwTest.tsx?t=1785416085769:288
[ 1144162ms] [TABLE] [Object, Object, Object, Object, Object, Object] @ http://localhost:5175/src/features/exam/petRw/ReadingPetRwTest.tsx?t=1785416085769:288
[ 1144162ms] [TABLE] [Object, Object, Object, Object, Object, Object] @ http://localhost:5175/src/features/exam/petRw/ReadingPetRwTest.tsx?t=1785416085769:288
[ 1146162ms] [TABLE] [Object, Object, Object, Object, Object, Object] @ http://localhost:5175/src/features/exam/petRw/ReadingPetRwTest.tsx?t=1785416085769:288
[ 1146163ms] [TABLE] [Object, Object, Object, Object, Object, Object] @ http://localhost:5175/src/features/exam/petRw/ReadingPetRwTest.tsx?t=1785416085769:288
[ 1148161ms] [TABLE] [Object, Object, Object, Object, Object, Object] @ http://localhost:5175/src/features/exam/petRw/ReadingPetRwTest.tsx?t=1785416085769:288
[ 1148162ms] [TABLE] [Object, Object, Object, Object, Object, Object] @ http://localhost:5175/src/features/exam/petRw/ReadingPetRwTest.tsx?t=1785416085769:288
[ 1150156ms] [TABLE] [Object, Object, Object, Object, Object, Object] @ http://localhost:5175/src/features/exam/petRw/ReadingPetRwTest.tsx?t=1785416085769:288
[ 1150156ms] [TABLE] [Object, Object, Object, Object, Object, Object] @ http://localhost:5175/src/features/exam/petRw/ReadingPetRwTest.tsx?t=1785416085769:288
[ 1152168ms] [TABLE] [Object, Object, Object, Object, Object, Object] @ http://localhost:5175/src/features/exam/petRw/ReadingPetRwTest.tsx?t=1785416085769:288
[ 1152168ms] [TABLE] [Object, Object, Object, Object, Object, Object] @ http://localhost:5175/src/features/exam/petRw/ReadingPetRwTest.tsx?t=1785416085769:288
[ 1154158ms] [TABLE] [Object, Object, Object, Object, Object, Object] @ http://localhost:5175/src/features/exam/petRw/ReadingPetRwTest.tsx?t=1785416085769:288
[ 1154158ms] [TABLE] [Object, Object, Object, Object, Object, Object] @ http://localhost:5175/src/features/exam/petRw/ReadingPetRwTest.tsx?t=1785416085769:288
[ 1156170ms] [TABLE] [Object, Object, Object, Object, Object, Object] @ http://localhost:5175/src/features/exam/petRw/ReadingPetRwTest.tsx?t=1785416085769:288
[ 1156171ms] [TABLE] [Object, Object, Object, Object, Object, Object] @ http://localhost:5175/src/features/exam/petRw/ReadingPetRwTest.tsx?t=1785416085769:288
[ 1158165ms] [TABLE] [Object, Object, Object, Object, Object, Object] @ http://localhost:5175/src/features/exam/petRw/ReadingPetRwTest.tsx?t=1785416085769:288
[ 1158165ms] [TABLE] [Object, Object, Object, Object, Object, Object] @ http://localhost:5175/src/features/exam/petRw/ReadingPetRwTest.tsx?t=1785416085769:288
[ 1160157ms] [TABLE] [Object, Object, Object, Object, Object, Object] @ http://localhost:5175/src/features/exam/petRw/ReadingPetRwTest.tsx?t=1785416085769:288
[ 1160157ms] [TABLE] [Object, Object, Object, Object, Object, Object] @ http://localhost:5175/src/features/exam/petRw/ReadingPetRwTest.tsx?t=1785416085769:288
[ 1162164ms] [TABLE] [Object, Object, Object, Object, Object, Object] @ http://localhost:5175/src/features/exam/petRw/ReadingPetRwTest.tsx?t=1785416085769:288
[ 1162164ms] [TABLE] [Object, Object, Object, Object, Object, Object] @ http://localhost:5175/src/features/exam/petRw/ReadingPetRwTest.tsx?t=1785416085769:288
[ 1164155ms] [TABLE] [Object, Object, Object, Object, Object, Object] @ http://localhost:5175/src/features/exam/petRw/ReadingPetRwTest.tsx?t=1785416085769:288
[ 1164155ms] [TABLE] [Object, Object, Object, Object, Object, Object] @ http://localhost:5175/src/features/exam/petRw/ReadingPetRwTest.tsx?t=1785416085769:288
[ 1166165ms] [TABLE] [Object, Object, Object, Object, Object, Object] @ http://localhost:5175/src/features/exam/petRw/ReadingPetRwTest.tsx?t=1785416085769:288
[ 1166166ms] [TABLE] [Object, Object, Object, Object, Object, Object] @ http://localhost:5175/src/features/exam/petRw/ReadingPetRwTest.tsx?t=1785416085769:288
[ 1168155ms] [TABLE] [Object, Object, Object, Object, Object, Object] @ http://localhost:5175/src/features/exam/petRw/ReadingPetRwTest.tsx?t=1785416085769:288
[ 1168155ms] [TABLE] [Object, Object, Object, Object, Object, Object] @ http://localhost:5175/src/features/exam/petRw/ReadingPetRwTest.tsx?t=1785416085769:288
[ 1170155ms] [TABLE] [Object, Object, Object, Object, Object, Object] @ http://localhost:5175/src/features/exam/petRw/ReadingPetRwTest.tsx?t=1785416085769:288
[ 1170156ms] [TABLE] [Object, Object, Object, Object, Object, Object] @ http://localhost:5175/src/features/exam/petRw/ReadingPetRwTest.tsx?t=1785416085769:288
[ 1172164ms] [TABLE] [Object, Object, Object, Object, Object, Object] @ http://localhost:5175/src/features/exam/petRw/ReadingPetRwTest.tsx?t=1785416085769:288
[ 1172164ms] [TABLE] [Object, Object, Object, Object, Object, Object] @ http://localhost:5175/src/features/exam/petRw/ReadingPetRwTest.tsx?t=1785416085769:288
[ 1174155ms] [TABLE] [Object, Object, Object, Object, Object, Object] @ http://localhost:5175/src/features/exam/petRw/ReadingPetRwTest.tsx?t=1785416085769:288
[ 1174155ms] [TABLE] [Object, Object, Object, Object, Object, Object] @ http://localhost:5175/src/features/exam/petRw/ReadingPetRwTest.tsx?t=1785416085769:288
[ 1176168ms] [TABLE] [Object, Object, Object, Object, Object, Object] @ http://localhost:5175/src/features/exam/petRw/ReadingPetRwTest.tsx?t=1785416085769:288
[ 1176168ms] [TABLE] [Object, Object, Object, Object, Object, Object] @ http://localhost:5175/src/features/exam/petRw/ReadingPetRwTest.tsx?t=1785416085769:288
[ 1178162ms] [TABLE] [Object, Object, Object, Object, Object, Object] @ http://localhost:5175/src/features/exam/petRw/ReadingPetRwTest.tsx?t=1785416085769:288
[ 1178163ms] [TABLE] [Object, Object, Object, Object, Object, Object] @ http://localhost:5175/src/features/exam/petRw/ReadingPetRwTest.tsx?t=1785416085769:288
[ 1180170ms] [TABLE] [Object, Object, Object, Object, Object, Object] @ http://localhost:5175/src/features/exam/petRw/ReadingPetRwTest.tsx?t=1785416085769:288
[ 1180170ms] [TABLE] [Object, Object, Object, Object, Object, Object] @ http://localhost:5175/src/features/exam/petRw/ReadingPetRwTest.tsx?t=1785416085769:288
[ 1182168ms] [TABLE] [Object, Object, Object, Object, Object, Object] @ http://localhost:5175/src/features/exam/petRw/ReadingPetRwTest.tsx?t=1785416085769:288
[ 1182168ms] [TABLE] [Object, Object, Object, Object, Object, Object] @ http://localhost:5175/src/features/exam/petRw/ReadingPetRwTest.tsx?t=1785416085769:288
[ 1184158ms] [TABLE] [Object, Object, Object, Object, Object, Object] @ http://localhost:5175/src/features/exam/petRw/ReadingPetRwTest.tsx?t=1785416085769:288
[ 1184158ms] [TABLE] [Object, Object, Object, Object, Object, Object] @ http://localhost:5175/src/features/exam/petRw/ReadingPetRwTest.tsx?t=1785416085769:288
[ 1186165ms] [TABLE] [Object, Object, Object, Object, Object, Object] @ http://localhost:5175/src/features/exam/petRw/ReadingPetRwTest.tsx?t=1785416085769:288
[ 1186166ms] [TABLE] [Object, Object, Object, Object, Object, Object] @ http://localhost:5175/src/features/exam/petRw/ReadingPetRwTest.tsx?t=1785416085769:288
[ 1188168ms] [TABLE] [Object, Object, Object, Object, Object, Object] @ http://localhost:5175/src/features/exam/petRw/ReadingPetRwTest.tsx?t=1785416085769:288
[ 1188168ms] [TABLE] [Object, Object, Object, Object, Object, Object] @ http://localhost:5175/src/features/exam/petRw/ReadingPetRwTest.tsx?t=1785416085769:288
[ 1190167ms] [TABLE] [Object, Object, Object, Object, Object, Object] @ http://localhost:5175/src/features/exam/petRw/ReadingPetRwTest.tsx?t=1785416085769:288
[ 1190168ms] [TABLE] [Object, Object, Object, Object, Object, Object] @ http://localhost:5175/src/features/exam/petRw/ReadingPetRwTest.tsx?t=1785416085769:288
[ 1192160ms] [TABLE] [Object, Object, Object, Object, Object, Object] @ http://localhost:5175/src/features/exam/petRw/ReadingPetRwTest.tsx?t=1785416085769:288
[ 1192160ms] [TABLE] [Object, Object, Object, Object, Object, Object] @ http://localhost:5175/src/features/exam/petRw/ReadingPetRwTest.tsx?t=1785416085769:288
[ 1194168ms] [TABLE] [Object, Object, Object, Object, Object, Object] @ http://localhost:5175/src/features/exam/petRw/ReadingPetRwTest.tsx?t=1785416085769:288
[ 1194169ms] [TABLE] [Object, Object, Object, Object, Object, Object] @ http://localhost:5175/src/features/exam/petRw/ReadingPetRwTest.tsx?t=1785416085769:288
[ 1196162ms] [TABLE] [Object, Object, Object, Object, Object, Object] @ http://localhost:5175/src/features/exam/petRw/ReadingPetRwTest.tsx?t=1785416085769:288
[ 1196162ms] [TABLE] [Object, Object, Object, Object, Object, Object] @ http://localhost:5175/src/features/exam/petRw/ReadingPetRwTest.tsx?t=1785416085769:288
[ 1198160ms] [TABLE] [Object, Object, Object, Object, Object, Object] @ http://localhost:5175/src/features/exam/petRw/ReadingPetRwTest.tsx?t=1785416085769:288
[ 1198161ms] [TABLE] [Object, Object, Object, Object, Object, Object] @ http://localhost:5175/src/features/exam/petRw/ReadingPetRwTest.tsx?t=1785416085769:288
[ 1200162ms] [TABLE] [Object, Object, Object, Object, Object, Object] @ http://localhost:5175/src/features/exam/petRw/ReadingPetRwTest.tsx?t=1785416085769:288
[ 1200162ms] [TABLE] [Object, Object, Object, Object, Object, Object] @ http://localhost:5175/src/features/exam/petRw/ReadingPetRwTest.tsx?t=1785416085769:288
[ 1202156ms] [TABLE] [Object, Object, Object, Object, Object, Object] @ http://localhost:5175/src/features/exam/petRw/ReadingPetRwTest.tsx?t=1785416085769:288
[ 1202157ms] [TABLE] [Object, Object, Object, Object, Object, Object] @ http://localhost:5175/src/features/exam/petRw/ReadingPetRwTest.tsx?t=1785416085769:288
[ 1204156ms] [TABLE] [Object, Object, Object, Object, Object, Object] @ http://localhost:5175/src/features/exam/petRw/ReadingPetRwTest.tsx?t=1785416085769:288
[ 1204156ms] [TABLE] [Object, Object, Object, Object, Object, Object] @ http://localhost:5175/src/features/exam/petRw/ReadingPetRwTest.tsx?t=1785416085769:288
[ 1206167ms] [TABLE] [Object, Object, Object, Object, Object, Object] @ http://localhost:5175/src/features/exam/petRw/ReadingPetRwTest.tsx?t=1785416085769:288
[ 1206167ms] [TABLE] [Object, Object, Object, Object, Object, Object] @ http://localhost:5175/src/features/exam/petRw/ReadingPetRwTest.tsx?t=1785416085769:288
[ 1208159ms] [TABLE] [Object, Object, Object, Object, Object, Object] @ http://localhost:5175/src/features/exam/petRw/ReadingPetRwTest.tsx?t=1785416085769:288
[ 1208160ms] [TABLE] [Object, Object, Object, Object, Object, Object] @ http://localhost:5175/src/features/exam/petRw/ReadingPetRwTest.tsx?t=1785416085769:288
[ 1210164ms] [TABLE] [Object, Object, Object, Object, Object, Object] @ http://localhost:5175/src/features/exam/petRw/ReadingPetRwTest.tsx?t=1785416085769:288
[ 1210164ms] [TABLE] [Object, Object, Object, Object, Object, Object] @ http://localhost:5175/src/features/exam/petRw/ReadingPetRwTest.tsx?t=1785416085769:288
[ 1212167ms] [TABLE] [Object, Object, Object, Object, Object, Object] @ http://localhost:5175/src/features/exam/petRw/ReadingPetRwTest.tsx?t=1785416085769:288
[ 1212168ms] [TABLE] [Object, Object, Object, Object, Object, Object] @ http://localhost:5175/src/features/exam/petRw/ReadingPetRwTest.tsx?t=1785416085769:288
[ 1214167ms] [TABLE] [Object, Object, Object, Object, Object, Object] @ http://localhost:5175/src/features/exam/petRw/ReadingPetRwTest.tsx?t=1785416085769:288
[ 1214168ms] [TABLE] [Object, Object, Object, Object, Object, Object] @ http://localhost:5175/src/features/exam/petRw/ReadingPetRwTest.tsx?t=1785416085769:288
[ 1216166ms] [TABLE] [Object, Object, Object, Object, Object, Object] @ http://localhost:5175/src/features/exam/petRw/ReadingPetRwTest.tsx?t=1785416085769:288
[ 1216167ms] [TABLE] [Object, Object, Object, Object, Object, Object] @ http://localhost:5175/src/features/exam/petRw/ReadingPetRwTest.tsx?t=1785416085769:288
[ 1218162ms] [TABLE] [Object, Object, Object, Object, Object, Object] @ http://localhost:5175/src/features/exam/petRw/ReadingPetRwTest.tsx?t=1785416085769:288
[ 1218163ms] [TABLE] [Object, Object, Object, Object, Object, Object] @ http://localhost:5175/src/features/exam/petRw/ReadingPetRwTest.tsx?t=1785416085769:288
[ 1220161ms] [TABLE] [Object, Object, Object, Object, Object, Object] @ http://localhost:5175/src/features/exam/petRw/ReadingPetRwTest.tsx?t=1785416085769:288
[ 1220162ms] [TABLE] [Object, Object, Object, Object, Object, Object] @ http://localhost:5175/src/features/exam/petRw/ReadingPetRwTest.tsx?t=1785416085769:288
[ 1222162ms] [TABLE] [Object, Object, Object, Object, Object, Object] @ http://localhost:5175/src/features/exam/petRw/ReadingPetRwTest.tsx?t=1785416085769:288
[ 1222162ms] [TABLE] [Object, Object, Object, Object, Object, Object] @ http://localhost:5175/src/features/exam/petRw/ReadingPetRwTest.tsx?t=1785416085769:288
[ 1224168ms] [TABLE] [Object, Object, Object, Object, Object, Object] @ http://localhost:5175/src/features/exam/petRw/ReadingPetRwTest.tsx?t=1785416085769:288
[ 1224169ms] [TABLE] [Object, Object, Object, Object, Object, Object] @ http://localhost:5175/src/features/exam/petRw/ReadingPetRwTest.tsx?t=1785416085769:288
[ 1226164ms] [TABLE] [Object, Object, Object, Object, Object, Object] @ http://localhost:5175/src/features/exam/petRw/ReadingPetRwTest.tsx?t=1785416085769:288
[ 1226164ms] [TABLE] [Object, Object, Object, Object, Object, Object] @ http://localhost:5175/src/features/exam/petRw/ReadingPetRwTest.tsx?t=1785416085769:288
[ 1228159ms] [TABLE] [Object, Object, Object, Object, Object, Object] @ http://localhost:5175/src/features/exam/petRw/ReadingPetRwTest.tsx?t=1785416085769:288
[ 1228160ms] [TABLE] [Object, Object, Object, Object, Object, Object] @ http://localhost:5175/src/features/exam/petRw/ReadingPetRwTest.tsx?t=1785416085769:288
[ 1230156ms] [TABLE] [Object, Object, Object, Object, Object, Object] @ http://localhost:5175/src/features/exam/petRw/ReadingPetRwTest.tsx?t=1785416085769:288
[ 1230157ms] [TABLE] [Object, Object, Object, Object, Object, Object] @ http://localhost:5175/src/features/exam/petRw/ReadingPetRwTest.tsx?t=1785416085769:288
[ 1232162ms] [TABLE] [Object, Object, Object, Object, Object, Object] @ http://localhost:5175/src/features/exam/petRw/ReadingPetRwTest.tsx?t=1785416085769:288
[ 1232162ms] [TABLE] [Object, Object, Object, Object, Object, Object] @ http://localhost:5175/src/features/exam/petRw/ReadingPetRwTest.tsx?t=1785416085769:288
[ 1234161ms] [TABLE] [Object, Object, Object, Object, Object, Object] @ http://localhost:5175/src/features/exam/petRw/ReadingPetRwTest.tsx?t=1785416085769:288
[ 1234161ms] [TABLE] [Object, Object, Object, Object, Object, Object] @ http://localhost:5175/src/features/exam/petRw/ReadingPetRwTest.tsx?t=1785416085769:288
[ 1236164ms] [TABLE] [Object, Object, Object, Object, Object, Object] @ http://localhost:5175/src/features/exam/petRw/ReadingPetRwTest.tsx?t=1785416085769:288
[ 1236165ms] [TABLE] [Object, Object, Object, Object, Object, Object] @ http://localhost:5175/src/features/exam/petRw/ReadingPetRwTest.tsx?t=1785416085769:288
[ 1238160ms] [TABLE] [Object, Object, Object, Object, Object, Object] @ http://localhost:5175/src/features/exam/petRw/ReadingPetRwTest.tsx?t=1785416085769:288
[ 1238160ms] [TABLE] [Object, Object, Object, Object, Object, Object] @ http://localhost:5175/src/features/exam/petRw/ReadingPetRwTest.tsx?t=1785416085769:288
[ 1240155ms] [TABLE] [Object, Object, Object, Object, Object, Object] @ http://localhost:5175/src/features/exam/petRw/ReadingPetRwTest.tsx?t=1785416085769:288
[ 1240156ms] [TABLE] [Object, Object, Object, Object, Object, Object] @ http://localhost:5175/src/features/exam/petRw/ReadingPetRwTest.tsx?t=1785416085769:288
[ 1242164ms] [TABLE] [Object, Object, Object, Object, Object, Object] @ http://localhost:5175/src/features/exam/petRw/ReadingPetRwTest.tsx?t=1785416085769:288
[ 1242165ms] [TABLE] [Object, Object, Object, Object, Object, Object] @ http://localhost:5175/src/features/exam/petRw/ReadingPetRwTest.tsx?t=1785416085769:288
[ 1244157ms] [TABLE] [Object, Object, Object, Object, Object, Object] @ http://localhost:5175/src/features/exam/petRw/ReadingPetRwTest.tsx?t=1785416085769:288
[ 1244158ms] [TABLE] [Object, Object, Object, Object, Object, Object] @ http://localhost:5175/src/features/exam/petRw/ReadingPetRwTest.tsx?t=1785416085769:288
[ 1246162ms] [TABLE] [Object, Object, Object, Object, Object, Object] @ http://localhost:5175/src/features/exam/petRw/ReadingPetRwTest.tsx?t=1785416085769:288
[ 1246162ms] [TABLE] [Object, Object, Object, Object, Object, Object] @ http://localhost:5175/src/features/exam/petRw/ReadingPetRwTest.tsx?t=1785416085769:288
[ 1248156ms] [TABLE] [Object, Object, Object, Object, Object, Object] @ http://localhost:5175/src/features/exam/petRw/ReadingPetRwTest.tsx?t=1785416085769:288
[ 1248157ms] [TABLE] [Object, Object, Object, Object, Object, Object] @ http://localhost:5175/src/features/exam/petRw/ReadingPetRwTest.tsx?t=1785416085769:288
[ 1250168ms] [TABLE] [Object, Object, Object, Object, Object, Object] @ http://localhost:5175/src/features/exam/petRw/ReadingPetRwTest.tsx?t=1785416085769:288
[ 1250169ms] [TABLE] [Object, Object, Object, Object, Object, Object] @ http://localhost:5175/src/features/exam/petRw/ReadingPetRwTest.tsx?t=1785416085769:288
[ 1252165ms] [TABLE] [Object, Object, Object, Object, Object, Object] @ http://localhost:5175/src/features/exam/petRw/ReadingPetRwTest.tsx?t=1785416085769:288
[ 1252165ms] [TABLE] [Object, Object, Object, Object, Object, Object] @ http://localhost:5175/src/features/exam/petRw/ReadingPetRwTest.tsx?t=1785416085769:288
[ 1254161ms] [TABLE] [Object, Object, Object, Object, Object, Object] @ http://localhost:5175/src/features/exam/petRw/ReadingPetRwTest.tsx?t=1785416085769:288
[ 1254161ms] [TABLE] [Object, Object, Object, Object, Object, Object] @ http://localhost:5175/src/features/exam/petRw/ReadingPetRwTest.tsx?t=1785416085769:288
[ 1256170ms] [TABLE] [Object, Object, Object, Object, Object, Object] @ http://localhost:5175/src/features/exam/petRw/ReadingPetRwTest.tsx?t=1785416085769:288
[ 1256171ms] [TABLE] [Object, Object, Object, Object, Object, Object] @ http://localhost:5175/src/features/exam/petRw/ReadingPetRwTest.tsx?t=1785416085769:288
[ 1258164ms] [TABLE] [Object, Object, Object, Object, Object, Object] @ http://localhost:5175/src/features/exam/petRw/ReadingPetRwTest.tsx?t=1785416085769:288
[ 1258164ms] [TABLE] [Object, Object, Object, Object, Object, Object] @ http://localhost:5175/src/features/exam/petRw/ReadingPetRwTest.tsx?t=1785416085769:288
[ 1260165ms] [TABLE] [Object, Object, Object, Object, Object, Object] @ http://localhost:5175/src/features/exam/petRw/ReadingPetRwTest.tsx?t=1785416085769:288
[ 1260165ms] [TABLE] [Object, Object, Object, Object, Object, Object] @ http://localhost:5175/src/features/exam/petRw/ReadingPetRwTest.tsx?t=1785416085769:288
[ 1262164ms] [TABLE] [Object, Object, Object, Object, Object, Object] @ http://localhost:5175/src/features/exam/petRw/ReadingPetRwTest.tsx?t=1785416085769:288
[ 1262164ms] [TABLE] [Object, Object, Object, Object, Object, Object] @ http://localhost:5175/src/features/exam/petRw/ReadingPetRwTest.tsx?t=1785416085769:288
[ 1264169ms] [TABLE] [Object, Object, Object, Object, Object, Object] @ http://localhost:5175/src/features/exam/petRw/ReadingPetRwTest.tsx?t=1785416085769:288
[ 1264169ms] [TABLE] [Object, Object, Object, Object, Object, Object] @ http://localhost:5175/src/features/exam/petRw/ReadingPetRwTest.tsx?t=1785416085769:288
[ 1266162ms] [TABLE] [Object, Object, Object, Object, Object, Object] @ http://localhost:5175/src/features/exam/petRw/ReadingPetRwTest.tsx?t=1785416085769:288
[ 1266162ms] [TABLE] [Object, Object, Object, Object, Object, Object] @ http://localhost:5175/src/features/exam/petRw/ReadingPetRwTest.tsx?t=1785416085769:288
[ 1268160ms] [TABLE] [Object, Object, Object, Object, Object, Object] @ http://localhost:5175/src/features/exam/petRw/ReadingPetRwTest.tsx?t=1785416085769:288
[ 1268161ms] [TABLE] [Object, Object, Object, Object, Object, Object] @ http://localhost:5175/src/features/exam/petRw/ReadingPetRwTest.tsx?t=1785416085769:288
[ 1270169ms] [TABLE] [Object, Object, Object, Object, Object, Object] @ http://localhost:5175/src/features/exam/petRw/ReadingPetRwTest.tsx?t=1785416085769:288
[ 1270169ms] [TABLE] [Object, Object, Object, Object, Object, Object] @ http://localhost:5175/src/features/exam/petRw/ReadingPetRwTest.tsx?t=1785416085769:288
[ 1272169ms] [TABLE] [Object, Object, Object, Object, Object, Object] @ http://localhost:5175/src/features/exam/petRw/ReadingPetRwTest.tsx?t=1785416085769:288
[ 1272170ms] [TABLE] [Object, Object, Object, Object, Object, Object] @ http://localhost:5175/src/features/exam/petRw/ReadingPetRwTest.tsx?t=1785416085769:288
[ 1274163ms] [TABLE] [Object, Object, Object, Object, Object, Object] @ http://localhost:5175/src/features/exam/petRw/ReadingPetRwTest.tsx?t=1785416085769:288
[ 1274163ms] [TABLE] [Object, Object, Object, Object, Object, Object] @ http://localhost:5175/src/features/exam/petRw/ReadingPetRwTest.tsx?t=1785416085769:288
[ 1276158ms] [TABLE] [Object, Object, Object, Object, Object, Object] @ http://localhost:5175/src/features/exam/petRw/ReadingPetRwTest.tsx?t=1785416085769:288
[ 1276158ms] [TABLE] [Object, Object, Object, Object, Object, Object] @ http://localhost:5175/src/features/exam/petRw/ReadingPetRwTest.tsx?t=1785416085769:288
[ 1278164ms] [TABLE] [Object, Object, Object, Object, Object, Object] @ http://localhost:5175/src/features/exam/petRw/ReadingPetRwTest.tsx?t=1785416085769:288
[ 1278165ms] [TABLE] [Object, Object, Object, Object, Object, Object] @ http://localhost:5175/src/features/exam/petRw/ReadingPetRwTest.tsx?t=1785416085769:288
[ 1280160ms] [TABLE] [Object, Object, Object, Object, Object, Object] @ http://localhost:5175/src/features/exam/petRw/ReadingPetRwTest.tsx?t=1785416085769:288
[ 1280160ms] [TABLE] [Object, Object, Object, Object, Object, Object] @ http://localhost:5175/src/features/exam/petRw/ReadingPetRwTest.tsx?t=1785416085769:288
[ 1282156ms] [TABLE] [Object, Object, Object, Object, Object, Object] @ http://localhost:5175/src/features/exam/petRw/ReadingPetRwTest.tsx?t=1785416085769:288
[ 1282156ms] [TABLE] [Object, Object, Object, Object, Object, Object] @ http://localhost:5175/src/features/exam/petRw/ReadingPetRwTest.tsx?t=1785416085769:288
[ 1284164ms] [TABLE] [Object, Object, Object, Object, Object, Object] @ http://localhost:5175/src/features/exam/petRw/ReadingPetRwTest.tsx?t=1785416085769:288
[ 1284164ms] [TABLE] [Object, Object, Object, Object, Object, Object] @ http://localhost:5175/src/features/exam/petRw/ReadingPetRwTest.tsx?t=1785416085769:288
[ 1286160ms] [TABLE] [Object, Object, Object, Object, Object, Object] @ http://localhost:5175/src/features/exam/petRw/ReadingPetRwTest.tsx?t=1785416085769:288
[ 1286161ms] [TABLE] [Object, Object, Object, Object, Object, Object] @ http://localhost:5175/src/features/exam/petRw/ReadingPetRwTest.tsx?t=1785416085769:288
[ 1288159ms] [TABLE] [Object, Object, Object, Object, Object, Object] @ http://localhost:5175/src/features/exam/petRw/ReadingPetRwTest.tsx?t=1785416085769:288
[ 1288159ms] [TABLE] [Object, Object, Object, Object, Object, Object] @ http://localhost:5175/src/features/exam/petRw/ReadingPetRwTest.tsx?t=1785416085769:288
[ 1290158ms] [TABLE] [Object, Object, Object, Object, Object, Object] @ http://localhost:5175/src/features/exam/petRw/ReadingPetRwTest.tsx?t=1785416085769:288
[ 1290158ms] [TABLE] [Object, Object, Object, Object, Object, Object] @ http://localhost:5175/src/features/exam/petRw/ReadingPetRwTest.tsx?t=1785416085769:288
[ 1292167ms] [TABLE] [Object, Object, Object, Object, Object, Object] @ http://localhost:5175/src/features/exam/petRw/ReadingPetRwTest.tsx?t=1785416085769:288
[ 1292167ms] [TABLE] [Object, Object, Object, Object, Object, Object] @ http://localhost:5175/src/features/exam/petRw/ReadingPetRwTest.tsx?t=1785416085769:288
[ 1294161ms] [TABLE] [Object, Object, Object, Object, Object, Object] @ http://localhost:5175/src/features/exam/petRw/ReadingPetRwTest.tsx?t=1785416085769:288
[ 1294161ms] [TABLE] [Object, Object, Object, Object, Object, Object] @ http://localhost:5175/src/features/exam/petRw/ReadingPetRwTest.tsx?t=1785416085769:288
[ 1296155ms] [TABLE] [Object, Object, Object, Object, Object, Object] @ http://localhost:5175/src/features/exam/petRw/ReadingPetRwTest.tsx?t=1785416085769:288
[ 1296156ms] [TABLE] [Object, Object, Object, Object, Object, Object] @ http://localhost:5175/src/features/exam/petRw/ReadingPetRwTest.tsx?t=1785416085769:288
[ 1298166ms] [TABLE] [Object, Object, Object, Object, Object, Object] @ http://localhost:5175/src/features/exam/petRw/ReadingPetRwTest.tsx?t=1785416085769:288
[ 1298166ms] [TABLE] [Object, Object, Object, Object, Object, Object] @ http://localhost:5175/src/features/exam/petRw/ReadingPetRwTest.tsx?t=1785416085769:288
[ 1300169ms] [TABLE] [Object, Object, Object, Object, Object, Object] @ http://localhost:5175/src/features/exam/petRw/ReadingPetRwTest.tsx?t=1785416085769:288
[ 1300170ms] [TABLE] [Object, Object, Object, Object, Object, Object] @ http://localhost:5175/src/features/exam/petRw/ReadingPetRwTest.tsx?t=1785416085769:288
[ 1302161ms] [TABLE] [Object, Object, Object, Object, Object, Object] @ http://localhost:5175/src/features/exam/petRw/ReadingPetRwTest.tsx?t=1785416085769:288
[ 1302162ms] [TABLE] [Object, Object, Object, Object, Object, Object] @ http://localhost:5175/src/features/exam/petRw/ReadingPetRwTest.tsx?t=1785416085769:288
[ 1304158ms] [TABLE] [Object, Object, Object, Object, Object, Object] @ http://localhost:5175/src/features/exam/petRw/ReadingPetRwTest.tsx?t=1785416085769:288
[ 1304159ms] [TABLE] [Object, Object, Object, Object, Object, Object] @ http://localhost:5175/src/features/exam/petRw/ReadingPetRwTest.tsx?t=1785416085769:288
[ 1306155ms] [TABLE] [Object, Object, Object, Object, Object, Object] @ http://localhost:5175/src/features/exam/petRw/ReadingPetRwTest.tsx?t=1785416085769:288
[ 1306155ms] [TABLE] [Object, Object, Object, Object, Object, Object] @ http://localhost:5175/src/features/exam/petRw/ReadingPetRwTest.tsx?t=1785416085769:288
[ 1308168ms] [TABLE] [Object, Object, Object, Object, Object, Object] @ http://localhost:5175/src/features/exam/petRw/ReadingPetRwTest.tsx?t=1785416085769:288
[ 1308168ms] [TABLE] [Object, Object, Object, Object, Object, Object] @ http://localhost:5175/src/features/exam/petRw/ReadingPetRwTest.tsx?t=1785416085769:288
[ 1310160ms] [TABLE] [Object, Object, Object, Object, Object, Object] @ http://localhost:5175/src/features/exam/petRw/ReadingPetRwTest.tsx?t=1785416085769:288
[ 1310161ms] [TABLE] [Object, Object, Object, Object, Object, Object] @ http://localhost:5175/src/features/exam/petRw/ReadingPetRwTest.tsx?t=1785416085769:288
[ 1312155ms] [TABLE] [Object, Object, Object, Object, Object, Object] @ http://localhost:5175/src/features/exam/petRw/ReadingPetRwTest.tsx?t=1785416085769:288
[ 1312156ms] [TABLE] [Object, Object, Object, Object, Object, Object] @ http://localhost:5175/src/features/exam/petRw/ReadingPetRwTest.tsx?t=1785416085769:288
[ 1314163ms] [TABLE] [Object, Object, Object, Object, Object, Object] @ http://localhost:5175/src/features/exam/petRw/ReadingPetRwTest.tsx?t=1785416085769:288
[ 1314164ms] [TABLE] [Object, Object, Object, Object, Object, Object] @ http://localhost:5175/src/features/exam/petRw/ReadingPetRwTest.tsx?t=1785416085769:288
[ 1316156ms] [TABLE] [Object, Object, Object, Object, Object, Object] @ http://localhost:5175/src/features/exam/petRw/ReadingPetRwTest.tsx?t=1785416085769:288
[ 1316157ms] [TABLE] [Object, Object, Object, Object, Object, Object] @ http://localhost:5175/src/features/exam/petRw/ReadingPetRwTest.tsx?t=1785416085769:288
[ 1318165ms] [TABLE] [Object, Object, Object, Object, Object, Object] @ http://localhost:5175/src/features/exam/petRw/ReadingPetRwTest.tsx?t=1785416085769:288
[ 1318165ms] [TABLE] [Object, Object, Object, Object, Object, Object] @ http://localhost:5175/src/features/exam/petRw/ReadingPetRwTest.tsx?t=1785416085769:288
[ 1320155ms] [TABLE] [Object, Object, Object, Object, Object, Object] @ http://localhost:5175/src/features/exam/petRw/ReadingPetRwTest.tsx?t=1785416085769:288
[ 1320155ms] [TABLE] [Object, Object, Object, Object, Object, Object] @ http://localhost:5175/src/features/exam/petRw/ReadingPetRwTest.tsx?t=1785416085769:288
[ 1322170ms] [TABLE] [Object, Object, Object, Object, Object, Object] @ http://localhost:5175/src/features/exam/petRw/ReadingPetRwTest.tsx?t=1785416085769:288
[ 1322173ms] [TABLE] [Object, Object, Object, Object, Object, Object] @ http://localhost:5175/src/features/exam/petRw/ReadingPetRwTest.tsx?t=1785416085769:288
[ 1324157ms] [TABLE] [Object, Object, Object, Object, Object, Object] @ http://localhost:5175/src/features/exam/petRw/ReadingPetRwTest.tsx?t=1785416085769:288
[ 1324158ms] [TABLE] [Object, Object, Object, Object, Object, Object] @ http://localhost:5175/src/features/exam/petRw/ReadingPetRwTest.tsx?t=1785416085769:288
[ 1326167ms] [TABLE] [Object, Object, Object, Object, Object, Object] @ http://localhost:5175/src/features/exam/petRw/ReadingPetRwTest.tsx?t=1785416085769:288
[ 1326167ms] [TABLE] [Object, Object, Object, Object, Object, Object] @ http://localhost:5175/src/features/exam/petRw/ReadingPetRwTest.tsx?t=1785416085769:288
[ 1328158ms] [TABLE] [Object, Object, Object, Object, Object, Object] @ http://localhost:5175/src/features/exam/petRw/ReadingPetRwTest.tsx?t=1785416085769:288
[ 1328158ms] [TABLE] [Object, Object, Object, Object, Object, Object] @ http://localhost:5175/src/features/exam/petRw/ReadingPetRwTest.tsx?t=1785416085769:288
[ 1330155ms] [TABLE] [Object, Object, Object, Object, Object, Object] @ http://localhost:5175/src/features/exam/petRw/ReadingPetRwTest.tsx?t=1785416085769:288
[ 1330155ms] [TABLE] [Object, Object, Object, Object, Object, Object] @ http://localhost:5175/src/features/exam/petRw/ReadingPetRwTest.tsx?t=1785416085769:288
[ 1332160ms] [TABLE] [Object, Object, Object, Object, Object, Object] @ http://localhost:5175/src/features/exam/petRw/ReadingPetRwTest.tsx?t=1785416085769:288
[ 1332160ms] [TABLE] [Object, Object, Object, Object, Object, Object] @ http://localhost:5175/src/features/exam/petRw/ReadingPetRwTest.tsx?t=1785416085769:288
[ 1334167ms] [TABLE] [Object, Object, Object, Object, Object, Object] @ http://localhost:5175/src/features/exam/petRw/ReadingPetRwTest.tsx?t=1785416085769:288
[ 1334167ms] [TABLE] [Object, Object, Object, Object, Object, Object] @ http://localhost:5175/src/features/exam/petRw/ReadingPetRwTest.tsx?t=1785416085769:288
[ 1336165ms] [TABLE] [Object, Object, Object, Object, Object, Object] @ http://localhost:5175/src/features/exam/petRw/ReadingPetRwTest.tsx?t=1785416085769:288
[ 1336165ms] [TABLE] [Object, Object, Object, Object, Object, Object] @ http://localhost:5175/src/features/exam/petRw/ReadingPetRwTest.tsx?t=1785416085769:288
[ 1338156ms] [TABLE] [Object, Object, Object, Object, Object, Object] @ http://localhost:5175/src/features/exam/petRw/ReadingPetRwTest.tsx?t=1785416085769:288
[ 1338156ms] [TABLE] [Object, Object, Object, Object, Object, Object] @ http://localhost:5175/src/features/exam/petRw/ReadingPetRwTest.tsx?t=1785416085769:288
[ 1340163ms] [TABLE] [Object, Object, Object, Object, Object, Object] @ http://localhost:5175/src/features/exam/petRw/ReadingPetRwTest.tsx?t=1785416085769:288
[ 1340164ms] [TABLE] [Object, Object, Object, Object, Object, Object] @ http://localhost:5175/src/features/exam/petRw/ReadingPetRwTest.tsx?t=1785416085769:288
[ 1342165ms] [TABLE] [Object, Object, Object, Object, Object, Object] @ http://localhost:5175/src/features/exam/petRw/ReadingPetRwTest.tsx?t=1785416085769:288
[ 1342166ms] [TABLE] [Object, Object, Object, Object, Object, Object] @ http://localhost:5175/src/features/exam/petRw/ReadingPetRwTest.tsx?t=1785416085769:288
[ 1344168ms] [TABLE] [Object, Object, Object, Object, Object, Object] @ http://localhost:5175/src/features/exam/petRw/ReadingPetRwTest.tsx?t=1785416085769:288
[ 1344168ms] [TABLE] [Object, Object, Object, Object, Object, Object] @ http://localhost:5175/src/features/exam/petRw/ReadingPetRwTest.tsx?t=1785416085769:288
[ 1346165ms] [TABLE] [Object, Object, Object, Object, Object, Object] @ http://localhost:5175/src/features/exam/petRw/ReadingPetRwTest.tsx?t=1785416085769:288
[ 1346165ms] [TABLE] [Object, Object, Object, Object, Object, Object] @ http://localhost:5175/src/features/exam/petRw/ReadingPetRwTest.tsx?t=1785416085769:288
[ 1348158ms] [TABLE] [Object, Object, Object, Object, Object, Object] @ http://localhost:5175/src/features/exam/petRw/ReadingPetRwTest.tsx?t=1785416085769:288
[ 1348159ms] [TABLE] [Object, Object, Object, Object, Object, Object] @ http://localhost:5175/src/features/exam/petRw/ReadingPetRwTest.tsx?t=1785416085769:288
[ 1350169ms] [TABLE] [Object, Object, Object, Object, Object, Object] @ http://localhost:5175/src/features/exam/petRw/ReadingPetRwTest.tsx?t=1785416085769:288
[ 1350170ms] [TABLE] [Object, Object, Object, Object, Object, Object] @ http://localhost:5175/src/features/exam/petRw/ReadingPetRwTest.tsx?t=1785416085769:288
[ 1352163ms] [TABLE] [Object, Object, Object, Object, Object, Object] @ http://localhost:5175/src/features/exam/petRw/ReadingPetRwTest.tsx?t=1785416085769:288
[ 1352163ms] [TABLE] [Object, Object, Object, Object, Object, Object] @ http://localhost:5175/src/features/exam/petRw/ReadingPetRwTest.tsx?t=1785416085769:288
[ 1354156ms] [TABLE] [Object, Object, Object, Object, Object, Object] @ http://localhost:5175/src/features/exam/petRw/ReadingPetRwTest.tsx?t=1785416085769:288
[ 1354158ms] [TABLE] [Object, Object, Object, Object, Object, Object] @ http://localhost:5175/src/features/exam/petRw/ReadingPetRwTest.tsx?t=1785416085769:288
[ 1356167ms] [TABLE] [Object, Object, Object, Object, Object, Object] @ http://localhost:5175/src/features/exam/petRw/ReadingPetRwTest.tsx?t=1785416085769:288
[ 1356168ms] [TABLE] [Object, Object, Object, Object, Object, Object] @ http://localhost:5175/src/features/exam/petRw/ReadingPetRwTest.tsx?t=1785416085769:288
[ 1358166ms] [TABLE] [Object, Object, Object, Object, Object, Object] @ http://localhost:5175/src/features/exam/petRw/ReadingPetRwTest.tsx?t=1785416085769:288
[ 1358166ms] [TABLE] [Object, Object, Object, Object, Object, Object] @ http://localhost:5175/src/features/exam/petRw/ReadingPetRwTest.tsx?t=1785416085769:288
[ 1360156ms] [TABLE] [Object, Object, Object, Object, Object, Object] @ http://localhost:5175/src/features/exam/petRw/ReadingPetRwTest.tsx?t=1785416085769:288
[ 1360156ms] [TABLE] [Object, Object, Object, Object, Object, Object] @ http://localhost:5175/src/features/exam/petRw/ReadingPetRwTest.tsx?t=1785416085769:288
[ 1362164ms] [TABLE] [Object, Object, Object, Object, Object, Object] @ http://localhost:5175/src/features/exam/petRw/ReadingPetRwTest.tsx?t=1785416085769:288
[ 1362165ms] [TABLE] [Object, Object, Object, Object, Object, Object] @ http://localhost:5175/src/features/exam/petRw/ReadingPetRwTest.tsx?t=1785416085769:288
[ 1364169ms] [TABLE] [Object, Object, Object, Object, Object, Object] @ http://localhost:5175/src/features/exam/petRw/ReadingPetRwTest.tsx?t=1785416085769:288
[ 1364169ms] [TABLE] [Object, Object, Object, Object, Object, Object] @ http://localhost:5175/src/features/exam/petRw/ReadingPetRwTest.tsx?t=1785416085769:288
[ 1366155ms] [TABLE] [Object, Object, Object, Object, Object, Object] @ http://localhost:5175/src/features/exam/petRw/ReadingPetRwTest.tsx?t=1785416085769:288
[ 1366155ms] [TABLE] [Object, Object, Object, Object, Object, Object] @ http://localhost:5175/src/features/exam/petRw/ReadingPetRwTest.tsx?t=1785416085769:288
[ 1368157ms] [TABLE] [Object, Object, Object, Object, Object, Object] @ http://localhost:5175/src/features/exam/petRw/ReadingPetRwTest.tsx?t=1785416085769:288
[ 1368158ms] [TABLE] [Object, Object, Object, Object, Object, Object] @ http://localhost:5175/src/features/exam/petRw/ReadingPetRwTest.tsx?t=1785416085769:288
[ 1370166ms] [TABLE] [Object, Object, Object, Object, Object, Object] @ http://localhost:5175/src/features/exam/petRw/ReadingPetRwTest.tsx?t=1785416085769:288
[ 1370167ms] [TABLE] [Object, Object, Object, Object, Object, Object] @ http://localhost:5175/src/features/exam/petRw/ReadingPetRwTest.tsx?t=1785416085769:288
[ 1372168ms] [TABLE] [Object, Object, Object, Object, Object, Object] @ http://localhost:5175/src/features/exam/petRw/ReadingPetRwTest.tsx?t=1785416085769:288
[ 1372168ms] [TABLE] [Object, Object, Object, Object, Object, Object] @ http://localhost:5175/src/features/exam/petRw/ReadingPetRwTest.tsx?t=1785416085769:288
[ 1374170ms] [TABLE] [Object, Object, Object, Object, Object, Object] @ http://localhost:5175/src/features/exam/petRw/ReadingPetRwTest.tsx?t=1785416085769:288
[ 1374171ms] [TABLE] [Object, Object, Object, Object, Object, Object] @ http://localhost:5175/src/features/exam/petRw/ReadingPetRwTest.tsx?t=1785416085769:288
[ 1376160ms] [TABLE] [Object, Object, Object, Object, Object, Object] @ http://localhost:5175/src/features/exam/petRw/ReadingPetRwTest.tsx?t=1785416085769:288
[ 1376161ms] [TABLE] [Object, Object, Object, Object, Object, Object] @ http://localhost:5175/src/features/exam/petRw/ReadingPetRwTest.tsx?t=1785416085769:288
[ 1378161ms] [TABLE] [Object, Object, Object, Object, Object, Object] @ http://localhost:5175/src/features/exam/petRw/ReadingPetRwTest.tsx?t=1785416085769:288
[ 1378161ms] [TABLE] [Object, Object, Object, Object, Object, Object] @ http://localhost:5175/src/features/exam/petRw/ReadingPetRwTest.tsx?t=1785416085769:288
[ 1380160ms] [TABLE] [Object, Object, Object, Object, Object, Object] @ http://localhost:5175/src/features/exam/petRw/ReadingPetRwTest.tsx?t=1785416085769:288
[ 1380160ms] [TABLE] [Object, Object, Object, Object, Object, Object] @ http://localhost:5175/src/features/exam/petRw/ReadingPetRwTest.tsx?t=1785416085769:288
[ 1382155ms] [TABLE] [Object, Object, Object, Object, Object, Object] @ http://localhost:5175/src/features/exam/petRw/ReadingPetRwTest.tsx?t=1785416085769:288
[ 1382155ms] [TABLE] [Object, Object, Object, Object, Object, Object] @ http://localhost:5175/src/features/exam/petRw/ReadingPetRwTest.tsx?t=1785416085769:288
[ 1384170ms] [TABLE] [Object, Object, Object, Object, Object, Object] @ http://localhost:5175/src/features/exam/petRw/ReadingPetRwTest.tsx?t=1785416085769:288
[ 1384170ms] [TABLE] [Object, Object, Object, Object, Object, Object] @ http://localhost:5175/src/features/exam/petRw/ReadingPetRwTest.tsx?t=1785416085769:288
[ 1386157ms] [TABLE] [Object, Object, Object, Object, Object, Object] @ http://localhost:5175/src/features/exam/petRw/ReadingPetRwTest.tsx?t=1785416085769:288
[ 1386157ms] [TABLE] [Object, Object, Object, Object, Object, Object] @ http://localhost:5175/src/features/exam/petRw/ReadingPetRwTest.tsx?t=1785416085769:288
[ 1388164ms] [TABLE] [Object, Object, Object, Object, Object, Object] @ http://localhost:5175/src/features/exam/petRw/ReadingPetRwTest.tsx?t=1785416085769:288
[ 1388165ms] [TABLE] [Object, Object, Object, Object, Object, Object] @ http://localhost:5175/src/features/exam/petRw/ReadingPetRwTest.tsx?t=1785416085769:288
[ 1390158ms] [TABLE] [Object, Object, Object, Object, Object, Object] @ http://localhost:5175/src/features/exam/petRw/ReadingPetRwTest.tsx?t=1785416085769:288
[ 1390159ms] [TABLE] [Object, Object, Object, Object, Object, Object] @ http://localhost:5175/src/features/exam/petRw/ReadingPetRwTest.tsx?t=1785416085769:288
[ 1392160ms] [TABLE] [Object, Object, Object, Object, Object, Object] @ http://localhost:5175/src/features/exam/petRw/ReadingPetRwTest.tsx?t=1785416085769:288
[ 1392161ms] [TABLE] [Object, Object, Object, Object, Object, Object] @ http://localhost:5175/src/features/exam/petRw/ReadingPetRwTest.tsx?t=1785416085769:288
[ 1394170ms] [TABLE] [Object, Object, Object, Object, Object, Object] @ http://localhost:5175/src/features/exam/petRw/ReadingPetRwTest.tsx?t=1785416085769:288
[ 1394170ms] [TABLE] [Object, Object, Object, Object, Object, Object] @ http://localhost:5175/src/features/exam/petRw/ReadingPetRwTest.tsx?t=1785416085769:288
[ 1396164ms] [TABLE] [Object, Object, Object, Object, Object, Object] @ http://localhost:5175/src/features/exam/petRw/ReadingPetRwTest.tsx?t=1785416085769:288
[ 1396165ms] [TABLE] [Object, Object, Object, Object, Object, Object] @ http://localhost:5175/src/features/exam/petRw/ReadingPetRwTest.tsx?t=1785416085769:288
[ 1398166ms] [TABLE] [Object, Object, Object, Object, Object, Object] @ http://localhost:5175/src/features/exam/petRw/ReadingPetRwTest.tsx?t=1785416085769:288
[ 1398167ms] [TABLE] [Object, Object, Object, Object, Object, Object] @ http://localhost:5175/src/features/exam/petRw/ReadingPetRwTest.tsx?t=1785416085769:288
[ 1400163ms] [TABLE] [Object, Object, Object, Object, Object, Object] @ http://localhost:5175/src/features/exam/petRw/ReadingPetRwTest.tsx?t=1785416085769:288
[ 1400164ms] [TABLE] [Object, Object, Object, Object, Object, Object] @ http://localhost:5175/src/features/exam/petRw/ReadingPetRwTest.tsx?t=1785416085769:288
[ 1402169ms] [TABLE] [Object, Object, Object, Object, Object, Object] @ http://localhost:5175/src/features/exam/petRw/ReadingPetRwTest.tsx?t=1785416085769:288
[ 1402170ms] [TABLE] [Object, Object, Object, Object, Object, Object] @ http://localhost:5175/src/features/exam/petRw/ReadingPetRwTest.tsx?t=1785416085769:288
[ 1404163ms] [TABLE] [Object, Object, Object, Object, Object, Object] @ http://localhost:5175/src/features/exam/petRw/ReadingPetRwTest.tsx?t=1785416085769:288
[ 1404163ms] [TABLE] [Object, Object, Object, Object, Object, Object] @ http://localhost:5175/src/features/exam/petRw/ReadingPetRwTest.tsx?t=1785416085769:288
[ 1406167ms] [TABLE] [Object, Object, Object, Object, Object, Object] @ http://localhost:5175/src/features/exam/petRw/ReadingPetRwTest.tsx?t=1785416085769:288
[ 1406168ms] [TABLE] [Object, Object, Object, Object, Object, Object] @ http://localhost:5175/src/features/exam/petRw/ReadingPetRwTest.tsx?t=1785416085769:288
[ 1408155ms] [TABLE] [Object, Object, Object, Object, Object, Object] @ http://localhost:5175/src/features/exam/petRw/ReadingPetRwTest.tsx?t=1785416085769:288
[ 1408155ms] [TABLE] [Object, Object, Object, Object, Object, Object] @ http://localhost:5175/src/features/exam/petRw/ReadingPetRwTest.tsx?t=1785416085769:288
[ 1410158ms] [TABLE] [Object, Object, Object, Object, Object, Object] @ http://localhost:5175/src/features/exam/petRw/ReadingPetRwTest.tsx?t=1785416085769:288
[ 1410159ms] [TABLE] [Object, Object, Object, Object, Object, Object] @ http://localhost:5175/src/features/exam/petRw/ReadingPetRwTest.tsx?t=1785416085769:288
[ 1412160ms] [TABLE] [Object, Object, Object, Object, Object, Object] @ http://localhost:5175/src/features/exam/petRw/ReadingPetRwTest.tsx?t=1785416085769:288
[ 1412160ms] [TABLE] [Object, Object, Object, Object, Object, Object] @ http://localhost:5175/src/features/exam/petRw/ReadingPetRwTest.tsx?t=1785416085769:288
[ 1414155ms] [TABLE] [Object, Object, Object, Object, Object, Object] @ http://localhost:5175/src/features/exam/petRw/ReadingPetRwTest.tsx?t=1785416085769:288
[ 1414155ms] [TABLE] [Object, Object, Object, Object, Object, Object] @ http://localhost:5175/src/features/exam/petRw/ReadingPetRwTest.tsx?t=1785416085769:288
[ 1416161ms] [TABLE] [Object, Object, Object, Object, Object, Object] @ http://localhost:5175/src/features/exam/petRw/ReadingPetRwTest.tsx?t=1785416085769:288
[ 1416162ms] [TABLE] [Object, Object, Object, Object, Object, Object] @ http://localhost:5175/src/features/exam/petRw/ReadingPetRwTest.tsx?t=1785416085769:288
[ 1418176ms] [TABLE] [Object, Object, Object, Object, Object, Object] @ http://localhost:5175/src/features/exam/petRw/ReadingPetRwTest.tsx?t=1785416085769:288
[ 1418177ms] [TABLE] [Object, Object, Object, Object, Object, Object] @ http://localhost:5175/src/features/exam/petRw/ReadingPetRwTest.tsx?t=1785416085769:288
[ 1420170ms] [TABLE] [Object, Object, Object, Object, Object, Object] @ http://localhost:5175/src/features/exam/petRw/ReadingPetRwTest.tsx?t=1785416085769:288
[ 1420170ms] [TABLE] [Object, Object, Object, Object, Object, Object] @ http://localhost:5175/src/features/exam/petRw/ReadingPetRwTest.tsx?t=1785416085769:288
[ 1422162ms] [TABLE] [Object, Object, Object, Object, Object, Object] @ http://localhost:5175/src/features/exam/petRw/ReadingPetRwTest.tsx?t=1785416085769:288
[ 1422163ms] [TABLE] [Object, Object, Object, Object, Object, Object] @ http://localhost:5175/src/features/exam/petRw/ReadingPetRwTest.tsx?t=1785416085769:288
[ 1424169ms] [TABLE] [Object, Object, Object, Object, Object, Object] @ http://localhost:5175/src/features/exam/petRw/ReadingPetRwTest.tsx?t=1785416085769:288
[ 1424170ms] [TABLE] [Object, Object, Object, Object, Object, Object] @ http://localhost:5175/src/features/exam/petRw/ReadingPetRwTest.tsx?t=1785416085769:288
[ 1426165ms] [TABLE] [Object, Object, Object, Object, Object, Object] @ http://localhost:5175/src/features/exam/petRw/ReadingPetRwTest.tsx?t=1785416085769:288
[ 1426166ms] [TABLE] [Object, Object, Object, Object, Object, Object] @ http://localhost:5175/src/features/exam/petRw/ReadingPetRwTest.tsx?t=1785416085769:288
[ 1428160ms] [TABLE] [Object, Object, Object, Object, Object, Object] @ http://localhost:5175/src/features/exam/petRw/ReadingPetRwTest.tsx?t=1785416085769:288
[ 1428161ms] [TABLE] [Object, Object, Object, Object, Object, Object] @ http://localhost:5175/src/features/exam/petRw/ReadingPetRwTest.tsx?t=1785416085769:288
[ 1430161ms] [TABLE] [Object, Object, Object, Object, Object, Object] @ http://localhost:5175/src/features/exam/petRw/ReadingPetRwTest.tsx?t=1785416085769:288
[ 1430161ms] [TABLE] [Object, Object, Object, Object, Object, Object] @ http://localhost:5175/src/features/exam/petRw/ReadingPetRwTest.tsx?t=1785416085769:288
[ 1432156ms] [TABLE] [Object, Object, Object, Object, Object, Object] @ http://localhost:5175/src/features/exam/petRw/ReadingPetRwTest.tsx?t=1785416085769:288
[ 1432158ms] [TABLE] [Object, Object, Object, Object, Object, Object] @ http://localhost:5175/src/features/exam/petRw/ReadingPetRwTest.tsx?t=1785416085769:288
[ 1434167ms] [TABLE] [Object, Object, Object, Object, Object, Object] @ http://localhost:5175/src/features/exam/petRw/ReadingPetRwTest.tsx?t=1785416085769:288
[ 1434168ms] [TABLE] [Object, Object, Object, Object, Object, Object] @ http://localhost:5175/src/features/exam/petRw/ReadingPetRwTest.tsx?t=1785416085769:288
[ 1436161ms] [TABLE] [Object, Object, Object, Object, Object, Object] @ http://localhost:5175/src/features/exam/petRw/ReadingPetRwTest.tsx?t=1785416085769:288
[ 1436162ms] [TABLE] [Object, Object, Object, Object, Object, Object] @ http://localhost:5175/src/features/exam/petRw/ReadingPetRwTest.tsx?t=1785416085769:288
[ 1438170ms] [TABLE] [Object, Object, Object, Object, Object, Object] @ http://localhost:5175/src/features/exam/petRw/ReadingPetRwTest.tsx?t=1785416085769:288
[ 1438170ms] [TABLE] [Object, Object, Object, Object, Object, Object] @ http://localhost:5175/src/features/exam/petRw/ReadingPetRwTest.tsx?t=1785416085769:288
[ 1440157ms] [TABLE] [Object, Object, Object, Object, Object, Object] @ http://localhost:5175/src/features/exam/petRw/ReadingPetRwTest.tsx?t=1785416085769:288
[ 1440158ms] [TABLE] [Object, Object, Object, Object, Object, Object] @ http://localhost:5175/src/features/exam/petRw/ReadingPetRwTest.tsx?t=1785416085769:288
[ 1442164ms] [TABLE] [Object, Object, Object, Object, Object, Object] @ http://localhost:5175/src/features/exam/petRw/ReadingPetRwTest.tsx?t=1785416085769:288
[ 1442165ms] [TABLE] [Object, Object, Object, Object, Object, Object] @ http://localhost:5175/src/features/exam/petRw/ReadingPetRwTest.tsx?t=1785416085769:288
[ 1444155ms] [TABLE] [Object, Object, Object, Object, Object, Object] @ http://localhost:5175/src/features/exam/petRw/ReadingPetRwTest.tsx?t=1785416085769:288
[ 1444156ms] [TABLE] [Object, Object, Object, Object, Object, Object] @ http://localhost:5175/src/features/exam/petRw/ReadingPetRwTest.tsx?t=1785416085769:288
[ 1446162ms] [TABLE] [Object, Object, Object, Object, Object, Object] @ http://localhost:5175/src/features/exam/petRw/ReadingPetRwTest.tsx?t=1785416085769:288
[ 1446162ms] [TABLE] [Object, Object, Object, Object, Object, Object] @ http://localhost:5175/src/features/exam/petRw/ReadingPetRwTest.tsx?t=1785416085769:288
[ 1448167ms] [TABLE] [Object, Object, Object, Object, Object, Object] @ http://localhost:5175/src/features/exam/petRw/ReadingPetRwTest.tsx?t=1785416085769:288
[ 1448168ms] [TABLE] [Object, Object, Object, Object, Object, Object] @ http://localhost:5175/src/features/exam/petRw/ReadingPetRwTest.tsx?t=1785416085769:288
[ 1450165ms] [TABLE] [Object, Object, Object, Object, Object, Object] @ http://localhost:5175/src/features/exam/petRw/ReadingPetRwTest.tsx?t=1785416085769:288
[ 1450165ms] [TABLE] [Object, Object, Object, Object, Object, Object] @ http://localhost:5175/src/features/exam/petRw/ReadingPetRwTest.tsx?t=1785416085769:288
[ 1452158ms] [TABLE] [Object, Object, Object, Object, Object, Object] @ http://localhost:5175/src/features/exam/petRw/ReadingPetRwTest.tsx?t=1785416085769:288
[ 1452159ms] [TABLE] [Object, Object, Object, Object, Object, Object] @ http://localhost:5175/src/features/exam/petRw/ReadingPetRwTest.tsx?t=1785416085769:288
[ 1454163ms] [TABLE] [Object, Object, Object, Object, Object, Object] @ http://localhost:5175/src/features/exam/petRw/ReadingPetRwTest.tsx?t=1785416085769:288
[ 1454163ms] [TABLE] [Object, Object, Object, Object, Object, Object] @ http://localhost:5175/src/features/exam/petRw/ReadingPetRwTest.tsx?t=1785416085769:288
[ 1456169ms] [TABLE] [Object, Object, Object, Object, Object, Object] @ http://localhost:5175/src/features/exam/petRw/ReadingPetRwTest.tsx?t=1785416085769:288
[ 1456169ms] [TABLE] [Object, Object, Object, Object, Object, Object] @ http://localhost:5175/src/features/exam/petRw/ReadingPetRwTest.tsx?t=1785416085769:288
[ 1458163ms] [TABLE] [Object, Object, Object, Object, Object, Object] @ http://localhost:5175/src/features/exam/petRw/ReadingPetRwTest.tsx?t=1785416085769:288
[ 1458164ms] [TABLE] [Object, Object, Object, Object, Object, Object] @ http://localhost:5175/src/features/exam/petRw/ReadingPetRwTest.tsx?t=1785416085769:288
[ 1460169ms] [TABLE] [Object, Object, Object, Object, Object, Object] @ http://localhost:5175/src/features/exam/petRw/ReadingPetRwTest.tsx?t=1785416085769:288
[ 1460170ms] [TABLE] [Object, Object, Object, Object, Object, Object] @ http://localhost:5175/src/features/exam/petRw/ReadingPetRwTest.tsx?t=1785416085769:288
[ 1462163ms] [TABLE] [Object, Object, Object, Object, Object, Object] @ http://localhost:5175/src/features/exam/petRw/ReadingPetRwTest.tsx?t=1785416085769:288
[ 1462163ms] [TABLE] [Object, Object, Object, Object, Object, Object] @ http://localhost:5175/src/features/exam/petRw/ReadingPetRwTest.tsx?t=1785416085769:288
[ 1464164ms] [TABLE] [Object, Object, Object, Object, Object, Object] @ http://localhost:5175/src/features/exam/petRw/ReadingPetRwTest.tsx?t=1785416085769:288
[ 1464165ms] [TABLE] [Object, Object, Object, Object, Object, Object] @ http://localhost:5175/src/features/exam/petRw/ReadingPetRwTest.tsx?t=1785416085769:288
[ 1466161ms] [TABLE] [Object, Object, Object, Object, Object, Object] @ http://localhost:5175/src/features/exam/petRw/ReadingPetRwTest.tsx?t=1785416085769:288
[ 1466162ms] [TABLE] [Object, Object, Object, Object, Object, Object] @ http://localhost:5175/src/features/exam/petRw/ReadingPetRwTest.tsx?t=1785416085769:288
[ 1468161ms] [TABLE] [Object, Object, Object, Object, Object, Object] @ http://localhost:5175/src/features/exam/petRw/ReadingPetRwTest.tsx?t=1785416085769:288
[ 1468161ms] [TABLE] [Object, Object, Object, Object, Object, Object] @ http://localhost:5175/src/features/exam/petRw/ReadingPetRwTest.tsx?t=1785416085769:288
[ 1470159ms] [TABLE] [Object, Object, Object, Object, Object, Object] @ http://localhost:5175/src/features/exam/petRw/ReadingPetRwTest.tsx?t=1785416085769:288
[ 1470160ms] [TABLE] [Object, Object, Object, Object, Object, Object] @ http://localhost:5175/src/features/exam/petRw/ReadingPetRwTest.tsx?t=1785416085769:288
[ 1472169ms] [TABLE] [Object, Object, Object, Object, Object, Object] @ http://localhost:5175/src/features/exam/petRw/ReadingPetRwTest.tsx?t=1785416085769:288
[ 1472169ms] [TABLE] [Object, Object, Object, Object, Object, Object] @ http://localhost:5175/src/features/exam/petRw/ReadingPetRwTest.tsx?t=1785416085769:288
[ 1474162ms] [TABLE] [Object, Object, Object, Object, Object, Object] @ http://localhost:5175/src/features/exam/petRw/ReadingPetRwTest.tsx?t=1785416085769:288
[ 1474163ms] [TABLE] [Object, Object, Object, Object, Object, Object] @ http://localhost:5175/src/features/exam/petRw/ReadingPetRwTest.tsx?t=1785416085769:288
[ 1476167ms] [TABLE] [Object, Object, Object, Object, Object, Object] @ http://localhost:5175/src/features/exam/petRw/ReadingPetRwTest.tsx?t=1785416085769:288
[ 1476167ms] [TABLE] [Object, Object, Object, Object, Object, Object] @ http://localhost:5175/src/features/exam/petRw/ReadingPetRwTest.tsx?t=1785416085769:288
[ 1478160ms] [TABLE] [Object, Object, Object, Object, Object, Object] @ http://localhost:5175/src/features/exam/petRw/ReadingPetRwTest.tsx?t=1785416085769:288
[ 1478160ms] [TABLE] [Object, Object, Object, Object, Object, Object] @ http://localhost:5175/src/features/exam/petRw/ReadingPetRwTest.tsx?t=1785416085769:288
[ 1480164ms] [TABLE] [Object, Object, Object, Object, Object, Object] @ http://localhost:5175/src/features/exam/petRw/ReadingPetRwTest.tsx?t=1785416085769:288
[ 1480165ms] [TABLE] [Object, Object, Object, Object, Object, Object] @ http://localhost:5175/src/features/exam/petRw/ReadingPetRwTest.tsx?t=1785416085769:288
[ 1482156ms] [TABLE] [Object, Object, Object, Object, Object, Object] @ http://localhost:5175/src/features/exam/petRw/ReadingPetRwTest.tsx?t=1785416085769:288
[ 1482157ms] [TABLE] [Object, Object, Object, Object, Object, Object] @ http://localhost:5175/src/features/exam/petRw/ReadingPetRwTest.tsx?t=1785416085769:288
[ 1484160ms] [TABLE] [Object, Object, Object, Object, Object, Object] @ http://localhost:5175/src/features/exam/petRw/ReadingPetRwTest.tsx?t=1785416085769:288
[ 1484160ms] [TABLE] [Object, Object, Object, Object, Object, Object] @ http://localhost:5175/src/features/exam/petRw/ReadingPetRwTest.tsx?t=1785416085769:288
[ 1486164ms] [TABLE] [Object, Object, Object, Object, Object, Object] @ http://localhost:5175/src/features/exam/petRw/ReadingPetRwTest.tsx?t=1785416085769:288
[ 1486165ms] [TABLE] [Object, Object, Object, Object, Object, Object] @ http://localhost:5175/src/features/exam/petRw/ReadingPetRwTest.tsx?t=1785416085769:288
[ 1488168ms] [TABLE] [Object, Object, Object, Object, Object, Object] @ http://localhost:5175/src/features/exam/petRw/ReadingPetRwTest.tsx?t=1785416085769:288
[ 1488169ms] [TABLE] [Object, Object, Object, Object, Object, Object] @ http://localhost:5175/src/features/exam/petRw/ReadingPetRwTest.tsx?t=1785416085769:288
[ 1490162ms] [TABLE] [Object, Object, Object, Object, Object, Object] @ http://localhost:5175/src/features/exam/petRw/ReadingPetRwTest.tsx?t=1785416085769:288
[ 1490162ms] [TABLE] [Object, Object, Object, Object, Object, Object] @ http://localhost:5175/src/features/exam/petRw/ReadingPetRwTest.tsx?t=1785416085769:288
[ 1492175ms] [TABLE] [Object, Object, Object, Object, Object, Object] @ http://localhost:5175/src/features/exam/petRw/ReadingPetRwTest.tsx?t=1785416085769:288
[ 1492188ms] [TABLE] [Object, Object, Object, Object, Object, Object] @ http://localhost:5175/src/features/exam/petRw/ReadingPetRwTest.tsx?t=1785416085769:288
[ 1494164ms] [TABLE] [Object, Object, Object, Object, Object, Object] @ http://localhost:5175/src/features/exam/petRw/ReadingPetRwTest.tsx?t=1785416085769:288
[ 1494165ms] [TABLE] [Object, Object, Object, Object, Object, Object] @ http://localhost:5175/src/features/exam/petRw/ReadingPetRwTest.tsx?t=1785416085769:288
[ 1496160ms] [TABLE] [Object, Object, Object, Object, Object, Object] @ http://localhost:5175/src/features/exam/petRw/ReadingPetRwTest.tsx?t=1785416085769:288
[ 1496161ms] [TABLE] [Object, Object, Object, Object, Object, Object] @ http://localhost:5175/src/features/exam/petRw/ReadingPetRwTest.tsx?t=1785416085769:288
[ 1498156ms] [TABLE] [Object, Object, Object, Object, Object, Object] @ http://localhost:5175/src/features/exam/petRw/ReadingPetRwTest.tsx?t=1785416085769:288
[ 1498157ms] [TABLE] [Object, Object, Object, Object, Object, Object] @ http://localhost:5175/src/features/exam/petRw/ReadingPetRwTest.tsx?t=1785416085769:288
[ 1500162ms] [TABLE] [Object, Object, Object, Object, Object, Object] @ http://localhost:5175/src/features/exam/petRw/ReadingPetRwTest.tsx?t=1785416085769:288
[ 1500162ms] [TABLE] [Object, Object, Object, Object, Object, Object] @ http://localhost:5175/src/features/exam/petRw/ReadingPetRwTest.tsx?t=1785416085769:288
[ 1502163ms] [TABLE] [Object, Object, Object, Object, Object, Object] @ http://localhost:5175/src/features/exam/petRw/ReadingPetRwTest.tsx?t=1785416085769:288
[ 1502163ms] [TABLE] [Object, Object, Object, Object, Object, Object] @ http://localhost:5175/src/features/exam/petRw/ReadingPetRwTest.tsx?t=1785416085769:288
[ 1504172ms] [TABLE] [Object, Object, Object, Object, Object, Object] @ http://localhost:5175/src/features/exam/petRw/ReadingPetRwTest.tsx?t=1785416085769:288
[ 1504174ms] [TABLE] [Object, Object, Object, Object, Object, Object] @ http://localhost:5175/src/features/exam/petRw/ReadingPetRwTest.tsx?t=1785416085769:288
[ 1506160ms] [TABLE] [Object, Object, Object, Object, Object, Object] @ http://localhost:5175/src/features/exam/petRw/ReadingPetRwTest.tsx?t=1785416085769:288
[ 1506170ms] [TABLE] [Object, Object, Object, Object, Object, Object] @ http://localhost:5175/src/features/exam/petRw/ReadingPetRwTest.tsx?t=1785416085769:288
[ 1508160ms] [TABLE] [Object, Object, Object, Object, Object, Object] @ http://localhost:5175/src/features/exam/petRw/ReadingPetRwTest.tsx?t=1785416085769:288
[ 1508162ms] [TABLE] [Object, Object, Object, Object, Object, Object] @ http://localhost:5175/src/features/exam/petRw/ReadingPetRwTest.tsx?t=1785416085769:288
[ 1510155ms] [TABLE] [Object, Object, Object, Object, Object, Object] @ http://localhost:5175/src/features/exam/petRw/ReadingPetRwTest.tsx?t=1785416085769:288
[ 1510156ms] [TABLE] [Object, Object, Object, Object, Object, Object] @ http://localhost:5175/src/features/exam/petRw/ReadingPetRwTest.tsx?t=1785416085769:288
[ 1512169ms] [TABLE] [Object, Object, Object, Object, Object, Object] @ http://localhost:5175/src/features/exam/petRw/ReadingPetRwTest.tsx?t=1785416085769:288
[ 1512170ms] [TABLE] [Object, Object, Object, Object, Object, Object] @ http://localhost:5175/src/features/exam/petRw/ReadingPetRwTest.tsx?t=1785416085769:288
[ 1514155ms] [TABLE] [Object, Object, Object, Object, Object, Object] @ http://localhost:5175/src/features/exam/petRw/ReadingPetRwTest.tsx?t=1785416085769:288
[ 1514157ms] [TABLE] [Object, Object, Object, Object, Object, Object] @ http://localhost:5175/src/features/exam/petRw/ReadingPetRwTest.tsx?t=1785416085769:288
[ 1516165ms] [TABLE] [Object, Object, Object, Object, Object, Object] @ http://localhost:5175/src/features/exam/petRw/ReadingPetRwTest.tsx?t=1785416085769:288
[ 1516166ms] [TABLE] [Object, Object, Object, Object, Object, Object] @ http://localhost:5175/src/features/exam/petRw/ReadingPetRwTest.tsx?t=1785416085769:288
[ 1518163ms] [TABLE] [Object, Object, Object, Object, Object, Object] @ http://localhost:5175/src/features/exam/petRw/ReadingPetRwTest.tsx?t=1785416085769:288
[ 1518164ms] [TABLE] [Object, Object, Object, Object, Object, Object] @ http://localhost:5175/src/features/exam/petRw/ReadingPetRwTest.tsx?t=1785416085769:288
[ 1520157ms] [TABLE] [Object, Object, Object, Object, Object, Object] @ http://localhost:5175/src/features/exam/petRw/ReadingPetRwTest.tsx?t=1785416085769:288
[ 1520157ms] [TABLE] [Object, Object, Object, Object, Object, Object] @ http://localhost:5175/src/features/exam/petRw/ReadingPetRwTest.tsx?t=1785416085769:288
[ 1522159ms] [TABLE] [Object, Object, Object, Object, Object, Object] @ http://localhost:5175/src/features/exam/petRw/ReadingPetRwTest.tsx?t=1785416085769:288
[ 1522159ms] [TABLE] [Object, Object, Object, Object, Object, Object] @ http://localhost:5175/src/features/exam/petRw/ReadingPetRwTest.tsx?t=1785416085769:288
[ 1524163ms] [TABLE] [Object, Object, Object, Object, Object, Object] @ http://localhost:5175/src/features/exam/petRw/ReadingPetRwTest.tsx?t=1785416085769:288
[ 1524164ms] [TABLE] [Object, Object, Object, Object, Object, Object] @ http://localhost:5175/src/features/exam/petRw/ReadingPetRwTest.tsx?t=1785416085769:288
[ 1526170ms] [TABLE] [Object, Object, Object, Object, Object, Object] @ http://localhost:5175/src/features/exam/petRw/ReadingPetRwTest.tsx?t=1785416085769:288
[ 1526171ms] [TABLE] [Object, Object, Object, Object, Object, Object] @ http://localhost:5175/src/features/exam/petRw/ReadingPetRwTest.tsx?t=1785416085769:288
[ 1528162ms] [TABLE] [Object, Object, Object, Object, Object, Object] @ http://localhost:5175/src/features/exam/petRw/ReadingPetRwTest.tsx?t=1785416085769:288
[ 1528163ms] [TABLE] [Object, Object, Object, Object, Object, Object] @ http://localhost:5175/src/features/exam/petRw/ReadingPetRwTest.tsx?t=1785416085769:288
[ 1530158ms] [TABLE] [Object, Object, Object, Object, Object, Object] @ http://localhost:5175/src/features/exam/petRw/ReadingPetRwTest.tsx?t=1785416085769:288
[ 1530159ms] [TABLE] [Object, Object, Object, Object, Object, Object] @ http://localhost:5175/src/features/exam/petRw/ReadingPetRwTest.tsx?t=1785416085769:288
[ 1532168ms] [TABLE] [Object, Object, Object, Object, Object, Object] @ http://localhost:5175/src/features/exam/petRw/ReadingPetRwTest.tsx?t=1785416085769:288
[ 1532169ms] [TABLE] [Object, Object, Object, Object, Object, Object] @ http://localhost:5175/src/features/exam/petRw/ReadingPetRwTest.tsx?t=1785416085769:288
[ 1534169ms] [TABLE] [Object, Object, Object, Object, Object, Object] @ http://localhost:5175/src/features/exam/petRw/ReadingPetRwTest.tsx?t=1785416085769:288
[ 1534169ms] [TABLE] [Object, Object, Object, Object, Object, Object] @ http://localhost:5175/src/features/exam/petRw/ReadingPetRwTest.tsx?t=1785416085769:288
[ 1536163ms] [TABLE] [Object, Object, Object, Object, Object, Object] @ http://localhost:5175/src/features/exam/petRw/ReadingPetRwTest.tsx?t=1785416085769:288
[ 1536163ms] [TABLE] [Object, Object, Object, Object, Object, Object] @ http://localhost:5175/src/features/exam/petRw/ReadingPetRwTest.tsx?t=1785416085769:288
[ 1538166ms] [TABLE] [Object, Object, Object, Object, Object, Object] @ http://localhost:5175/src/features/exam/petRw/ReadingPetRwTest.tsx?t=1785416085769:288
[ 1538166ms] [TABLE] [Object, Object, Object, Object, Object, Object] @ http://localhost:5175/src/features/exam/petRw/ReadingPetRwTest.tsx?t=1785416085769:288
[ 1540167ms] [TABLE] [Object, Object, Object, Object, Object, Object] @ http://localhost:5175/src/features/exam/petRw/ReadingPetRwTest.tsx?t=1785416085769:288
[ 1540168ms] [TABLE] [Object, Object, Object, Object, Object, Object] @ http://localhost:5175/src/features/exam/petRw/ReadingPetRwTest.tsx?t=1785416085769:288
[ 1542155ms] [TABLE] [Object, Object, Object, Object, Object, Object] @ http://localhost:5175/src/features/exam/petRw/ReadingPetRwTest.tsx?t=1785416085769:288
[ 1542155ms] [TABLE] [Object, Object, Object, Object, Object, Object] @ http://localhost:5175/src/features/exam/petRw/ReadingPetRwTest.tsx?t=1785416085769:288
[ 1544164ms] [TABLE] [Object, Object, Object, Object, Object, Object] @ http://localhost:5175/src/features/exam/petRw/ReadingPetRwTest.tsx?t=1785416085769:288
[ 1544164ms] [TABLE] [Object, Object, Object, Object, Object, Object] @ http://localhost:5175/src/features/exam/petRw/ReadingPetRwTest.tsx?t=1785416085769:288
[ 1546156ms] [TABLE] [Object, Object, Object, Object, Object, Object] @ http://localhost:5175/src/features/exam/petRw/ReadingPetRwTest.tsx?t=1785416085769:288
[ 1546157ms] [TABLE] [Object, Object, Object, Object, Object, Object] @ http://localhost:5175/src/features/exam/petRw/ReadingPetRwTest.tsx?t=1785416085769:288
[ 1548159ms] [TABLE] [Object, Object, Object, Object, Object, Object] @ http://localhost:5175/src/features/exam/petRw/ReadingPetRwTest.tsx?t=1785416085769:288
[ 1548160ms] [TABLE] [Object, Object, Object, Object, Object, Object] @ http://localhost:5175/src/features/exam/petRw/ReadingPetRwTest.tsx?t=1785416085769:288
[ 1550156ms] [TABLE] [Object, Object, Object, Object, Object, Object] @ http://localhost:5175/src/features/exam/petRw/ReadingPetRwTest.tsx?t=1785416085769:288
[ 1550157ms] [TABLE] [Object, Object, Object, Object, Object, Object] @ http://localhost:5175/src/features/exam/petRw/ReadingPetRwTest.tsx?t=1785416085769:288
[ 1552167ms] [TABLE] [Object, Object, Object, Object, Object, Object] @ http://localhost:5175/src/features/exam/petRw/ReadingPetRwTest.tsx?t=1785416085769:288
[ 1552167ms] [TABLE] [Object, Object, Object, Object, Object, Object] @ http://localhost:5175/src/features/exam/petRw/ReadingPetRwTest.tsx?t=1785416085769:288
[ 1554164ms] [TABLE] [Object, Object, Object, Object, Object, Object] @ http://localhost:5175/src/features/exam/petRw/ReadingPetRwTest.tsx?t=1785416085769:288
[ 1554165ms] [TABLE] [Object, Object, Object, Object, Object, Object] @ http://localhost:5175/src/features/exam/petRw/ReadingPetRwTest.tsx?t=1785416085769:288
[ 1556161ms] [TABLE] [Object, Object, Object, Object, Object, Object] @ http://localhost:5175/src/features/exam/petRw/ReadingPetRwTest.tsx?t=1785416085769:288
[ 1556162ms] [TABLE] [Object, Object, Object, Object, Object, Object] @ http://localhost:5175/src/features/exam/petRw/ReadingPetRwTest.tsx?t=1785416085769:288
[ 1558166ms] [TABLE] [Object, Object, Object, Object, Object, Object] @ http://localhost:5175/src/features/exam/petRw/ReadingPetRwTest.tsx?t=1785416085769:288
[ 1558167ms] [TABLE] [Object, Object, Object, Object, Object, Object] @ http://localhost:5175/src/features/exam/petRw/ReadingPetRwTest.tsx?t=1785416085769:288
[ 1560157ms] [TABLE] [Object, Object, Object, Object, Object, Object] @ http://localhost:5175/src/features/exam/petRw/ReadingPetRwTest.tsx?t=1785416085769:288
[ 1560157ms] [TABLE] [Object, Object, Object, Object, Object, Object] @ http://localhost:5175/src/features/exam/petRw/ReadingPetRwTest.tsx?t=1785416085769:288
[ 1562163ms] [TABLE] [Object, Object, Object, Object, Object, Object] @ http://localhost:5175/src/features/exam/petRw/ReadingPetRwTest.tsx?t=1785416085769:288
[ 1562163ms] [TABLE] [Object, Object, Object, Object, Object, Object] @ http://localhost:5175/src/features/exam/petRw/ReadingPetRwTest.tsx?t=1785416085769:288
[ 1564156ms] [TABLE] [Object, Object, Object, Object, Object, Object] @ http://localhost:5175/src/features/exam/petRw/ReadingPetRwTest.tsx?t=1785416085769:288
[ 1564157ms] [TABLE] [Object, Object, Object, Object, Object, Object] @ http://localhost:5175/src/features/exam/petRw/ReadingPetRwTest.tsx?t=1785416085769:288
[ 1566157ms] [TABLE] [Object, Object, Object, Object, Object, Object] @ http://localhost:5175/src/features/exam/petRw/ReadingPetRwTest.tsx?t=1785416085769:288
[ 1566157ms] [TABLE] [Object, Object, Object, Object, Object, Object] @ http://localhost:5175/src/features/exam/petRw/ReadingPetRwTest.tsx?t=1785416085769:288
[ 1568165ms] [TABLE] [Object, Object, Object, Object, Object, Object] @ http://localhost:5175/src/features/exam/petRw/ReadingPetRwTest.tsx?t=1785416085769:288
[ 1568166ms] [TABLE] [Object, Object, Object, Object, Object, Object] @ http://localhost:5175/src/features/exam/petRw/ReadingPetRwTest.tsx?t=1785416085769:288
[ 1570169ms] [TABLE] [Object, Object, Object, Object, Object, Object] @ http://localhost:5175/src/features/exam/petRw/ReadingPetRwTest.tsx?t=1785416085769:288
[ 1570170ms] [TABLE] [Object, Object, Object, Object, Object, Object] @ http://localhost:5175/src/features/exam/petRw/ReadingPetRwTest.tsx?t=1785416085769:288
[ 1572159ms] [TABLE] [Object, Object, Object, Object, Object, Object] @ http://localhost:5175/src/features/exam/petRw/ReadingPetRwTest.tsx?t=1785416085769:288
[ 1572159ms] [TABLE] [Object, Object, Object, Object, Object, Object] @ http://localhost:5175/src/features/exam/petRw/ReadingPetRwTest.tsx?t=1785416085769:288
[ 1574168ms] [TABLE] [Object, Object, Object, Object, Object, Object] @ http://localhost:5175/src/features/exam/petRw/ReadingPetRwTest.tsx?t=1785416085769:288
[ 1574169ms] [TABLE] [Object, Object, Object, Object, Object, Object] @ http://localhost:5175/src/features/exam/petRw/ReadingPetRwTest.tsx?t=1785416085769:288
[ 1576167ms] [TABLE] [Object, Object, Object, Object, Object, Object] @ http://localhost:5175/src/features/exam/petRw/ReadingPetRwTest.tsx?t=1785416085769:288
[ 1576167ms] [TABLE] [Object, Object, Object, Object, Object, Object] @ http://localhost:5175/src/features/exam/petRw/ReadingPetRwTest.tsx?t=1785416085769:288
[ 1578158ms] [TABLE] [Object, Object, Object, Object, Object, Object] @ http://localhost:5175/src/features/exam/petRw/ReadingPetRwTest.tsx?t=1785416085769:288
[ 1578158ms] [TABLE] [Object, Object, Object, Object, Object, Object] @ http://localhost:5175/src/features/exam/petRw/ReadingPetRwTest.tsx?t=1785416085769:288
[ 1580160ms] [TABLE] [Object, Object, Object, Object, Object, Object] @ http://localhost:5175/src/features/exam/petRw/ReadingPetRwTest.tsx?t=1785416085769:288
[ 1580160ms] [TABLE] [Object, Object, Object, Object, Object, Object] @ http://localhost:5175/src/features/exam/petRw/ReadingPetRwTest.tsx?t=1785416085769:288
[ 1582160ms] [TABLE] [Object, Object, Object, Object, Object, Object] @ http://localhost:5175/src/features/exam/petRw/ReadingPetRwTest.tsx?t=1785416085769:288
[ 1582161ms] [TABLE] [Object, Object, Object, Object, Object, Object] @ http://localhost:5175/src/features/exam/petRw/ReadingPetRwTest.tsx?t=1785416085769:288
[ 1584169ms] [TABLE] [Object, Object, Object, Object, Object, Object] @ http://localhost:5175/src/features/exam/petRw/ReadingPetRwTest.tsx?t=1785416085769:288
[ 1584170ms] [TABLE] [Object, Object, Object, Object, Object, Object] @ http://localhost:5175/src/features/exam/petRw/ReadingPetRwTest.tsx?t=1785416085769:288
[ 1586158ms] [TABLE] [Object, Object, Object, Object, Object, Object] @ http://localhost:5175/src/features/exam/petRw/ReadingPetRwTest.tsx?t=1785416085769:288
[ 1586159ms] [TABLE] [Object, Object, Object, Object, Object, Object] @ http://localhost:5175/src/features/exam/petRw/ReadingPetRwTest.tsx?t=1785416085769:288
[ 1588161ms] [TABLE] [Object, Object, Object, Object, Object, Object] @ http://localhost:5175/src/features/exam/petRw/ReadingPetRwTest.tsx?t=1785416085769:288
[ 1588161ms] [TABLE] [Object, Object, Object, Object, Object, Object] @ http://localhost:5175/src/features/exam/petRw/ReadingPetRwTest.tsx?t=1785416085769:288
[ 1590167ms] [TABLE] [Object, Object, Object, Object, Object, Object] @ http://localhost:5175/src/features/exam/petRw/ReadingPetRwTest.tsx?t=1785416085769:288
[ 1590168ms] [TABLE] [Object, Object, Object, Object, Object, Object] @ http://localhost:5175/src/features/exam/petRw/ReadingPetRwTest.tsx?t=1785416085769:288
[ 1592166ms] [TABLE] [Object, Object, Object, Object, Object, Object] @ http://localhost:5175/src/features/exam/petRw/ReadingPetRwTest.tsx?t=1785416085769:288
[ 1592166ms] [TABLE] [Object, Object, Object, Object, Object, Object] @ http://localhost:5175/src/features/exam/petRw/ReadingPetRwTest.tsx?t=1785416085769:288
[ 1594169ms] [TABLE] [Object, Object, Object, Object, Object, Object] @ http://localhost:5175/src/features/exam/petRw/ReadingPetRwTest.tsx?t=1785416085769:288
[ 1594169ms] [TABLE] [Object, Object, Object, Object, Object, Object] @ http://localhost:5175/src/features/exam/petRw/ReadingPetRwTest.tsx?t=1785416085769:288
[ 1596157ms] [TABLE] [Object, Object, Object, Object, Object, Object] @ http://localhost:5175/src/features/exam/petRw/ReadingPetRwTest.tsx?t=1785416085769:288
[ 1596158ms] [TABLE] [Object, Object, Object, Object, Object, Object] @ http://localhost:5175/src/features/exam/petRw/ReadingPetRwTest.tsx?t=1785416085769:288
[ 1598159ms] [TABLE] [Object, Object, Object, Object, Object, Object] @ http://localhost:5175/src/features/exam/petRw/ReadingPetRwTest.tsx?t=1785416085769:288
[ 1598171ms] [TABLE] [Object, Object, Object, Object, Object, Object] @ http://localhost:5175/src/features/exam/petRw/ReadingPetRwTest.tsx?t=1785416085769:288
[ 1600166ms] [TABLE] [Object, Object, Object, Object, Object, Object] @ http://localhost:5175/src/features/exam/petRw/ReadingPetRwTest.tsx?t=1785416085769:288
[ 1600166ms] [TABLE] [Object, Object, Object, Object, Object, Object] @ http://localhost:5175/src/features/exam/petRw/ReadingPetRwTest.tsx?t=1785416085769:288
[ 1602160ms] [TABLE] [Object, Object, Object, Object, Object, Object] @ http://localhost:5175/src/features/exam/petRw/ReadingPetRwTest.tsx?t=1785416085769:288
[ 1602160ms] [TABLE] [Object, Object, Object, Object, Object, Object] @ http://localhost:5175/src/features/exam/petRw/ReadingPetRwTest.tsx?t=1785416085769:288
[ 1604169ms] [TABLE] [Object, Object, Object, Object, Object, Object] @ http://localhost:5175/src/features/exam/petRw/ReadingPetRwTest.tsx?t=1785416085769:288
[ 1604169ms] [TABLE] [Object, Object, Object, Object, Object, Object] @ http://localhost:5175/src/features/exam/petRw/ReadingPetRwTest.tsx?t=1785416085769:288
[ 1606162ms] [TABLE] [Object, Object, Object, Object, Object, Object] @ http://localhost:5175/src/features/exam/petRw/ReadingPetRwTest.tsx?t=1785416085769:288
[ 1606163ms] [TABLE] [Object, Object, Object, Object, Object, Object] @ http://localhost:5175/src/features/exam/petRw/ReadingPetRwTest.tsx?t=1785416085769:288
[ 1608156ms] [TABLE] [Object, Object, Object, Object, Object, Object] @ http://localhost:5175/src/features/exam/petRw/ReadingPetRwTest.tsx?t=1785416085769:288
[ 1608156ms] [TABLE] [Object, Object, Object, Object, Object, Object] @ http://localhost:5175/src/features/exam/petRw/ReadingPetRwTest.tsx?t=1785416085769:288
[ 1610165ms] [TABLE] [Object, Object, Object, Object, Object, Object] @ http://localhost:5175/src/features/exam/petRw/ReadingPetRwTest.tsx?t=1785416085769:288
[ 1610165ms] [TABLE] [Object, Object, Object, Object, Object, Object] @ http://localhost:5175/src/features/exam/petRw/ReadingPetRwTest.tsx?t=1785416085769:288
[ 1612157ms] [TABLE] [Object, Object, Object, Object, Object, Object] @ http://localhost:5175/src/features/exam/petRw/ReadingPetRwTest.tsx?t=1785416085769:288
[ 1612157ms] [TABLE] [Object, Object, Object, Object, Object, Object] @ http://localhost:5175/src/features/exam/petRw/ReadingPetRwTest.tsx?t=1785416085769:288
[ 1614167ms] [TABLE] [Object, Object, Object, Object, Object, Object] @ http://localhost:5175/src/features/exam/petRw/ReadingPetRwTest.tsx?t=1785416085769:288
[ 1614168ms] [TABLE] [Object, Object, Object, Object, Object, Object] @ http://localhost:5175/src/features/exam/petRw/ReadingPetRwTest.tsx?t=1785416085769:288
[ 1616158ms] [TABLE] [Object, Object, Object, Object, Object, Object] @ http://localhost:5175/src/features/exam/petRw/ReadingPetRwTest.tsx?t=1785416085769:288
[ 1616158ms] [TABLE] [Object, Object, Object, Object, Object, Object] @ http://localhost:5175/src/features/exam/petRw/ReadingPetRwTest.tsx?t=1785416085769:288
[ 1618162ms] [TABLE] [Object, Object, Object, Object, Object, Object] @ http://localhost:5175/src/features/exam/petRw/ReadingPetRwTest.tsx?t=1785416085769:288
[ 1618163ms] [TABLE] [Object, Object, Object, Object, Object, Object] @ http://localhost:5175/src/features/exam/petRw/ReadingPetRwTest.tsx?t=1785416085769:288
[ 1620164ms] [TABLE] [Object, Object, Object, Object, Object, Object] @ http://localhost:5175/src/features/exam/petRw/ReadingPetRwTest.tsx?t=1785416085769:288
[ 1620165ms] [TABLE] [Object, Object, Object, Object, Object, Object] @ http://localhost:5175/src/features/exam/petRw/ReadingPetRwTest.tsx?t=1785416085769:288
[ 1622158ms] [TABLE] [Object, Object, Object, Object, Object, Object] @ http://localhost:5175/src/features/exam/petRw/ReadingPetRwTest.tsx?t=1785416085769:288
[ 1622159ms] [TABLE] [Object, Object, Object, Object, Object, Object] @ http://localhost:5175/src/features/exam/petRw/ReadingPetRwTest.tsx?t=1785416085769:288
[ 1624163ms] [TABLE] [Object, Object, Object, Object, Object, Object] @ http://localhost:5175/src/features/exam/petRw/ReadingPetRwTest.tsx?t=1785416085769:288
[ 1624164ms] [TABLE] [Object, Object, Object, Object, Object, Object] @ http://localhost:5175/src/features/exam/petRw/ReadingPetRwTest.tsx?t=1785416085769:288
[ 1626168ms] [TABLE] [Object, Object, Object, Object, Object, Object] @ http://localhost:5175/src/features/exam/petRw/ReadingPetRwTest.tsx?t=1785416085769:288
[ 1626169ms] [TABLE] [Object, Object, Object, Object, Object, Object] @ http://localhost:5175/src/features/exam/petRw/ReadingPetRwTest.tsx?t=1785416085769:288
[ 1628160ms] [TABLE] [Object, Object, Object, Object, Object, Object] @ http://localhost:5175/src/features/exam/petRw/ReadingPetRwTest.tsx?t=1785416085769:288
[ 1628160ms] [TABLE] [Object, Object, Object, Object, Object, Object] @ http://localhost:5175/src/features/exam/petRw/ReadingPetRwTest.tsx?t=1785416085769:288
[ 1630165ms] [TABLE] [Object, Object, Object, Object, Object, Object] @ http://localhost:5175/src/features/exam/petRw/ReadingPetRwTest.tsx?t=1785416085769:288
[ 1630166ms] [TABLE] [Object, Object, Object, Object, Object, Object] @ http://localhost:5175/src/features/exam/petRw/ReadingPetRwTest.tsx?t=1785416085769:288
[ 1632157ms] [TABLE] [Object, Object, Object, Object, Object, Object] @ http://localhost:5175/src/features/exam/petRw/ReadingPetRwTest.tsx?t=1785416085769:288
[ 1632157ms] [TABLE] [Object, Object, Object, Object, Object, Object] @ http://localhost:5175/src/features/exam/petRw/ReadingPetRwTest.tsx?t=1785416085769:288
[ 1634165ms] [TABLE] [Object, Object, Object, Object, Object, Object] @ http://localhost:5175/src/features/exam/petRw/ReadingPetRwTest.tsx?t=1785416085769:288
[ 1634166ms] [TABLE] [Object, Object, Object, Object, Object, Object] @ http://localhost:5175/src/features/exam/petRw/ReadingPetRwTest.tsx?t=1785416085769:288
[ 1636168ms] [TABLE] [Object, Object, Object, Object, Object, Object] @ http://localhost:5175/src/features/exam/petRw/ReadingPetRwTest.tsx?t=1785416085769:288
[ 1636168ms] [TABLE] [Object, Object, Object, Object, Object, Object] @ http://localhost:5175/src/features/exam/petRw/ReadingPetRwTest.tsx?t=1785416085769:288
[ 1638160ms] [TABLE] [Object, Object, Object, Object, Object, Object] @ http://localhost:5175/src/features/exam/petRw/ReadingPetRwTest.tsx?t=1785416085769:288
[ 1638161ms] [TABLE] [Object, Object, Object, Object, Object, Object] @ http://localhost:5175/src/features/exam/petRw/ReadingPetRwTest.tsx?t=1785416085769:288
[ 1640169ms] [TABLE] [Object, Object, Object, Object, Object, Object] @ http://localhost:5175/src/features/exam/petRw/ReadingPetRwTest.tsx?t=1785416085769:288
[ 1640169ms] [TABLE] [Object, Object, Object, Object, Object, Object] @ http://localhost:5175/src/features/exam/petRw/ReadingPetRwTest.tsx?t=1785416085769:288
[ 1642167ms] [TABLE] [Object, Object, Object, Object, Object, Object] @ http://localhost:5175/src/features/exam/petRw/ReadingPetRwTest.tsx?t=1785416085769:288
[ 1642167ms] [TABLE] [Object, Object, Object, Object, Object, Object] @ http://localhost:5175/src/features/exam/petRw/ReadingPetRwTest.tsx?t=1785416085769:288
[ 1644161ms] [TABLE] [Object, Object, Object, Object, Object, Object] @ http://localhost:5175/src/features/exam/petRw/ReadingPetRwTest.tsx?t=1785416085769:288
[ 1644161ms] [TABLE] [Object, Object, Object, Object, Object, Object] @ http://localhost:5175/src/features/exam/petRw/ReadingPetRwTest.tsx?t=1785416085769:288
[ 1646156ms] [TABLE] [Object, Object, Object, Object, Object, Object] @ http://localhost:5175/src/features/exam/petRw/ReadingPetRwTest.tsx?t=1785416085769:288
[ 1646157ms] [TABLE] [Object, Object, Object, Object, Object, Object] @ http://localhost:5175/src/features/exam/petRw/ReadingPetRwTest.tsx?t=1785416085769:288
[ 1648167ms] [TABLE] [Object, Object, Object, Object, Object, Object] @ http://localhost:5175/src/features/exam/petRw/ReadingPetRwTest.tsx?t=1785416085769:288
[ 1648167ms] [TABLE] [Object, Object, Object, Object, Object, Object] @ http://localhost:5175/src/features/exam/petRw/ReadingPetRwTest.tsx?t=1785416085769:288
[ 1650160ms] [TABLE] [Object, Object, Object, Object, Object, Object] @ http://localhost:5175/src/features/exam/petRw/ReadingPetRwTest.tsx?t=1785416085769:288
[ 1650160ms] [TABLE] [Object, Object, Object, Object, Object, Object] @ http://localhost:5175/src/features/exam/petRw/ReadingPetRwTest.tsx?t=1785416085769:288
[ 1652160ms] [TABLE] [Object, Object, Object, Object, Object, Object] @ http://localhost:5175/src/features/exam/petRw/ReadingPetRwTest.tsx?t=1785416085769:288
[ 1652161ms] [TABLE] [Object, Object, Object, Object, Object, Object] @ http://localhost:5175/src/features/exam/petRw/ReadingPetRwTest.tsx?t=1785416085769:288
[ 1654167ms] [TABLE] [Object, Object, Object, Object, Object, Object] @ http://localhost:5175/src/features/exam/petRw/ReadingPetRwTest.tsx?t=1785416085769:288
[ 1654168ms] [TABLE] [Object, Object, Object, Object, Object, Object] @ http://localhost:5175/src/features/exam/petRw/ReadingPetRwTest.tsx?t=1785416085769:288
[ 1656155ms] [TABLE] [Object, Object, Object, Object, Object, Object] @ http://localhost:5175/src/features/exam/petRw/ReadingPetRwTest.tsx?t=1785416085769:288
[ 1656155ms] [TABLE] [Object, Object, Object, Object, Object, Object] @ http://localhost:5175/src/features/exam/petRw/ReadingPetRwTest.tsx?t=1785416085769:288
[ 1658157ms] [TABLE] [Object, Object, Object, Object, Object, Object] @ http://localhost:5175/src/features/exam/petRw/ReadingPetRwTest.tsx?t=1785416085769:288
[ 1658158ms] [TABLE] [Object, Object, Object, Object, Object, Object] @ http://localhost:5175/src/features/exam/petRw/ReadingPetRwTest.tsx?t=1785416085769:288
[ 1660161ms] [TABLE] [Object, Object, Object, Object, Object, Object] @ http://localhost:5175/src/features/exam/petRw/ReadingPetRwTest.tsx?t=1785416085769:288
[ 1660162ms] [TABLE] [Object, Object, Object, Object, Object, Object] @ http://localhost:5175/src/features/exam/petRw/ReadingPetRwTest.tsx?t=1785416085769:288
[ 1662168ms] [TABLE] [Object, Object, Object, Object, Object, Object] @ http://localhost:5175/src/features/exam/petRw/ReadingPetRwTest.tsx?t=1785416085769:288
[ 1662169ms] [TABLE] [Object, Object, Object, Object, Object, Object] @ http://localhost:5175/src/features/exam/petRw/ReadingPetRwTest.tsx?t=1785416085769:288
[ 1664161ms] [TABLE] [Object, Object, Object, Object, Object, Object] @ http://localhost:5175/src/features/exam/petRw/ReadingPetRwTest.tsx?t=1785416085769:288
[ 1664162ms] [TABLE] [Object, Object, Object, Object, Object, Object] @ http://localhost:5175/src/features/exam/petRw/ReadingPetRwTest.tsx?t=1785416085769:288
[ 1666166ms] [TABLE] [Object, Object, Object, Object, Object, Object] @ http://localhost:5175/src/features/exam/petRw/ReadingPetRwTest.tsx?t=1785416085769:288
[ 1666166ms] [TABLE] [Object, Object, Object, Object, Object, Object] @ http://localhost:5175/src/features/exam/petRw/ReadingPetRwTest.tsx?t=1785416085769:288
[ 1668168ms] [TABLE] [Object, Object, Object, Object, Object, Object] @ http://localhost:5175/src/features/exam/petRw/ReadingPetRwTest.tsx?t=1785416085769:288
[ 1668169ms] [TABLE] [Object, Object, Object, Object, Object, Object] @ http://localhost:5175/src/features/exam/petRw/ReadingPetRwTest.tsx?t=1785416085769:288
[ 1670159ms] [TABLE] [Object, Object, Object, Object, Object, Object] @ http://localhost:5175/src/features/exam/petRw/ReadingPetRwTest.tsx?t=1785416085769:288
[ 1670160ms] [TABLE] [Object, Object, Object, Object, Object, Object] @ http://localhost:5175/src/features/exam/petRw/ReadingPetRwTest.tsx?t=1785416085769:288
[ 1672165ms] [TABLE] [Object, Object, Object, Object, Object, Object] @ http://localhost:5175/src/features/exam/petRw/ReadingPetRwTest.tsx?t=1785416085769:288
[ 1672165ms] [TABLE] [Object, Object, Object, Object, Object, Object] @ http://localhost:5175/src/features/exam/petRw/ReadingPetRwTest.tsx?t=1785416085769:288
[ 1674168ms] [TABLE] [Object, Object, Object, Object, Object, Object] @ http://localhost:5175/src/features/exam/petRw/ReadingPetRwTest.tsx?t=1785416085769:288
[ 1674169ms] [TABLE] [Object, Object, Object, Object, Object, Object] @ http://localhost:5175/src/features/exam/petRw/ReadingPetRwTest.tsx?t=1785416085769:288
[ 1676161ms] [TABLE] [Object, Object, Object, Object, Object, Object] @ http://localhost:5175/src/features/exam/petRw/ReadingPetRwTest.tsx?t=1785416085769:288
[ 1676161ms] [TABLE] [Object, Object, Object, Object, Object, Object] @ http://localhost:5175/src/features/exam/petRw/ReadingPetRwTest.tsx?t=1785416085769:288
[ 1678170ms] [TABLE] [Object, Object, Object, Object, Object, Object] @ http://localhost:5175/src/features/exam/petRw/ReadingPetRwTest.tsx?t=1785416085769:288
[ 1678171ms] [TABLE] [Object, Object, Object, Object, Object, Object] @ http://localhost:5175/src/features/exam/petRw/ReadingPetRwTest.tsx?t=1785416085769:288
[ 1680159ms] [TABLE] [Object, Object, Object, Object, Object, Object] @ http://localhost:5175/src/features/exam/petRw/ReadingPetRwTest.tsx?t=1785416085769:288
[ 1680159ms] [TABLE] [Object, Object, Object, Object, Object, Object] @ http://localhost:5175/src/features/exam/petRw/ReadingPetRwTest.tsx?t=1785416085769:288
[ 1682167ms] [TABLE] [Object, Object, Object, Object, Object, Object] @ http://localhost:5175/src/features/exam/petRw/ReadingPetRwTest.tsx?t=1785416085769:288
[ 1682167ms] [TABLE] [Object, Object, Object, Object, Object, Object] @ http://localhost:5175/src/features/exam/petRw/ReadingPetRwTest.tsx?t=1785416085769:288
[ 1684157ms] [TABLE] [Object, Object, Object, Object, Object, Object] @ http://localhost:5175/src/features/exam/petRw/ReadingPetRwTest.tsx?t=1785416085769:288
[ 1684158ms] [TABLE] [Object, Object, Object, Object, Object, Object] @ http://localhost:5175/src/features/exam/petRw/ReadingPetRwTest.tsx?t=1785416085769:288
[ 1686166ms] [TABLE] [Object, Object, Object, Object, Object, Object] @ http://localhost:5175/src/features/exam/petRw/ReadingPetRwTest.tsx?t=1785416085769:288
[ 1686167ms] [TABLE] [Object, Object, Object, Object, Object, Object] @ http://localhost:5175/src/features/exam/petRw/ReadingPetRwTest.tsx?t=1785416085769:288
[ 1688168ms] [TABLE] [Object, Object, Object, Object, Object, Object] @ http://localhost:5175/src/features/exam/petRw/ReadingPetRwTest.tsx?t=1785416085769:288
[ 1688168ms] [TABLE] [Object, Object, Object, Object, Object, Object] @ http://localhost:5175/src/features/exam/petRw/ReadingPetRwTest.tsx?t=1785416085769:288
[ 1690165ms] [TABLE] [Object, Object, Object, Object, Object, Object] @ http://localhost:5175/src/features/exam/petRw/ReadingPetRwTest.tsx?t=1785416085769:288
[ 1690166ms] [TABLE] [Object, Object, Object, Object, Object, Object] @ http://localhost:5175/src/features/exam/petRw/ReadingPetRwTest.tsx?t=1785416085769:288
[ 1692160ms] [TABLE] [Object, Object, Object, Object, Object, Object] @ http://localhost:5175/src/features/exam/petRw/ReadingPetRwTest.tsx?t=1785416085769:288
[ 1692161ms] [TABLE] [Object, Object, Object, Object, Object, Object] @ http://localhost:5175/src/features/exam/petRw/ReadingPetRwTest.tsx?t=1785416085769:288
[ 1694170ms] [TABLE] [Object, Object, Object, Object, Object, Object] @ http://localhost:5175/src/features/exam/petRw/ReadingPetRwTest.tsx?t=1785416085769:288
[ 1694170ms] [TABLE] [Object, Object, Object, Object, Object, Object] @ http://localhost:5175/src/features/exam/petRw/ReadingPetRwTest.tsx?t=1785416085769:288
[ 1696161ms] [TABLE] [Object, Object, Object, Object, Object, Object] @ http://localhost:5175/src/features/exam/petRw/ReadingPetRwTest.tsx?t=1785416085769:288
[ 1696161ms] [TABLE] [Object, Object, Object, Object, Object, Object] @ http://localhost:5175/src/features/exam/petRw/ReadingPetRwTest.tsx?t=1785416085769:288
[ 1698160ms] [TABLE] [Object, Object, Object, Object, Object, Object] @ http://localhost:5175/src/features/exam/petRw/ReadingPetRwTest.tsx?t=1785416085769:288
[ 1698161ms] [TABLE] [Object, Object, Object, Object, Object, Object] @ http://localhost:5175/src/features/exam/petRw/ReadingPetRwTest.tsx?t=1785416085769:288
[ 1700168ms] [TABLE] [Object, Object, Object, Object, Object, Object] @ http://localhost:5175/src/features/exam/petRw/ReadingPetRwTest.tsx?t=1785416085769:288
[ 1700169ms] [TABLE] [Object, Object, Object, Object, Object, Object] @ http://localhost:5175/src/features/exam/petRw/ReadingPetRwTest.tsx?t=1785416085769:288
[ 1702161ms] [TABLE] [Object, Object, Object, Object, Object, Object] @ http://localhost:5175/src/features/exam/petRw/ReadingPetRwTest.tsx?t=1785416085769:288
[ 1702162ms] [TABLE] [Object, Object, Object, Object, Object, Object] @ http://localhost:5175/src/features/exam/petRw/ReadingPetRwTest.tsx?t=1785416085769:288
[ 1704159ms] [TABLE] [Object, Object, Object, Object, Object, Object] @ http://localhost:5175/src/features/exam/petRw/ReadingPetRwTest.tsx?t=1785416085769:288
[ 1704159ms] [TABLE] [Object, Object, Object, Object, Object, Object] @ http://localhost:5175/src/features/exam/petRw/ReadingPetRwTest.tsx?t=1785416085769:288
[ 1706164ms] [TABLE] [Object, Object, Object, Object, Object, Object] @ http://localhost:5175/src/features/exam/petRw/ReadingPetRwTest.tsx?t=1785416085769:288
[ 1706164ms] [TABLE] [Object, Object, Object, Object, Object, Object] @ http://localhost:5175/src/features/exam/petRw/ReadingPetRwTest.tsx?t=1785416085769:288
[ 1708157ms] [TABLE] [Object, Object, Object, Object, Object, Object] @ http://localhost:5175/src/features/exam/petRw/ReadingPetRwTest.tsx?t=1785416085769:288
[ 1708157ms] [TABLE] [Object, Object, Object, Object, Object, Object] @ http://localhost:5175/src/features/exam/petRw/ReadingPetRwTest.tsx?t=1785416085769:288
[ 1710167ms] [TABLE] [Object, Object, Object, Object, Object, Object] @ http://localhost:5175/src/features/exam/petRw/ReadingPetRwTest.tsx?t=1785416085769:288
[ 1710167ms] [TABLE] [Object, Object, Object, Object, Object, Object] @ http://localhost:5175/src/features/exam/petRw/ReadingPetRwTest.tsx?t=1785416085769:288
[ 1712160ms] [TABLE] [Object, Object, Object, Object, Object, Object] @ http://localhost:5175/src/features/exam/petRw/ReadingPetRwTest.tsx?t=1785416085769:288
[ 1712160ms] [TABLE] [Object, Object, Object, Object, Object, Object] @ http://localhost:5175/src/features/exam/petRw/ReadingPetRwTest.tsx?t=1785416085769:288
[ 1714165ms] [TABLE] [Object, Object, Object, Object, Object, Object] @ http://localhost:5175/src/features/exam/petRw/ReadingPetRwTest.tsx?t=1785416085769:288
[ 1714166ms] [TABLE] [Object, Object, Object, Object, Object, Object] @ http://localhost:5175/src/features/exam/petRw/ReadingPetRwTest.tsx?t=1785416085769:288
[ 1716160ms] [TABLE] [Object, Object, Object, Object, Object, Object] @ http://localhost:5175/src/features/exam/petRw/ReadingPetRwTest.tsx?t=1785416085769:288
[ 1716160ms] [TABLE] [Object, Object, Object, Object, Object, Object] @ http://localhost:5175/src/features/exam/petRw/ReadingPetRwTest.tsx?t=1785416085769:288
[ 1718155ms] [TABLE] [Object, Object, Object, Object, Object, Object] @ http://localhost:5175/src/features/exam/petRw/ReadingPetRwTest.tsx?t=1785416085769:288
[ 1718156ms] [TABLE] [Object, Object, Object, Object, Object, Object] @ http://localhost:5175/src/features/exam/petRw/ReadingPetRwTest.tsx?t=1785416085769:288
[ 1720158ms] [TABLE] [Object, Object, Object, Object, Object, Object] @ http://localhost:5175/src/features/exam/petRw/ReadingPetRwTest.tsx?t=1785416085769:288
[ 1720159ms] [TABLE] [Object, Object, Object, Object, Object, Object] @ http://localhost:5175/src/features/exam/petRw/ReadingPetRwTest.tsx?t=1785416085769:288
[ 1722168ms] [TABLE] [Object, Object, Object, Object, Object, Object] @ http://localhost:5175/src/features/exam/petRw/ReadingPetRwTest.tsx?t=1785416085769:288
[ 1722170ms] [TABLE] [Object, Object, Object, Object, Object, Object] @ http://localhost:5175/src/features/exam/petRw/ReadingPetRwTest.tsx?t=1785416085769:288
[ 1724161ms] [TABLE] [Object, Object, Object, Object, Object, Object] @ http://localhost:5175/src/features/exam/petRw/ReadingPetRwTest.tsx?t=1785416085769:288
[ 1724162ms] [TABLE] [Object, Object, Object, Object, Object, Object] @ http://localhost:5175/src/features/exam/petRw/ReadingPetRwTest.tsx?t=1785416085769:288
[ 1726168ms] [TABLE] [Object, Object, Object, Object, Object, Object] @ http://localhost:5175/src/features/exam/petRw/ReadingPetRwTest.tsx?t=1785416085769:288
[ 1726168ms] [TABLE] [Object, Object, Object, Object, Object, Object] @ http://localhost:5175/src/features/exam/petRw/ReadingPetRwTest.tsx?t=1785416085769:288
[ 1728159ms] [TABLE] [Object, Object, Object, Object, Object, Object] @ http://localhost:5175/src/features/exam/petRw/ReadingPetRwTest.tsx?t=1785416085769:288
[ 1728160ms] [TABLE] [Object, Object, Object, Object, Object, Object] @ http://localhost:5175/src/features/exam/petRw/ReadingPetRwTest.tsx?t=1785416085769:288
[ 1730159ms] [TABLE] [Object, Object, Object, Object, Object, Object] @ http://localhost:5175/src/features/exam/petRw/ReadingPetRwTest.tsx?t=1785416085769:288
[ 1730159ms] [TABLE] [Object, Object, Object, Object, Object, Object] @ http://localhost:5175/src/features/exam/petRw/ReadingPetRwTest.tsx?t=1785416085769:288
[ 1732165ms] [TABLE] [Object, Object, Object, Object, Object, Object] @ http://localhost:5175/src/features/exam/petRw/ReadingPetRwTest.tsx?t=1785416085769:288
[ 1732166ms] [TABLE] [Object, Object, Object, Object, Object, Object] @ http://localhost:5175/src/features/exam/petRw/ReadingPetRwTest.tsx?t=1785416085769:288
[ 1734155ms] [TABLE] [Object, Object, Object, Object, Object, Object] @ http://localhost:5175/src/features/exam/petRw/ReadingPetRwTest.tsx?t=1785416085769:288
[ 1734155ms] [TABLE] [Object, Object, Object, Object, Object, Object] @ http://localhost:5175/src/features/exam/petRw/ReadingPetRwTest.tsx?t=1785416085769:288
[ 1736161ms] [TABLE] [Object, Object, Object, Object, Object, Object] @ http://localhost:5175/src/features/exam/petRw/ReadingPetRwTest.tsx?t=1785416085769:288
[ 1736162ms] [TABLE] [Object, Object, Object, Object, Object, Object] @ http://localhost:5175/src/features/exam/petRw/ReadingPetRwTest.tsx?t=1785416085769:288
[ 1738155ms] [TABLE] [Object, Object, Object, Object, Object, Object] @ http://localhost:5175/src/features/exam/petRw/ReadingPetRwTest.tsx?t=1785416085769:288
[ 1738156ms] [TABLE] [Object, Object, Object, Object, Object, Object] @ http://localhost:5175/src/features/exam/petRw/ReadingPetRwTest.tsx?t=1785416085769:288
[ 1740165ms] [TABLE] [Object, Object, Object, Object, Object, Object] @ http://localhost:5175/src/features/exam/petRw/ReadingPetRwTest.tsx?t=1785416085769:288
[ 1740165ms] [TABLE] [Object, Object, Object, Object, Object, Object] @ http://localhost:5175/src/features/exam/petRw/ReadingPetRwTest.tsx?t=1785416085769:288
[ 1742160ms] [TABLE] [Object, Object, Object, Object, Object, Object] @ http://localhost:5175/src/features/exam/petRw/ReadingPetRwTest.tsx?t=1785416085769:288
[ 1742161ms] [TABLE] [Object, Object, Object, Object, Object, Object] @ http://localhost:5175/src/features/exam/petRw/ReadingPetRwTest.tsx?t=1785416085769:288
[ 1744168ms] [TABLE] [Object, Object, Object, Object, Object, Object] @ http://localhost:5175/src/features/exam/petRw/ReadingPetRwTest.tsx?t=1785416085769:288
[ 1744168ms] [TABLE] [Object, Object, Object, Object, Object, Object] @ http://localhost:5175/src/features/exam/petRw/ReadingPetRwTest.tsx?t=1785416085769:288
[ 1746157ms] [TABLE] [Object, Object, Object, Object, Object, Object] @ http://localhost:5175/src/features/exam/petRw/ReadingPetRwTest.tsx?t=1785416085769:288
[ 1746157ms] [TABLE] [Object, Object, Object, Object, Object, Object] @ http://localhost:5175/src/features/exam/petRw/ReadingPetRwTest.tsx?t=1785416085769:288
[ 1748166ms] [TABLE] [Object, Object, Object, Object, Object, Object] @ http://localhost:5175/src/features/exam/petRw/ReadingPetRwTest.tsx?t=1785416085769:288
[ 1748167ms] [TABLE] [Object, Object, Object, Object, Object, Object] @ http://localhost:5175/src/features/exam/petRw/ReadingPetRwTest.tsx?t=1785416085769:288
[ 1750156ms] [TABLE] [Object, Object, Object, Object, Object, Object] @ http://localhost:5175/src/features/exam/petRw/ReadingPetRwTest.tsx?t=1785416085769:288
[ 1750157ms] [TABLE] [Object, Object, Object, Object, Object, Object] @ http://localhost:5175/src/features/exam/petRw/ReadingPetRwTest.tsx?t=1785416085769:288
[ 1752163ms] [TABLE] [Object, Object, Object, Object, Object, Object] @ http://localhost:5175/src/features/exam/petRw/ReadingPetRwTest.tsx?t=1785416085769:288
[ 1752163ms] [TABLE] [Object, Object, Object, Object, Object, Object] @ http://localhost:5175/src/features/exam/petRw/ReadingPetRwTest.tsx?t=1785416085769:288
[ 1754168ms] [TABLE] [Object, Object, Object, Object, Object, Object] @ http://localhost:5175/src/features/exam/petRw/ReadingPetRwTest.tsx?t=1785416085769:288
[ 1754169ms] [TABLE] [Object, Object, Object, Object, Object, Object] @ http://localhost:5175/src/features/exam/petRw/ReadingPetRwTest.tsx?t=1785416085769:288
[ 1756161ms] [TABLE] [Object, Object, Object, Object, Object, Object] @ http://localhost:5175/src/features/exam/petRw/ReadingPetRwTest.tsx?t=1785416085769:288
[ 1756162ms] [TABLE] [Object, Object, Object, Object, Object, Object] @ http://localhost:5175/src/features/exam/petRw/ReadingPetRwTest.tsx?t=1785416085769:288
[ 1758165ms] [TABLE] [Object, Object, Object, Object, Object, Object] @ http://localhost:5175/src/features/exam/petRw/ReadingPetRwTest.tsx?t=1785416085769:288
[ 1758165ms] [TABLE] [Object, Object, Object, Object, Object, Object] @ http://localhost:5175/src/features/exam/petRw/ReadingPetRwTest.tsx?t=1785416085769:288
[ 1760168ms] [TABLE] [Object, Object, Object, Object, Object, Object] @ http://localhost:5175/src/features/exam/petRw/ReadingPetRwTest.tsx?t=1785416085769:288
[ 1760168ms] [TABLE] [Object, Object, Object, Object, Object, Object] @ http://localhost:5175/src/features/exam/petRw/ReadingPetRwTest.tsx?t=1785416085769:288
[ 1762161ms] [TABLE] [Object, Object, Object, Object, Object, Object] @ http://localhost:5175/src/features/exam/petRw/ReadingPetRwTest.tsx?t=1785416085769:288
[ 1762161ms] [TABLE] [Object, Object, Object, Object, Object, Object] @ http://localhost:5175/src/features/exam/petRw/ReadingPetRwTest.tsx?t=1785416085769:288
[ 1764164ms] [TABLE] [Object, Object, Object, Object, Object, Object] @ http://localhost:5175/src/features/exam/petRw/ReadingPetRwTest.tsx?t=1785416085769:288
[ 1764164ms] [TABLE] [Object, Object, Object, Object, Object, Object] @ http://localhost:5175/src/features/exam/petRw/ReadingPetRwTest.tsx?t=1785416085769:288
[ 1766156ms] [TABLE] [Object, Object, Object, Object, Object, Object] @ http://localhost:5175/src/features/exam/petRw/ReadingPetRwTest.tsx?t=1785416085769:288
[ 1766157ms] [TABLE] [Object, Object, Object, Object, Object, Object] @ http://localhost:5175/src/features/exam/petRw/ReadingPetRwTest.tsx?t=1785416085769:288
[ 1768161ms] [TABLE] [Object, Object, Object, Object, Object, Object] @ http://localhost:5175/src/features/exam/petRw/ReadingPetRwTest.tsx?t=1785416085769:288
[ 1768162ms] [TABLE] [Object, Object, Object, Object, Object, Object] @ http://localhost:5175/src/features/exam/petRw/ReadingPetRwTest.tsx?t=1785416085769:288
[ 1770156ms] [TABLE] [Object, Object, Object, Object, Object, Object] @ http://localhost:5175/src/features/exam/petRw/ReadingPetRwTest.tsx?t=1785416085769:288
[ 1770157ms] [TABLE] [Object, Object, Object, Object, Object, Object] @ http://localhost:5175/src/features/exam/petRw/ReadingPetRwTest.tsx?t=1785416085769:288
[ 1772165ms] [TABLE] [Object, Object, Object, Object, Object, Object] @ http://localhost:5175/src/features/exam/petRw/ReadingPetRwTest.tsx?t=1785416085769:288
[ 1772166ms] [TABLE] [Object, Object, Object, Object, Object, Object] @ http://localhost:5175/src/features/exam/petRw/ReadingPetRwTest.tsx?t=1785416085769:288
[ 1774171ms] [TABLE] [Object, Object, Object, Object, Object, Object] @ http://localhost:5175/src/features/exam/petRw/ReadingPetRwTest.tsx?t=1785416085769:288
[ 1774171ms] [TABLE] [Object, Object, Object, Object, Object, Object] @ http://localhost:5175/src/features/exam/petRw/ReadingPetRwTest.tsx?t=1785416085769:288
[ 1776161ms] [TABLE] [Object, Object, Object, Object, Object, Object] @ http://localhost:5175/src/features/exam/petRw/ReadingPetRwTest.tsx?t=1785416085769:288
[ 1776161ms] [TABLE] [Object, Object, Object, Object, Object, Object] @ http://localhost:5175/src/features/exam/petRw/ReadingPetRwTest.tsx?t=1785416085769:288
[ 1778156ms] [TABLE] [Object, Object, Object, Object, Object, Object] @ http://localhost:5175/src/features/exam/petRw/ReadingPetRwTest.tsx?t=1785416085769:288
[ 1778156ms] [TABLE] [Object, Object, Object, Object, Object, Object] @ http://localhost:5175/src/features/exam/petRw/ReadingPetRwTest.tsx?t=1785416085769:288
[ 1780161ms] [TABLE] [Object, Object, Object, Object, Object, Object] @ http://localhost:5175/src/features/exam/petRw/ReadingPetRwTest.tsx?t=1785416085769:288
[ 1780161ms] [TABLE] [Object, Object, Object, Object, Object, Object] @ http://localhost:5175/src/features/exam/petRw/ReadingPetRwTest.tsx?t=1785416085769:288
[ 1782169ms] [TABLE] [Object, Object, Object, Object, Object, Object] @ http://localhost:5175/src/features/exam/petRw/ReadingPetRwTest.tsx?t=1785416085769:288
[ 1782169ms] [TABLE] [Object, Object, Object, Object, Object, Object] @ http://localhost:5175/src/features/exam/petRw/ReadingPetRwTest.tsx?t=1785416085769:288
[ 1784164ms] [TABLE] [Object, Object, Object, Object, Object, Object] @ http://localhost:5175/src/features/exam/petRw/ReadingPetRwTest.tsx?t=1785416085769:288
[ 1784164ms] [TABLE] [Object, Object, Object, Object, Object, Object] @ http://localhost:5175/src/features/exam/petRw/ReadingPetRwTest.tsx?t=1785416085769:288
[ 1786169ms] [TABLE] [Object, Object, Object, Object, Object, Object] @ http://localhost:5175/src/features/exam/petRw/ReadingPetRwTest.tsx?t=1785416085769:288
[ 1786169ms] [TABLE] [Object, Object, Object, Object, Object, Object] @ http://localhost:5175/src/features/exam/petRw/ReadingPetRwTest.tsx?t=1785416085769:288
[ 1788159ms] [TABLE] [Object, Object, Object, Object, Object, Object] @ http://localhost:5175/src/features/exam/petRw/ReadingPetRwTest.tsx?t=1785416085769:288
[ 1788160ms] [TABLE] [Object, Object, Object, Object, Object, Object] @ http://localhost:5175/src/features/exam/petRw/ReadingPetRwTest.tsx?t=1785416085769:288
[ 1790157ms] [TABLE] [Object, Object, Object, Object, Object, Object] @ http://localhost:5175/src/features/exam/petRw/ReadingPetRwTest.tsx?t=1785416085769:288
[ 1790162ms] [TABLE] [Object, Object, Object, Object, Object, Object] @ http://localhost:5175/src/features/exam/petRw/ReadingPetRwTest.tsx?t=1785416085769:288
[ 1792169ms] [TABLE] [Object, Object, Object, Object, Object, Object] @ http://localhost:5175/src/features/exam/petRw/ReadingPetRwTest.tsx?t=1785416085769:288
[ 1792170ms] [TABLE] [Object, Object, Object, Object, Object, Object] @ http://localhost:5175/src/features/exam/petRw/ReadingPetRwTest.tsx?t=1785416085769:288
[ 1794162ms] [TABLE] [Object, Object, Object, Object, Object, Object] @ http://localhost:5175/src/features/exam/petRw/ReadingPetRwTest.tsx?t=1785416085769:288
[ 1794162ms] [TABLE] [Object, Object, Object, Object, Object, Object] @ http://localhost:5175/src/features/exam/petRw/ReadingPetRwTest.tsx?t=1785416085769:288
[ 1796171ms] [TABLE] [Object, Object, Object, Object, Object, Object] @ http://localhost:5175/src/features/exam/petRw/ReadingPetRwTest.tsx?t=1785416085769:288
[ 1796171ms] [TABLE] [Object, Object, Object, Object, Object, Object] @ http://localhost:5175/src/features/exam/petRw/ReadingPetRwTest.tsx?t=1785416085769:288
[ 1798169ms] [TABLE] [Object, Object, Object, Object, Object, Object] @ http://localhost:5175/src/features/exam/petRw/ReadingPetRwTest.tsx?t=1785416085769:288
[ 1798169ms] [TABLE] [Object, Object, Object, Object, Object, Object] @ http://localhost:5175/src/features/exam/petRw/ReadingPetRwTest.tsx?t=1785416085769:288
[ 1800160ms] [TABLE] [Object, Object, Object, Object, Object, Object] @ http://localhost:5175/src/features/exam/petRw/ReadingPetRwTest.tsx?t=1785416085769:288
[ 1800161ms] [TABLE] [Object, Object, Object, Object, Object, Object] @ http://localhost:5175/src/features/exam/petRw/ReadingPetRwTest.tsx?t=1785416085769:288
[ 1802165ms] [TABLE] [Object, Object, Object, Object, Object, Object] @ http://localhost:5175/src/features/exam/petRw/ReadingPetRwTest.tsx?t=1785416085769:288
[ 1802165ms] [TABLE] [Object, Object, Object, Object, Object, Object] @ http://localhost:5175/src/features/exam/petRw/ReadingPetRwTest.tsx?t=1785416085769:288
[ 1804167ms] [TABLE] [Object, Object, Object, Object, Object, Object] @ http://localhost:5175/src/features/exam/petRw/ReadingPetRwTest.tsx?t=1785416085769:288
[ 1804167ms] [TABLE] [Object, Object, Object, Object, Object, Object] @ http://localhost:5175/src/features/exam/petRw/ReadingPetRwTest.tsx?t=1785416085769:288
[ 1806161ms] [TABLE] [Object, Object, Object, Object, Object, Object] @ http://localhost:5175/src/features/exam/petRw/ReadingPetRwTest.tsx?t=1785416085769:288
[ 1806161ms] [TABLE] [Object, Object, Object, Object, Object, Object] @ http://localhost:5175/src/features/exam/petRw/ReadingPetRwTest.tsx?t=1785416085769:288
[ 1808168ms] [TABLE] [Object, Object, Object, Object, Object, Object] @ http://localhost:5175/src/features/exam/petRw/ReadingPetRwTest.tsx?t=1785416085769:288
[ 1808169ms] [TABLE] [Object, Object, Object, Object, Object, Object] @ http://localhost:5175/src/features/exam/petRw/ReadingPetRwTest.tsx?t=1785416085769:288
[ 1810161ms] [TABLE] [Object, Object, Object, Object, Object, Object] @ http://localhost:5175/src/features/exam/petRw/ReadingPetRwTest.tsx?t=1785416085769:288
[ 1810161ms] [TABLE] [Object, Object, Object, Object, Object, Object] @ http://localhost:5175/src/features/exam/petRw/ReadingPetRwTest.tsx?t=1785416085769:288
[ 1812166ms] [TABLE] [Object, Object, Object, Object, Object, Object] @ http://localhost:5175/src/features/exam/petRw/ReadingPetRwTest.tsx?t=1785416085769:288
[ 1812166ms] [TABLE] [Object, Object, Object, Object, Object, Object] @ http://localhost:5175/src/features/exam/petRw/ReadingPetRwTest.tsx?t=1785416085769:288
[ 1814157ms] [TABLE] [Object, Object, Object, Object, Object, Object] @ http://localhost:5175/src/features/exam/petRw/ReadingPetRwTest.tsx?t=1785416085769:288
[ 1814158ms] [TABLE] [Object, Object, Object, Object, Object, Object] @ http://localhost:5175/src/features/exam/petRw/ReadingPetRwTest.tsx?t=1785416085769:288
[ 1816159ms] [TABLE] [Object, Object, Object, Object, Object, Object] @ http://localhost:5175/src/features/exam/petRw/ReadingPetRwTest.tsx?t=1785416085769:288
[ 1816160ms] [TABLE] [Object, Object, Object, Object, Object, Object] @ http://localhost:5175/src/features/exam/petRw/ReadingPetRwTest.tsx?t=1785416085769:288
[ 1818163ms] [TABLE] [Object, Object, Object, Object, Object, Object] @ http://localhost:5175/src/features/exam/petRw/ReadingPetRwTest.tsx?t=1785416085769:288
[ 1818164ms] [TABLE] [Object, Object, Object, Object, Object, Object] @ http://localhost:5175/src/features/exam/petRw/ReadingPetRwTest.tsx?t=1785416085769:288
[ 1820169ms] [TABLE] [Object, Object, Object, Object, Object, Object] @ http://localhost:5175/src/features/exam/petRw/ReadingPetRwTest.tsx?t=1785416085769:288
[ 1820169ms] [TABLE] [Object, Object, Object, Object, Object, Object] @ http://localhost:5175/src/features/exam/petRw/ReadingPetRwTest.tsx?t=1785416085769:288
[ 1822156ms] [TABLE] [Object, Object, Object, Object, Object, Object] @ http://localhost:5175/src/features/exam/petRw/ReadingPetRwTest.tsx?t=1785416085769:288
[ 1822157ms] [TABLE] [Object, Object, Object, Object, Object, Object] @ http://localhost:5175/src/features/exam/petRw/ReadingPetRwTest.tsx?t=1785416085769:288
[ 1824160ms] [TABLE] [Object, Object, Object, Object, Object, Object] @ http://localhost:5175/src/features/exam/petRw/ReadingPetRwTest.tsx?t=1785416085769:288
[ 1824161ms] [TABLE] [Object, Object, Object, Object, Object, Object] @ http://localhost:5175/src/features/exam/petRw/ReadingPetRwTest.tsx?t=1785416085769:288
[ 1826164ms] [TABLE] [Object, Object, Object, Object, Object, Object] @ http://localhost:5175/src/features/exam/petRw/ReadingPetRwTest.tsx?t=1785416085769:288
[ 1826165ms] [TABLE] [Object, Object, Object, Object, Object, Object] @ http://localhost:5175/src/features/exam/petRw/ReadingPetRwTest.tsx?t=1785416085769:288
[ 1828155ms] [TABLE] [Object, Object, Object, Object, Object, Object] @ http://localhost:5175/src/features/exam/petRw/ReadingPetRwTest.tsx?t=1785416085769:288
[ 1828156ms] [TABLE] [Object, Object, Object, Object, Object, Object] @ http://localhost:5175/src/features/exam/petRw/ReadingPetRwTest.tsx?t=1785416085769:288
[ 1830156ms] [TABLE] [Object, Object, Object, Object, Object, Object] @ http://localhost:5175/src/features/exam/petRw/ReadingPetRwTest.tsx?t=1785416085769:288
[ 1830157ms] [TABLE] [Object, Object, Object, Object, Object, Object] @ http://localhost:5175/src/features/exam/petRw/ReadingPetRwTest.tsx?t=1785416085769:288
[ 1832156ms] [TABLE] [Object, Object, Object, Object, Object, Object] @ http://localhost:5175/src/features/exam/petRw/ReadingPetRwTest.tsx?t=1785416085769:288
[ 1832157ms] [TABLE] [Object, Object, Object, Object, Object, Object] @ http://localhost:5175/src/features/exam/petRw/ReadingPetRwTest.tsx?t=1785416085769:288
[ 1834162ms] [TABLE] [Object, Object, Object, Object, Object, Object] @ http://localhost:5175/src/features/exam/petRw/ReadingPetRwTest.tsx?t=1785416085769:288
[ 1834163ms] [TABLE] [Object, Object, Object, Object, Object, Object] @ http://localhost:5175/src/features/exam/petRw/ReadingPetRwTest.tsx?t=1785416085769:288
[ 1836165ms] [TABLE] [Object, Object, Object, Object, Object, Object] @ http://localhost:5175/src/features/exam/petRw/ReadingPetRwTest.tsx?t=1785416085769:288
[ 1836165ms] [TABLE] [Object, Object, Object, Object, Object, Object] @ http://localhost:5175/src/features/exam/petRw/ReadingPetRwTest.tsx?t=1785416085769:288
[ 1838160ms] [TABLE] [Object, Object, Object, Object, Object, Object] @ http://localhost:5175/src/features/exam/petRw/ReadingPetRwTest.tsx?t=1785416085769:288
[ 1838160ms] [TABLE] [Object, Object, Object, Object, Object, Object] @ http://localhost:5175/src/features/exam/petRw/ReadingPetRwTest.tsx?t=1785416085769:288
[ 1840169ms] [TABLE] [Object, Object, Object, Object, Object, Object] @ http://localhost:5175/src/features/exam/petRw/ReadingPetRwTest.tsx?t=1785416085769:288
[ 1840169ms] [TABLE] [Object, Object, Object, Object, Object, Object] @ http://localhost:5175/src/features/exam/petRw/ReadingPetRwTest.tsx?t=1785416085769:288
[ 1842158ms] [TABLE] [Object, Object, Object, Object, Object, Object] @ http://localhost:5175/src/features/exam/petRw/ReadingPetRwTest.tsx?t=1785416085769:288
[ 1842159ms] [TABLE] [Object, Object, Object, Object, Object, Object] @ http://localhost:5175/src/features/exam/petRw/ReadingPetRwTest.tsx?t=1785416085769:288
[ 1844172ms] [TABLE] [Object, Object, Object, Object, Object, Object] @ http://localhost:5175/src/features/exam/petRw/ReadingPetRwTest.tsx?t=1785416085769:288
[ 1844173ms] [TABLE] [Object, Object, Object, Object, Object, Object] @ http://localhost:5175/src/features/exam/petRw/ReadingPetRwTest.tsx?t=1785416085769:288
[ 1846165ms] [TABLE] [Object, Object, Object, Object, Object, Object] @ http://localhost:5175/src/features/exam/petRw/ReadingPetRwTest.tsx?t=1785416085769:288
[ 1846165ms] [TABLE] [Object, Object, Object, Object, Object, Object] @ http://localhost:5175/src/features/exam/petRw/ReadingPetRwTest.tsx?t=1785416085769:288
[ 1848170ms] [TABLE] [Object, Object, Object, Object, Object, Object] @ http://localhost:5175/src/features/exam/petRw/ReadingPetRwTest.tsx?t=1785416085769:288
[ 1848170ms] [TABLE] [Object, Object, Object, Object, Object, Object] @ http://localhost:5175/src/features/exam/petRw/ReadingPetRwTest.tsx?t=1785416085769:288
[ 1849173ms] [TABLE] [Object, Object, Object, Object, Object, Object] @ http://localhost:5175/src/features/exam/petRw/ReadingPetRwTest.tsx?t=1785416085769:288
[ 1849174ms] [TABLE] [Object, Object, Object, Object, Object, Object] @ http://localhost:5175/src/features/exam/petRw/ReadingPetRwTest.tsx?t=1785416085769:288
[ 1849738ms] [TABLE] [Object, Object, Object, Object, Object] @ http://localhost:5175/src/features/exam/petRw/ReadingPetRwTest.tsx?t=1785416085769:288
[ 1849738ms] [TABLE] [Object, Object, Object, Object, Object] @ http://localhost:5175/src/features/exam/petRw/ReadingPetRwTest.tsx?t=1785416085769:288
[ 1849747ms] [TABLE] [Object, Object, Object, Object, Object] @ http://localhost:5175/src/features/exam/petRw/ReadingPetRwTest.tsx?t=1785416085769:288
[ 1849747ms] [TABLE] [Object, Object, Object, Object, Object] @ http://localhost:5175/src/features/exam/petRw/ReadingPetRwTest.tsx?t=1785416085769:288
[ 1850176ms] [TABLE] [Object, Object, Object, Object, Object] @ http://localhost:5175/src/features/exam/petRw/ReadingPetRwTest.tsx?t=1785416085769:288
[ 1850177ms] [TABLE] [Object, Object, Object, Object, Object] @ http://localhost:5175/src/features/exam/petRw/ReadingPetRwTest.tsx?t=1785416085769:288
[ 1851194ms] [TABLE] [Object, Object, Object, Object, Object] @ http://localhost:5175/src/features/exam/petRw/ReadingPetRwTest.tsx?t=1785416085769:288
[ 1851195ms] [TABLE] [Object, Object, Object, Object, Object] @ http://localhost:5175/src/features/exam/petRw/ReadingPetRwTest.tsx?t=1785416085769:288
[ 1851638ms] [INFO] %cDownload the React DevTools for a better development experience: https://reactjs.org/link/react-devtools font-weight:bold @ http://localhost:5175/node_modules/.vite/deps/chunk-U3XUIKGL.js?v=943e1971:21550
[ 1851675ms] [WARNING] ⚠️ React Router Future Flag Warning: React Router will begin wrapping state updates in `React.startTransition` in v7. You can use the `v7_startTransition` future flag to opt-in early. For more information, see https://reactrouter.com/v6/upgrading/future#v7_starttransition. @ http://localhost:5175/node_modules/.vite/deps/react-router-dom.js?v=943e1971:4426
[ 1851675ms] [WARNING] ⚠️ React Router Future Flag Warning: Relative route resolution within Splat routes is changing in v7. You can use the `v7_relativeSplatPath` future flag to opt-in early. For more information, see https://reactrouter.com/v6/upgrading/future#v7_relativesplatpath. @ http://localhost:5175/node_modules/.vite/deps/react-router-dom.js?v=943e1971:4426
[ 1851683ms] [WARNING] <meta name="apple-mobile-web-app-capable" content="yes"> is deprecated. Please include <meta name="mobile-web-app-capable" content="yes"> @ http://localhost:5175/app/exam/reading/catalog-reading-pet-b1-test16:0
[ 1852566ms] [TABLE] [Object, Object, Object, Object, Object] @ http://localhost:5175/src/features/exam/petRw/ReadingPetRwTest.tsx?t=1785416085769:288
[ 1852567ms] [TABLE] [Object, Object, Object, Object, Object] @ http://localhost:5175/src/features/exam/petRw/ReadingPetRwTest.tsx?t=1785416085769:288
[ 1852585ms] [TABLE] [Object, Object, Object, Object, Object] @ http://localhost:5175/src/features/exam/petRw/ReadingPetRwTest.tsx?t=1785416085769:288
[ 1852586ms] [TABLE] [Object, Object, Object, Object, Object] @ http://localhost:5175/src/features/exam/petRw/ReadingPetRwTest.tsx?t=1785416085769:288
[ 1852603ms] [TABLE] [Object, Object, Object, Object, Object] @ http://localhost:5175/src/features/exam/petRw/ReadingPetRwTest.tsx?t=1785416085769:288
[ 1852604ms] [TABLE] [Object, Object, Object, Object, Object] @ http://localhost:5175/src/features/exam/petRw/ReadingPetRwTest.tsx?t=1785416085769:288
[ 1853605ms] [TABLE] [Object, Object, Object, Object, Object] @ http://localhost:5175/src/features/exam/petRw/ReadingPetRwTest.tsx?t=1785416085769:288
[ 1853605ms] [TABLE] [Object, Object, Object, Object, Object] @ http://localhost:5175/src/features/exam/petRw/ReadingPetRwTest.tsx?t=1785416085769:288
[ 1853610ms] [TABLE] [Object, Object, Object, Object, Object] @ http://localhost:5175/src/features/exam/petRw/ReadingPetRwTest.tsx?t=1785416085769:288
[ 1853610ms] [TABLE] [Object, Object, Object, Object, Object] @ http://localhost:5175/src/features/exam/petRw/ReadingPetRwTest.tsx?t=1785416085769:288
[ 1854065ms] [TABLE] [Object, Object, Object, Object, Object] @ http://localhost:5175/src/features/exam/petRw/ReadingPetRwTest.tsx?t=1785416085769:288
[ 1854066ms] [TABLE] [Object, Object, Object, Object, Object] @ http://localhost:5175/src/features/exam/petRw/ReadingPetRwTest.tsx?t=1785416085769:288
[ 1854621ms] [TABLE] [Object, Object, Object, Object, Object] @ http://localhost:5175/src/features/exam/petRw/ReadingPetRwTest.tsx?t=1785416085769:288
[ 1854622ms] [TABLE] [Object, Object, Object, Object, Object] @ http://localhost:5175/src/features/exam/petRw/ReadingPetRwTest.tsx?t=1785416085769:288
[ 1854760ms] [TABLE] [Object, Object, Object, Object, Object] @ http://localhost:5175/src/features/exam/petRw/ReadingPetRwTest.tsx?t=1785416085769:288
[ 1854760ms] [TABLE] [Object, Object, Object, Object, Object] @ http://localhost:5175/src/features/exam/petRw/ReadingPetRwTest.tsx?t=1785416085769:288
[ 1854841ms] [TABLE] [Object, Object, Object, Object, Object] @ http://localhost:5175/src/features/exam/petRw/ReadingPetRwTest.tsx?t=1785416085769:288
[ 1854841ms] [TABLE] [Object, Object, Object, Object, Object] @ http://localhost:5175/src/features/exam/petRw/ReadingPetRwTest.tsx?t=1785416085769:288
[ 1855065ms] [TABLE] [Object, Object, Object, Object, Object] @ http://localhost:5175/src/features/exam/petRw/ReadingPetRwTest.tsx?t=1785416085769:288
[ 1855065ms] [TABLE] [Object, Object, Object, Object, Object] @ http://localhost:5175/src/features/exam/petRw/ReadingPetRwTest.tsx?t=1785416085769:288
[ 1855634ms] [TABLE] [Object, Object, Object, Object, Object] @ http://localhost:5175/src/features/exam/petRw/ReadingPetRwTest.tsx?t=1785416085769:288
[ 1855635ms] [TABLE] [Object, Object, Object, Object, Object] @ http://localhost:5175/src/features/exam/petRw/ReadingPetRwTest.tsx?t=1785416085769:288
[ 1855659ms] [TABLE] [Object, Object, Object, Object, Object] @ http://localhost:5175/src/features/exam/petRw/ReadingPetRwTest.tsx?t=1785416085769:288
[ 1855659ms] [TABLE] [Object, Object, Object, Object, Object] @ http://localhost:5175/src/features/exam/petRw/ReadingPetRwTest.tsx?t=1785416085769:288
[ 1856352ms] [TABLE] [Object, Object, Object, Object, Object] @ http://localhost:5175/src/features/exam/petRw/ReadingPetRwTest.tsx?t=1785416085769:288
[ 1856352ms] [TABLE] [Object, Object, Object, Object, Object] @ http://localhost:5175/src/features/exam/petRw/ReadingPetRwTest.tsx?t=1785416085769:288
[ 1856440ms] [TABLE] [Object, Object, Object, Object, Object] @ http://localhost:5175/src/features/exam/petRw/ReadingPetRwTest.tsx?t=1785416085769:288
[ 1856440ms] [TABLE] [Object, Object, Object, Object, Object] @ http://localhost:5175/src/features/exam/petRw/ReadingPetRwTest.tsx?t=1785416085769:288
[ 1856511ms] [TABLE] [Object, Object, Object, Object, Object] @ http://localhost:5175/src/features/exam/petRw/ReadingPetRwTest.tsx?t=1785416085769:288
[ 1856512ms] [TABLE] [Object, Object, Object, Object, Object] @ http://localhost:5175/src/features/exam/petRw/ReadingPetRwTest.tsx?t=1785416085769:288
[ 1856640ms] [TABLE] [Object, Object, Object, Object, Object] @ http://localhost:5175/src/features/exam/petRw/ReadingPetRwTest.tsx?t=1785416085769:288
[ 1856640ms] [TABLE] [Object, Object, Object, Object, Object] @ http://localhost:5175/src/features/exam/petRw/ReadingPetRwTest.tsx?t=1785416085769:288
[ 1858167ms] [TABLE] [Object, Object, Object, Object, Object] @ http://localhost:5175/src/features/exam/petRw/ReadingPetRwTest.tsx?t=1785416085769:288
[ 1858168ms] [TABLE] [Object, Object, Object, Object, Object] @ http://localhost:5175/src/features/exam/petRw/ReadingPetRwTest.tsx?t=1785416085769:288
[ 1860161ms] [TABLE] [Object, Object, Object, Object, Object] @ http://localhost:5175/src/features/exam/petRw/ReadingPetRwTest.tsx?t=1785416085769:288
[ 1860161ms] [TABLE] [Object, Object, Object, Object, Object] @ http://localhost:5175/src/features/exam/petRw/ReadingPetRwTest.tsx?t=1785416085769:288
[ 1862157ms] [TABLE] [Object, Object, Object, Object, Object] @ http://localhost:5175/src/features/exam/petRw/ReadingPetRwTest.tsx?t=1785416085769:288
[ 1862158ms] [TABLE] [Object, Object, Object, Object, Object] @ http://localhost:5175/src/features/exam/petRw/ReadingPetRwTest.tsx?t=1785416085769:288
[ 1864168ms] [TABLE] [Object, Object, Object, Object, Object] @ http://localhost:5175/src/features/exam/petRw/ReadingPetRwTest.tsx?t=1785416085769:288
[ 1864169ms] [TABLE] [Object, Object, Object, Object, Object] @ http://localhost:5175/src/features/exam/petRw/ReadingPetRwTest.tsx?t=1785416085769:288
[ 1865324ms] [TABLE] [Object, Object, Object, Object, Object] @ http://localhost:5175/src/features/exam/petRw/ReadingPetRwTest.tsx?t=1785416085769:288
[ 1865325ms] [TABLE] [Object, Object, Object, Object, Object] @ http://localhost:5175/src/features/exam/petRw/ReadingPetRwTest.tsx?t=1785416085769:288
[ 1866330ms] [TABLE] [Object, Object, Object, Object, Object] @ http://localhost:5175/src/features/exam/petRw/ReadingPetRwTest.tsx?t=1785416085769:288
[ 1866330ms] [TABLE] [Object, Object, Object, Object, Object] @ http://localhost:5175/src/features/exam/petRw/ReadingPetRwTest.tsx?t=1785416085769:288
[ 1868159ms] [TABLE] [Object, Object, Object, Object, Object] @ http://localhost:5175/src/features/exam/petRw/ReadingPetRwTest.tsx?t=1785416085769:288
[ 1868160ms] [TABLE] [Object, Object, Object, Object, Object] @ http://localhost:5175/src/features/exam/petRw/ReadingPetRwTest.tsx?t=1785416085769:288
[ 1870157ms] [TABLE] [Object, Object, Object, Object, Object] @ http://localhost:5175/src/features/exam/petRw/ReadingPetRwTest.tsx?t=1785416085769:288
[ 1870157ms] [TABLE] [Object, Object, Object, Object, Object] @ http://localhost:5175/src/features/exam/petRw/ReadingPetRwTest.tsx?t=1785416085769:288
[ 1872163ms] [TABLE] [Object, Object, Object, Object, Object] @ http://localhost:5175/src/features/exam/petRw/ReadingPetRwTest.tsx?t=1785416085769:288
[ 1872164ms] [TABLE] [Object, Object, Object, Object, Object] @ http://localhost:5175/src/features/exam/petRw/ReadingPetRwTest.tsx?t=1785416085769:288
[ 1874164ms] [TABLE] [Object, Object, Object, Object, Object] @ http://localhost:5175/src/features/exam/petRw/ReadingPetRwTest.tsx?t=1785416085769:288
[ 1874164ms] [TABLE] [Object, Object, Object, Object, Object] @ http://localhost:5175/src/features/exam/petRw/ReadingPetRwTest.tsx?t=1785416085769:288
[ 1876167ms] [TABLE] [Object, Object, Object, Object, Object] @ http://localhost:5175/src/features/exam/petRw/ReadingPetRwTest.tsx?t=1785416085769:288
[ 1876168ms] [TABLE] [Object, Object, Object, Object, Object] @ http://localhost:5175/src/features/exam/petRw/ReadingPetRwTest.tsx?t=1785416085769:288
[ 1877891ms] [TABLE] [Object, Object, Object, Object, Object] @ http://localhost:5175/src/features/exam/petRw/ReadingPetRwTest.tsx?t=1785416085769:288
[ 1877891ms] [TABLE] [Object, Object, Object, Object, Object] @ http://localhost:5175/src/features/exam/petRw/ReadingPetRwTest.tsx?t=1785416085769:288
[ 1878898ms] [TABLE] [Object, Object, Object, Object, Object] @ http://localhost:5175/src/features/exam/petRw/ReadingPetRwTest.tsx?t=1785416085769:288
[ 1878899ms] [TABLE] [Object, Object, Object, Object, Object] @ http://localhost:5175/src/features/exam/petRw/ReadingPetRwTest.tsx?t=1785416085769:288
[ 1880157ms] [TABLE] [Object, Object, Object, Object, Object] @ http://localhost:5175/src/features/exam/petRw/ReadingPetRwTest.tsx?t=1785416085769:288
[ 1880157ms] [TABLE] [Object, Object, Object, Object, Object] @ http://localhost:5175/src/features/exam/petRw/ReadingPetRwTest.tsx?t=1785416085769:288
[ 1882163ms] [TABLE] [Object, Object, Object, Object, Object] @ http://localhost:5175/src/features/exam/petRw/ReadingPetRwTest.tsx?t=1785416085769:288
[ 1882164ms] [TABLE] [Object, Object, Object, Object, Object] @ http://localhost:5175/src/features/exam/petRw/ReadingPetRwTest.tsx?t=1785416085769:288
[ 1884158ms] [TABLE] [Object, Object, Object, Object, Object] @ http://localhost:5175/src/features/exam/petRw/ReadingPetRwTest.tsx?t=1785416085769:288
[ 1884158ms] [TABLE] [Object, Object, Object, Object, Object] @ http://localhost:5175/src/features/exam/petRw/ReadingPetRwTest.tsx?t=1785416085769:288
[ 1886162ms] [TABLE] [Object, Object, Object, Object, Object] @ http://localhost:5175/src/features/exam/petRw/ReadingPetRwTest.tsx?t=1785416085769:288
[ 1886163ms] [TABLE] [Object, Object, Object, Object, Object] @ http://localhost:5175/src/features/exam/petRw/ReadingPetRwTest.tsx?t=1785416085769:288
[ 1888168ms] [TABLE] [Object, Object, Object, Object, Object] @ http://localhost:5175/src/features/exam/petRw/ReadingPetRwTest.tsx?t=1785416085769:288
[ 1888168ms] [TABLE] [Object, Object, Object, Object, Object] @ http://localhost:5175/src/features/exam/petRw/ReadingPetRwTest.tsx?t=1785416085769:288
[ 1890164ms] [TABLE] [Object, Object, Object, Object, Object] @ http://localhost:5175/src/features/exam/petRw/ReadingPetRwTest.tsx?t=1785416085769:288
[ 1890164ms] [TABLE] [Object, Object, Object, Object, Object] @ http://localhost:5175/src/features/exam/petRw/ReadingPetRwTest.tsx?t=1785416085769:288
[ 1892167ms] [TABLE] [Object, Object, Object, Object, Object] @ http://localhost:5175/src/features/exam/petRw/ReadingPetRwTest.tsx?t=1785416085769:288
[ 1892167ms] [TABLE] [Object, Object, Object, Object, Object] @ http://localhost:5175/src/features/exam/petRw/ReadingPetRwTest.tsx?t=1785416085769:288
[ 1894156ms] [TABLE] [Object, Object, Object, Object, Object] @ http://localhost:5175/src/features/exam/petRw/ReadingPetRwTest.tsx?t=1785416085769:288
[ 1894157ms] [TABLE] [Object, Object, Object, Object, Object] @ http://localhost:5175/src/features/exam/petRw/ReadingPetRwTest.tsx?t=1785416085769:288
[ 1896169ms] [TABLE] [Object, Object, Object, Object, Object] @ http://localhost:5175/src/features/exam/petRw/ReadingPetRwTest.tsx?t=1785416085769:288
[ 1896169ms] [TABLE] [Object, Object, Object, Object, Object] @ http://localhost:5175/src/features/exam/petRw/ReadingPetRwTest.tsx?t=1785416085769:288
[ 1898165ms] [TABLE] [Object, Object, Object, Object, Object] @ http://localhost:5175/src/features/exam/petRw/ReadingPetRwTest.tsx?t=1785416085769:288
[ 1898165ms] [TABLE] [Object, Object, Object, Object, Object] @ http://localhost:5175/src/features/exam/petRw/ReadingPetRwTest.tsx?t=1785416085769:288
[ 1900165ms] [TABLE] [Object, Object, Object, Object, Object] @ http://localhost:5175/src/features/exam/petRw/ReadingPetRwTest.tsx?t=1785416085769:288
[ 1900166ms] [TABLE] [Object, Object, Object, Object, Object] @ http://localhost:5175/src/features/exam/petRw/ReadingPetRwTest.tsx?t=1785416085769:288
[ 1902161ms] [TABLE] [Object, Object, Object, Object, Object] @ http://localhost:5175/src/features/exam/petRw/ReadingPetRwTest.tsx?t=1785416085769:288
[ 1902162ms] [TABLE] [Object, Object, Object, Object, Object] @ http://localhost:5175/src/features/exam/petRw/ReadingPetRwTest.tsx?t=1785416085769:288
[ 1904168ms] [TABLE] [Object, Object, Object, Object, Object] @ http://localhost:5175/src/features/exam/petRw/ReadingPetRwTest.tsx?t=1785416085769:288
[ 1904168ms] [TABLE] [Object, Object, Object, Object, Object] @ http://localhost:5175/src/features/exam/petRw/ReadingPetRwTest.tsx?t=1785416085769:288
[ 1906164ms] [TABLE] [Object, Object, Object, Object, Object] @ http://localhost:5175/src/features/exam/petRw/ReadingPetRwTest.tsx?t=1785416085769:288
[ 1906164ms] [TABLE] [Object, Object, Object, Object, Object] @ http://localhost:5175/src/features/exam/petRw/ReadingPetRwTest.tsx?t=1785416085769:288
[ 1908164ms] [TABLE] [Object, Object, Object, Object, Object] @ http://localhost:5175/src/features/exam/petRw/ReadingPetRwTest.tsx?t=1785416085769:288
[ 1908165ms] [TABLE] [Object, Object, Object, Object, Object] @ http://localhost:5175/src/features/exam/petRw/ReadingPetRwTest.tsx?t=1785416085769:288
[ 1910156ms] [TABLE] [Object, Object, Object, Object, Object] @ http://localhost:5175/src/features/exam/petRw/ReadingPetRwTest.tsx?t=1785416085769:288
[ 1910156ms] [TABLE] [Object, Object, Object, Object, Object] @ http://localhost:5175/src/features/exam/petRw/ReadingPetRwTest.tsx?t=1785416085769:288
[ 1912164ms] [TABLE] [Object, Object, Object, Object, Object] @ http://localhost:5175/src/features/exam/petRw/ReadingPetRwTest.tsx?t=1785416085769:288
[ 1912165ms] [TABLE] [Object, Object, Object, Object, Object] @ http://localhost:5175/src/features/exam/petRw/ReadingPetRwTest.tsx?t=1785416085769:288
[ 1914169ms] [TABLE] [Object, Object, Object, Object, Object] @ http://localhost:5175/src/features/exam/petRw/ReadingPetRwTest.tsx?t=1785416085769:288
[ 1914170ms] [TABLE] [Object, Object, Object, Object, Object] @ http://localhost:5175/src/features/exam/petRw/ReadingPetRwTest.tsx?t=1785416085769:288
[ 1916162ms] [TABLE] [Object, Object, Object, Object, Object] @ http://localhost:5175/src/features/exam/petRw/ReadingPetRwTest.tsx?t=1785416085769:288
[ 1916162ms] [TABLE] [Object, Object, Object, Object, Object] @ http://localhost:5175/src/features/exam/petRw/ReadingPetRwTest.tsx?t=1785416085769:288
[ 1918156ms] [TABLE] [Object, Object, Object, Object, Object] @ http://localhost:5175/src/features/exam/petRw/ReadingPetRwTest.tsx?t=1785416085769:288
[ 1918157ms] [TABLE] [Object, Object, Object, Object, Object] @ http://localhost:5175/src/features/exam/petRw/ReadingPetRwTest.tsx?t=1785416085769:288
[ 1920164ms] [TABLE] [Object, Object, Object, Object, Object] @ http://localhost:5175/src/features/exam/petRw/ReadingPetRwTest.tsx?t=1785416085769:288
[ 1920164ms] [TABLE] [Object, Object, Object, Object, Object] @ http://localhost:5175/src/features/exam/petRw/ReadingPetRwTest.tsx?t=1785416085769:288
[ 1922167ms] [TABLE] [Object, Object, Object, Object, Object] @ http://localhost:5175/src/features/exam/petRw/ReadingPetRwTest.tsx?t=1785416085769:288
[ 1922167ms] [TABLE] [Object, Object, Object, Object, Object] @ http://localhost:5175/src/features/exam/petRw/ReadingPetRwTest.tsx?t=1785416085769:288
[ 1924155ms] [TABLE] [Object, Object, Object, Object, Object] @ http://localhost:5175/src/features/exam/petRw/ReadingPetRwTest.tsx?t=1785416085769:288
[ 1924155ms] [TABLE] [Object, Object, Object, Object, Object] @ http://localhost:5175/src/features/exam/petRw/ReadingPetRwTest.tsx?t=1785416085769:288
[ 1926157ms] [TABLE] [Object, Object, Object, Object, Object] @ http://localhost:5175/src/features/exam/petRw/ReadingPetRwTest.tsx?t=1785416085769:288
[ 1926157ms] [TABLE] [Object, Object, Object, Object, Object] @ http://localhost:5175/src/features/exam/petRw/ReadingPetRwTest.tsx?t=1785416085769:288
[ 1928164ms] [TABLE] [Object, Object, Object, Object, Object] @ http://localhost:5175/src/features/exam/petRw/ReadingPetRwTest.tsx?t=1785416085769:288
[ 1928164ms] [TABLE] [Object, Object, Object, Object, Object] @ http://localhost:5175/src/features/exam/petRw/ReadingPetRwTest.tsx?t=1785416085769:288
[ 1930157ms] [TABLE] [Object, Object, Object, Object, Object] @ http://localhost:5175/src/features/exam/petRw/ReadingPetRwTest.tsx?t=1785416085769:288
[ 1930158ms] [TABLE] [Object, Object, Object, Object, Object] @ http://localhost:5175/src/features/exam/petRw/ReadingPetRwTest.tsx?t=1785416085769:288
[ 1932168ms] [TABLE] [Object, Object, Object, Object, Object] @ http://localhost:5175/src/features/exam/petRw/ReadingPetRwTest.tsx?t=1785416085769:288
[ 1932169ms] [TABLE] [Object, Object, Object, Object, Object] @ http://localhost:5175/src/features/exam/petRw/ReadingPetRwTest.tsx?t=1785416085769:288
[ 1934164ms] [TABLE] [Object, Object, Object, Object, Object] @ http://localhost:5175/src/features/exam/petRw/ReadingPetRwTest.tsx?t=1785416085769:288
[ 1934165ms] [TABLE] [Object, Object, Object, Object, Object] @ http://localhost:5175/src/features/exam/petRw/ReadingPetRwTest.tsx?t=1785416085769:288
[ 1936161ms] [TABLE] [Object, Object, Object, Object, Object] @ http://localhost:5175/src/features/exam/petRw/ReadingPetRwTest.tsx?t=1785416085769:288
[ 1936162ms] [TABLE] [Object, Object, Object, Object, Object] @ http://localhost:5175/src/features/exam/petRw/ReadingPetRwTest.tsx?t=1785416085769:288
[ 1938158ms] [TABLE] [Object, Object, Object, Object, Object] @ http://localhost:5175/src/features/exam/petRw/ReadingPetRwTest.tsx?t=1785416085769:288
[ 1938158ms] [TABLE] [Object, Object, Object, Object, Object] @ http://localhost:5175/src/features/exam/petRw/ReadingPetRwTest.tsx?t=1785416085769:288
[ 1940169ms] [TABLE] [Object, Object, Object, Object, Object] @ http://localhost:5175/src/features/exam/petRw/ReadingPetRwTest.tsx?t=1785416085769:288
[ 1940169ms] [TABLE] [Object, Object, Object, Object, Object] @ http://localhost:5175/src/features/exam/petRw/ReadingPetRwTest.tsx?t=1785416085769:288
[ 1942161ms] [TABLE] [Object, Object, Object, Object, Object] @ http://localhost:5175/src/features/exam/petRw/ReadingPetRwTest.tsx?t=1785416085769:288
[ 1942162ms] [TABLE] [Object, Object, Object, Object, Object] @ http://localhost:5175/src/features/exam/petRw/ReadingPetRwTest.tsx?t=1785416085769:288
[ 1944160ms] [TABLE] [Object, Object, Object, Object, Object] @ http://localhost:5175/src/features/exam/petRw/ReadingPetRwTest.tsx?t=1785416085769:288
[ 1944161ms] [TABLE] [Object, Object, Object, Object, Object] @ http://localhost:5175/src/features/exam/petRw/ReadingPetRwTest.tsx?t=1785416085769:288
[ 1946155ms] [TABLE] [Object, Object, Object, Object, Object] @ http://localhost:5175/src/features/exam/petRw/ReadingPetRwTest.tsx?t=1785416085769:288
[ 1946155ms] [TABLE] [Object, Object, Object, Object, Object] @ http://localhost:5175/src/features/exam/petRw/ReadingPetRwTest.tsx?t=1785416085769:288
[ 1948160ms] [TABLE] [Object, Object, Object, Object, Object] @ http://localhost:5175/src/features/exam/petRw/ReadingPetRwTest.tsx?t=1785416085769:288
[ 1948161ms] [TABLE] [Object, Object, Object, Object, Object] @ http://localhost:5175/src/features/exam/petRw/ReadingPetRwTest.tsx?t=1785416085769:288
[ 1950156ms] [TABLE] [Object, Object, Object, Object, Object] @ http://localhost:5175/src/features/exam/petRw/ReadingPetRwTest.tsx?t=1785416085769:288
[ 1950156ms] [TABLE] [Object, Object, Object, Object, Object] @ http://localhost:5175/src/features/exam/petRw/ReadingPetRwTest.tsx?t=1785416085769:288
[ 1952156ms] [TABLE] [Object, Object, Object, Object, Object] @ http://localhost:5175/src/features/exam/petRw/ReadingPetRwTest.tsx?t=1785416085769:288
[ 1952156ms] [TABLE] [Object, Object, Object, Object, Object] @ http://localhost:5175/src/features/exam/petRw/ReadingPetRwTest.tsx?t=1785416085769:288
[ 1954167ms] [TABLE] [Object, Object, Object, Object, Object] @ http://localhost:5175/src/features/exam/petRw/ReadingPetRwTest.tsx?t=1785416085769:288
[ 1954167ms] [TABLE] [Object, Object, Object, Object, Object] @ http://localhost:5175/src/features/exam/petRw/ReadingPetRwTest.tsx?t=1785416085769:288
[ 1956157ms] [TABLE] [Object, Object, Object, Object, Object] @ http://localhost:5175/src/features/exam/petRw/ReadingPetRwTest.tsx?t=1785416085769:288
[ 1956157ms] [TABLE] [Object, Object, Object, Object, Object] @ http://localhost:5175/src/features/exam/petRw/ReadingPetRwTest.tsx?t=1785416085769:288
[ 1958164ms] [TABLE] [Object, Object, Object, Object, Object] @ http://localhost:5175/src/features/exam/petRw/ReadingPetRwTest.tsx?t=1785416085769:288
[ 1958164ms] [TABLE] [Object, Object, Object, Object, Object] @ http://localhost:5175/src/features/exam/petRw/ReadingPetRwTest.tsx?t=1785416085769:288
[ 1960160ms] [TABLE] [Object, Object, Object, Object, Object] @ http://localhost:5175/src/features/exam/petRw/ReadingPetRwTest.tsx?t=1785416085769:288
[ 1960161ms] [TABLE] [Object, Object, Object, Object, Object] @ http://localhost:5175/src/features/exam/petRw/ReadingPetRwTest.tsx?t=1785416085769:288
[ 1962155ms] [TABLE] [Object, Object, Object, Object, Object] @ http://localhost:5175/src/features/exam/petRw/ReadingPetRwTest.tsx?t=1785416085769:288
[ 1962156ms] [TABLE] [Object, Object, Object, Object, Object] @ http://localhost:5175/src/features/exam/petRw/ReadingPetRwTest.tsx?t=1785416085769:288
[ 1964156ms] [TABLE] [Object, Object, Object, Object, Object] @ http://localhost:5175/src/features/exam/petRw/ReadingPetRwTest.tsx?t=1785416085769:288
[ 1964157ms] [TABLE] [Object, Object, Object, Object, Object] @ http://localhost:5175/src/features/exam/petRw/ReadingPetRwTest.tsx?t=1785416085769:288
[ 1966160ms] [TABLE] [Object, Object, Object, Object, Object] @ http://localhost:5175/src/features/exam/petRw/ReadingPetRwTest.tsx?t=1785416085769:288
[ 1966161ms] [TABLE] [Object, Object, Object, Object, Object] @ http://localhost:5175/src/features/exam/petRw/ReadingPetRwTest.tsx?t=1785416085769:288
[ 1968167ms] [TABLE] [Object, Object, Object, Object, Object] @ http://localhost:5175/src/features/exam/petRw/ReadingPetRwTest.tsx?t=1785416085769:288
[ 1968168ms] [TABLE] [Object, Object, Object, Object, Object] @ http://localhost:5175/src/features/exam/petRw/ReadingPetRwTest.tsx?t=1785416085769:288
[ 1970161ms] [TABLE] [Object, Object, Object, Object, Object] @ http://localhost:5175/src/features/exam/petRw/ReadingPetRwTest.tsx?t=1785416085769:288
[ 1970161ms] [TABLE] [Object, Object, Object, Object, Object] @ http://localhost:5175/src/features/exam/petRw/ReadingPetRwTest.tsx?t=1785416085769:288
[ 1972161ms] [TABLE] [Object, Object, Object, Object, Object] @ http://localhost:5175/src/features/exam/petRw/ReadingPetRwTest.tsx?t=1785416085769:288
[ 1972161ms] [TABLE] [Object, Object, Object, Object, Object] @ http://localhost:5175/src/features/exam/petRw/ReadingPetRwTest.tsx?t=1785416085769:288
[ 1974168ms] [TABLE] [Object, Object, Object, Object, Object] @ http://localhost:5175/src/features/exam/petRw/ReadingPetRwTest.tsx?t=1785416085769:288
[ 1974168ms] [TABLE] [Object, Object, Object, Object, Object] @ http://localhost:5175/src/features/exam/petRw/ReadingPetRwTest.tsx?t=1785416085769:288
[ 1976158ms] [TABLE] [Object, Object, Object, Object, Object] @ http://localhost:5175/src/features/exam/petRw/ReadingPetRwTest.tsx?t=1785416085769:288
[ 1976159ms] [TABLE] [Object, Object, Object, Object, Object] @ http://localhost:5175/src/features/exam/petRw/ReadingPetRwTest.tsx?t=1785416085769:288
[ 1978167ms] [TABLE] [Object, Object, Object, Object, Object] @ http://localhost:5175/src/features/exam/petRw/ReadingPetRwTest.tsx?t=1785416085769:288
[ 1978167ms] [TABLE] [Object, Object, Object, Object, Object] @ http://localhost:5175/src/features/exam/petRw/ReadingPetRwTest.tsx?t=1785416085769:288
[ 1980158ms] [TABLE] [Object, Object, Object, Object, Object] @ http://localhost:5175/src/features/exam/petRw/ReadingPetRwTest.tsx?t=1785416085769:288
[ 1980159ms] [TABLE] [Object, Object, Object, Object, Object] @ http://localhost:5175/src/features/exam/petRw/ReadingPetRwTest.tsx?t=1785416085769:288
[ 1982169ms] [TABLE] [Object, Object, Object, Object, Object] @ http://localhost:5175/src/features/exam/petRw/ReadingPetRwTest.tsx?t=1785416085769:288
[ 1982170ms] [TABLE] [Object, Object, Object, Object, Object] @ http://localhost:5175/src/features/exam/petRw/ReadingPetRwTest.tsx?t=1785416085769:288
[ 1984168ms] [TABLE] [Object, Object, Object, Object, Object] @ http://localhost:5175/src/features/exam/petRw/ReadingPetRwTest.tsx?t=1785416085769:288
[ 1984168ms] [TABLE] [Object, Object, Object, Object, Object] @ http://localhost:5175/src/features/exam/petRw/ReadingPetRwTest.tsx?t=1785416085769:288
[ 1986169ms] [TABLE] [Object, Object, Object, Object, Object] @ http://localhost:5175/src/features/exam/petRw/ReadingPetRwTest.tsx?t=1785416085769:288
[ 1986169ms] [TABLE] [Object, Object, Object, Object, Object] @ http://localhost:5175/src/features/exam/petRw/ReadingPetRwTest.tsx?t=1785416085769:288
[ 1988160ms] [TABLE] [Object, Object, Object, Object, Object] @ http://localhost:5175/src/features/exam/petRw/ReadingPetRwTest.tsx?t=1785416085769:288
[ 1988160ms] [TABLE] [Object, Object, Object, Object, Object] @ http://localhost:5175/src/features/exam/petRw/ReadingPetRwTest.tsx?t=1785416085769:288
[ 1990164ms] [TABLE] [Object, Object, Object, Object, Object] @ http://localhost:5175/src/features/exam/petRw/ReadingPetRwTest.tsx?t=1785416085769:288
[ 1990165ms] [TABLE] [Object, Object, Object, Object, Object] @ http://localhost:5175/src/features/exam/petRw/ReadingPetRwTest.tsx?t=1785416085769:288
[ 1992160ms] [TABLE] [Object, Object, Object, Object, Object] @ http://localhost:5175/src/features/exam/petRw/ReadingPetRwTest.tsx?t=1785416085769:288
[ 1992161ms] [TABLE] [Object, Object, Object, Object, Object] @ http://localhost:5175/src/features/exam/petRw/ReadingPetRwTest.tsx?t=1785416085769:288
[ 1994157ms] [TABLE] [Object, Object, Object, Object, Object] @ http://localhost:5175/src/features/exam/petRw/ReadingPetRwTest.tsx?t=1785416085769:288
[ 1994158ms] [TABLE] [Object, Object, Object, Object, Object] @ http://localhost:5175/src/features/exam/petRw/ReadingPetRwTest.tsx?t=1785416085769:288
[ 1996156ms] [TABLE] [Object, Object, Object, Object, Object] @ http://localhost:5175/src/features/exam/petRw/ReadingPetRwTest.tsx?t=1785416085769:288
[ 1996157ms] [TABLE] [Object, Object, Object, Object, Object] @ http://localhost:5175/src/features/exam/petRw/ReadingPetRwTest.tsx?t=1785416085769:288
[ 1998163ms] [TABLE] [Object, Object, Object, Object, Object] @ http://localhost:5175/src/features/exam/petRw/ReadingPetRwTest.tsx?t=1785416085769:288
[ 1998164ms] [TABLE] [Object, Object, Object, Object, Object] @ http://localhost:5175/src/features/exam/petRw/ReadingPetRwTest.tsx?t=1785416085769:288
[ 2000162ms] [TABLE] [Object, Object, Object, Object, Object] @ http://localhost:5175/src/features/exam/petRw/ReadingPetRwTest.tsx?t=1785416085769:288
[ 2000163ms] [TABLE] [Object, Object, Object, Object, Object] @ http://localhost:5175/src/features/exam/petRw/ReadingPetRwTest.tsx?t=1785416085769:288
[ 2002158ms] [TABLE] [Object, Object, Object, Object, Object] @ http://localhost:5175/src/features/exam/petRw/ReadingPetRwTest.tsx?t=1785416085769:288
[ 2002159ms] [TABLE] [Object, Object, Object, Object, Object] @ http://localhost:5175/src/features/exam/petRw/ReadingPetRwTest.tsx?t=1785416085769:288
[ 2004162ms] [TABLE] [Object, Object, Object, Object, Object] @ http://localhost:5175/src/features/exam/petRw/ReadingPetRwTest.tsx?t=1785416085769:288
[ 2004162ms] [TABLE] [Object, Object, Object, Object, Object] @ http://localhost:5175/src/features/exam/petRw/ReadingPetRwTest.tsx?t=1785416085769:288
[ 2006158ms] [TABLE] [Object, Object, Object, Object, Object] @ http://localhost:5175/src/features/exam/petRw/ReadingPetRwTest.tsx?t=1785416085769:288
[ 2006159ms] [TABLE] [Object, Object, Object, Object, Object] @ http://localhost:5175/src/features/exam/petRw/ReadingPetRwTest.tsx?t=1785416085769:288
[ 2008164ms] [TABLE] [Object, Object, Object, Object, Object] @ http://localhost:5175/src/features/exam/petRw/ReadingPetRwTest.tsx?t=1785416085769:288
[ 2008165ms] [TABLE] [Object, Object, Object, Object, Object] @ http://localhost:5175/src/features/exam/petRw/ReadingPetRwTest.tsx?t=1785416085769:288
[ 2010161ms] [TABLE] [Object, Object, Object, Object, Object] @ http://localhost:5175/src/features/exam/petRw/ReadingPetRwTest.tsx?t=1785416085769:288
[ 2010161ms] [TABLE] [Object, Object, Object, Object, Object] @ http://localhost:5175/src/features/exam/petRw/ReadingPetRwTest.tsx?t=1785416085769:288
[ 2012162ms] [TABLE] [Object, Object, Object, Object, Object] @ http://localhost:5175/src/features/exam/petRw/ReadingPetRwTest.tsx?t=1785416085769:288
[ 2012162ms] [TABLE] [Object, Object, Object, Object, Object] @ http://localhost:5175/src/features/exam/petRw/ReadingPetRwTest.tsx?t=1785416085769:288
[ 2014167ms] [TABLE] [Object, Object, Object, Object, Object] @ http://localhost:5175/src/features/exam/petRw/ReadingPetRwTest.tsx?t=1785416085769:288
[ 2014167ms] [TABLE] [Object, Object, Object, Object, Object] @ http://localhost:5175/src/features/exam/petRw/ReadingPetRwTest.tsx?t=1785416085769:288
[ 2016161ms] [TABLE] [Object, Object, Object, Object, Object] @ http://localhost:5175/src/features/exam/petRw/ReadingPetRwTest.tsx?t=1785416085769:288
[ 2016162ms] [TABLE] [Object, Object, Object, Object, Object] @ http://localhost:5175/src/features/exam/petRw/ReadingPetRwTest.tsx?t=1785416085769:288
[ 2018170ms] [TABLE] [Object, Object, Object, Object, Object] @ http://localhost:5175/src/features/exam/petRw/ReadingPetRwTest.tsx?t=1785416085769:288
[ 2018171ms] [TABLE] [Object, Object, Object, Object, Object] @ http://localhost:5175/src/features/exam/petRw/ReadingPetRwTest.tsx?t=1785416085769:288
[ 2020159ms] [TABLE] [Object, Object, Object, Object, Object] @ http://localhost:5175/src/features/exam/petRw/ReadingPetRwTest.tsx?t=1785416085769:288
[ 2020160ms] [TABLE] [Object, Object, Object, Object, Object] @ http://localhost:5175/src/features/exam/petRw/ReadingPetRwTest.tsx?t=1785416085769:288
[ 2022166ms] [TABLE] [Object, Object, Object, Object, Object] @ http://localhost:5175/src/features/exam/petRw/ReadingPetRwTest.tsx?t=1785416085769:288
[ 2022167ms] [TABLE] [Object, Object, Object, Object, Object] @ http://localhost:5175/src/features/exam/petRw/ReadingPetRwTest.tsx?t=1785416085769:288
[ 2024159ms] [TABLE] [Object, Object, Object, Object, Object] @ http://localhost:5175/src/features/exam/petRw/ReadingPetRwTest.tsx?t=1785416085769:288
[ 2024159ms] [TABLE] [Object, Object, Object, Object, Object] @ http://localhost:5175/src/features/exam/petRw/ReadingPetRwTest.tsx?t=1785416085769:288
[ 2026164ms] [TABLE] [Object, Object, Object, Object, Object] @ http://localhost:5175/src/features/exam/petRw/ReadingPetRwTest.tsx?t=1785416085769:288
[ 2026164ms] [TABLE] [Object, Object, Object, Object, Object] @ http://localhost:5175/src/features/exam/petRw/ReadingPetRwTest.tsx?t=1785416085769:288
[ 2028158ms] [TABLE] [Object, Object, Object, Object, Object] @ http://localhost:5175/src/features/exam/petRw/ReadingPetRwTest.tsx?t=1785416085769:288
[ 2028158ms] [TABLE] [Object, Object, Object, Object, Object] @ http://localhost:5175/src/features/exam/petRw/ReadingPetRwTest.tsx?t=1785416085769:288
[ 2030158ms] [TABLE] [Object, Object, Object, Object, Object] @ http://localhost:5175/src/features/exam/petRw/ReadingPetRwTest.tsx?t=1785416085769:288
[ 2030159ms] [TABLE] [Object, Object, Object, Object, Object] @ http://localhost:5175/src/features/exam/petRw/ReadingPetRwTest.tsx?t=1785416085769:288
[ 2032167ms] [TABLE] [Object, Object, Object, Object, Object] @ http://localhost:5175/src/features/exam/petRw/ReadingPetRwTest.tsx?t=1785416085769:288
[ 2032168ms] [TABLE] [Object, Object, Object, Object, Object] @ http://localhost:5175/src/features/exam/petRw/ReadingPetRwTest.tsx?t=1785416085769:288
[ 2034163ms] [TABLE] [Object, Object, Object, Object, Object] @ http://localhost:5175/src/features/exam/petRw/ReadingPetRwTest.tsx?t=1785416085769:288
[ 2034163ms] [TABLE] [Object, Object, Object, Object, Object] @ http://localhost:5175/src/features/exam/petRw/ReadingPetRwTest.tsx?t=1785416085769:288
[ 2036162ms] [TABLE] [Object, Object, Object, Object, Object] @ http://localhost:5175/src/features/exam/petRw/ReadingPetRwTest.tsx?t=1785416085769:288
[ 2036163ms] [TABLE] [Object, Object, Object, Object, Object] @ http://localhost:5175/src/features/exam/petRw/ReadingPetRwTest.tsx?t=1785416085769:288
[ 2038169ms] [TABLE] [Object, Object, Object, Object, Object] @ http://localhost:5175/src/features/exam/petRw/ReadingPetRwTest.tsx?t=1785416085769:288
[ 2038170ms] [TABLE] [Object, Object, Object, Object, Object] @ http://localhost:5175/src/features/exam/petRw/ReadingPetRwTest.tsx?t=1785416085769:288
[ 2040170ms] [TABLE] [Object, Object, Object, Object, Object] @ http://localhost:5175/src/features/exam/petRw/ReadingPetRwTest.tsx?t=1785416085769:288
[ 2040171ms] [TABLE] [Object, Object, Object, Object, Object] @ http://localhost:5175/src/features/exam/petRw/ReadingPetRwTest.tsx?t=1785416085769:288
[ 2042169ms] [TABLE] [Object, Object, Object, Object, Object] @ http://localhost:5175/src/features/exam/petRw/ReadingPetRwTest.tsx?t=1785416085769:288
[ 2042170ms] [TABLE] [Object, Object, Object, Object, Object] @ http://localhost:5175/src/features/exam/petRw/ReadingPetRwTest.tsx?t=1785416085769:288
[ 2044159ms] [TABLE] [Object, Object, Object, Object, Object] @ http://localhost:5175/src/features/exam/petRw/ReadingPetRwTest.tsx?t=1785416085769:288
[ 2044159ms] [TABLE] [Object, Object, Object, Object, Object] @ http://localhost:5175/src/features/exam/petRw/ReadingPetRwTest.tsx?t=1785416085769:288
[ 2046166ms] [TABLE] [Object, Object, Object, Object, Object] @ http://localhost:5175/src/features/exam/petRw/ReadingPetRwTest.tsx?t=1785416085769:288
[ 2046167ms] [TABLE] [Object, Object, Object, Object, Object] @ http://localhost:5175/src/features/exam/petRw/ReadingPetRwTest.tsx?t=1785416085769:288
[ 2048155ms] [TABLE] [Object, Object, Object, Object, Object] @ http://localhost:5175/src/features/exam/petRw/ReadingPetRwTest.tsx?t=1785416085769:288
[ 2048155ms] [TABLE] [Object, Object, Object, Object, Object] @ http://localhost:5175/src/features/exam/petRw/ReadingPetRwTest.tsx?t=1785416085769:288
[ 2050165ms] [TABLE] [Object, Object, Object, Object, Object] @ http://localhost:5175/src/features/exam/petRw/ReadingPetRwTest.tsx?t=1785416085769:288
[ 2050165ms] [TABLE] [Object, Object, Object, Object, Object] @ http://localhost:5175/src/features/exam/petRw/ReadingPetRwTest.tsx?t=1785416085769:288
[ 2052155ms] [TABLE] [Object, Object, Object, Object, Object] @ http://localhost:5175/src/features/exam/petRw/ReadingPetRwTest.tsx?t=1785416085769:288
[ 2052156ms] [TABLE] [Object, Object, Object, Object, Object] @ http://localhost:5175/src/features/exam/petRw/ReadingPetRwTest.tsx?t=1785416085769:288
[ 2054158ms] [TABLE] [Object, Object, Object, Object, Object] @ http://localhost:5175/src/features/exam/petRw/ReadingPetRwTest.tsx?t=1785416085769:288
[ 2054158ms] [TABLE] [Object, Object, Object, Object, Object] @ http://localhost:5175/src/features/exam/petRw/ReadingPetRwTest.tsx?t=1785416085769:288
[ 2056163ms] [TABLE] [Object, Object, Object, Object, Object] @ http://localhost:5175/src/features/exam/petRw/ReadingPetRwTest.tsx?t=1785416085769:288
[ 2056163ms] [TABLE] [Object, Object, Object, Object, Object] @ http://localhost:5175/src/features/exam/petRw/ReadingPetRwTest.tsx?t=1785416085769:288
[ 2058156ms] [TABLE] [Object, Object, Object, Object, Object] @ http://localhost:5175/src/features/exam/petRw/ReadingPetRwTest.tsx?t=1785416085769:288
[ 2058156ms] [TABLE] [Object, Object, Object, Object, Object] @ http://localhost:5175/src/features/exam/petRw/ReadingPetRwTest.tsx?t=1785416085769:288
[ 2060158ms] [TABLE] [Object, Object, Object, Object, Object] @ http://localhost:5175/src/features/exam/petRw/ReadingPetRwTest.tsx?t=1785416085769:288
[ 2060158ms] [TABLE] [Object, Object, Object, Object, Object] @ http://localhost:5175/src/features/exam/petRw/ReadingPetRwTest.tsx?t=1785416085769:288
[ 2062166ms] [TABLE] [Object, Object, Object, Object, Object] @ http://localhost:5175/src/features/exam/petRw/ReadingPetRwTest.tsx?t=1785416085769:288
[ 2062167ms] [TABLE] [Object, Object, Object, Object, Object] @ http://localhost:5175/src/features/exam/petRw/ReadingPetRwTest.tsx?t=1785416085769:288
[ 2064164ms] [TABLE] [Object, Object, Object, Object, Object] @ http://localhost:5175/src/features/exam/petRw/ReadingPetRwTest.tsx?t=1785416085769:288
[ 2064165ms] [TABLE] [Object, Object, Object, Object, Object] @ http://localhost:5175/src/features/exam/petRw/ReadingPetRwTest.tsx?t=1785416085769:288
[ 2066162ms] [TABLE] [Object, Object, Object, Object, Object] @ http://localhost:5175/src/features/exam/petRw/ReadingPetRwTest.tsx?t=1785416085769:288
[ 2066162ms] [TABLE] [Object, Object, Object, Object, Object] @ http://localhost:5175/src/features/exam/petRw/ReadingPetRwTest.tsx?t=1785416085769:288
[ 2068170ms] [TABLE] [Object, Object, Object, Object, Object] @ http://localhost:5175/src/features/exam/petRw/ReadingPetRwTest.tsx?t=1785416085769:288
[ 2068170ms] [TABLE] [Object, Object, Object, Object, Object] @ http://localhost:5175/src/features/exam/petRw/ReadingPetRwTest.tsx?t=1785416085769:288
[ 2070158ms] [TABLE] [Object, Object, Object, Object, Object] @ http://localhost:5175/src/features/exam/petRw/ReadingPetRwTest.tsx?t=1785416085769:288
[ 2070159ms] [TABLE] [Object, Object, Object, Object, Object] @ http://localhost:5175/src/features/exam/petRw/ReadingPetRwTest.tsx?t=1785416085769:288
[ 2072166ms] [TABLE] [Object, Object, Object, Object, Object] @ http://localhost:5175/src/features/exam/petRw/ReadingPetRwTest.tsx?t=1785416085769:288
[ 2072166ms] [TABLE] [Object, Object, Object, Object, Object] @ http://localhost:5175/src/features/exam/petRw/ReadingPetRwTest.tsx?t=1785416085769:288
[ 2074166ms] [TABLE] [Object, Object, Object, Object, Object] @ http://localhost:5175/src/features/exam/petRw/ReadingPetRwTest.tsx?t=1785416085769:288
[ 2074166ms] [TABLE] [Object, Object, Object, Object, Object] @ http://localhost:5175/src/features/exam/petRw/ReadingPetRwTest.tsx?t=1785416085769:288
[ 2076166ms] [TABLE] [Object, Object, Object, Object, Object] @ http://localhost:5175/src/features/exam/petRw/ReadingPetRwTest.tsx?t=1785416085769:288
[ 2076167ms] [TABLE] [Object, Object, Object, Object, Object] @ http://localhost:5175/src/features/exam/petRw/ReadingPetRwTest.tsx?t=1785416085769:288
[ 2078163ms] [TABLE] [Object, Object, Object, Object, Object] @ http://localhost:5175/src/features/exam/petRw/ReadingPetRwTest.tsx?t=1785416085769:288
[ 2078163ms] [TABLE] [Object, Object, Object, Object, Object] @ http://localhost:5175/src/features/exam/petRw/ReadingPetRwTest.tsx?t=1785416085769:288
[ 2080164ms] [TABLE] [Object, Object, Object, Object, Object] @ http://localhost:5175/src/features/exam/petRw/ReadingPetRwTest.tsx?t=1785416085769:288
[ 2080165ms] [TABLE] [Object, Object, Object, Object, Object] @ http://localhost:5175/src/features/exam/petRw/ReadingPetRwTest.tsx?t=1785416085769:288
[ 2082158ms] [TABLE] [Object, Object, Object, Object, Object] @ http://localhost:5175/src/features/exam/petRw/ReadingPetRwTest.tsx?t=1785416085769:288
[ 2082158ms] [TABLE] [Object, Object, Object, Object, Object] @ http://localhost:5175/src/features/exam/petRw/ReadingPetRwTest.tsx?t=1785416085769:288
[ 2084159ms] [TABLE] [Object, Object, Object, Object, Object] @ http://localhost:5175/src/features/exam/petRw/ReadingPetRwTest.tsx?t=1785416085769:288
[ 2084159ms] [TABLE] [Object, Object, Object, Object, Object] @ http://localhost:5175/src/features/exam/petRw/ReadingPetRwTest.tsx?t=1785416085769:288
[ 2086160ms] [TABLE] [Object, Object, Object, Object, Object] @ http://localhost:5175/src/features/exam/petRw/ReadingPetRwTest.tsx?t=1785416085769:288
[ 2086160ms] [TABLE] [Object, Object, Object, Object, Object] @ http://localhost:5175/src/features/exam/petRw/ReadingPetRwTest.tsx?t=1785416085769:288
[ 2088156ms] [TABLE] [Object, Object, Object, Object, Object] @ http://localhost:5175/src/features/exam/petRw/ReadingPetRwTest.tsx?t=1785416085769:288
[ 2088156ms] [TABLE] [Object, Object, Object, Object, Object] @ http://localhost:5175/src/features/exam/petRw/ReadingPetRwTest.tsx?t=1785416085769:288
[ 2090167ms] [TABLE] [Object, Object, Object, Object, Object] @ http://localhost:5175/src/features/exam/petRw/ReadingPetRwTest.tsx?t=1785416085769:288
[ 2090168ms] [TABLE] [Object, Object, Object, Object, Object] @ http://localhost:5175/src/features/exam/petRw/ReadingPetRwTest.tsx?t=1785416085769:288
[ 2092161ms] [TABLE] [Object, Object, Object, Object, Object] @ http://localhost:5175/src/features/exam/petRw/ReadingPetRwTest.tsx?t=1785416085769:288
[ 2092162ms] [TABLE] [Object, Object, Object, Object, Object] @ http://localhost:5175/src/features/exam/petRw/ReadingPetRwTest.tsx?t=1785416085769:288
[ 2094163ms] [TABLE] [Object, Object, Object, Object, Object] @ http://localhost:5175/src/features/exam/petRw/ReadingPetRwTest.tsx?t=1785416085769:288
[ 2094164ms] [TABLE] [Object, Object, Object, Object, Object] @ http://localhost:5175/src/features/exam/petRw/ReadingPetRwTest.tsx?t=1785416085769:288
[ 2096163ms] [TABLE] [Object, Object, Object, Object, Object] @ http://localhost:5175/src/features/exam/petRw/ReadingPetRwTest.tsx?t=1785416085769:288
[ 2096163ms] [TABLE] [Object, Object, Object, Object, Object] @ http://localhost:5175/src/features/exam/petRw/ReadingPetRwTest.tsx?t=1785416085769:288
[ 2098159ms] [TABLE] [Object, Object, Object, Object, Object] @ http://localhost:5175/src/features/exam/petRw/ReadingPetRwTest.tsx?t=1785416085769:288
[ 2098160ms] [TABLE] [Object, Object, Object, Object, Object] @ http://localhost:5175/src/features/exam/petRw/ReadingPetRwTest.tsx?t=1785416085769:288
[ 2100166ms] [TABLE] [Object, Object, Object, Object, Object] @ http://localhost:5175/src/features/exam/petRw/ReadingPetRwTest.tsx?t=1785416085769:288
[ 2100167ms] [TABLE] [Object, Object, Object, Object, Object] @ http://localhost:5175/src/features/exam/petRw/ReadingPetRwTest.tsx?t=1785416085769:288
[ 2102157ms] [TABLE] [Object, Object, Object, Object, Object] @ http://localhost:5175/src/features/exam/petRw/ReadingPetRwTest.tsx?t=1785416085769:288
[ 2102158ms] [TABLE] [Object, Object, Object, Object, Object] @ http://localhost:5175/src/features/exam/petRw/ReadingPetRwTest.tsx?t=1785416085769:288
[ 2104160ms] [TABLE] [Object, Object, Object, Object, Object] @ http://localhost:5175/src/features/exam/petRw/ReadingPetRwTest.tsx?t=1785416085769:288
[ 2104161ms] [TABLE] [Object, Object, Object, Object, Object] @ http://localhost:5175/src/features/exam/petRw/ReadingPetRwTest.tsx?t=1785416085769:288
[ 2106167ms] [TABLE] [Object, Object, Object, Object, Object] @ http://localhost:5175/src/features/exam/petRw/ReadingPetRwTest.tsx?t=1785416085769:288
[ 2106167ms] [TABLE] [Object, Object, Object, Object, Object] @ http://localhost:5175/src/features/exam/petRw/ReadingPetRwTest.tsx?t=1785416085769:288
[ 2108158ms] [TABLE] [Object, Object, Object, Object, Object] @ http://localhost:5175/src/features/exam/petRw/ReadingPetRwTest.tsx?t=1785416085769:288
[ 2108159ms] [TABLE] [Object, Object, Object, Object, Object] @ http://localhost:5175/src/features/exam/petRw/ReadingPetRwTest.tsx?t=1785416085769:288
[ 2110160ms] [TABLE] [Object, Object, Object, Object, Object] @ http://localhost:5175/src/features/exam/petRw/ReadingPetRwTest.tsx?t=1785416085769:288
[ 2110160ms] [TABLE] [Object, Object, Object, Object, Object] @ http://localhost:5175/src/features/exam/petRw/ReadingPetRwTest.tsx?t=1785416085769:288
[ 2112165ms] [TABLE] [Object, Object, Object, Object, Object] @ http://localhost:5175/src/features/exam/petRw/ReadingPetRwTest.tsx?t=1785416085769:288
[ 2112165ms] [TABLE] [Object, Object, Object, Object, Object] @ http://localhost:5175/src/features/exam/petRw/ReadingPetRwTest.tsx?t=1785416085769:288
[ 2114168ms] [TABLE] [Object, Object, Object, Object, Object] @ http://localhost:5175/src/features/exam/petRw/ReadingPetRwTest.tsx?t=1785416085769:288
[ 2114168ms] [TABLE] [Object, Object, Object, Object, Object] @ http://localhost:5175/src/features/exam/petRw/ReadingPetRwTest.tsx?t=1785416085769:288
[ 2116162ms] [TABLE] [Object, Object, Object, Object, Object] @ http://localhost:5175/src/features/exam/petRw/ReadingPetRwTest.tsx?t=1785416085769:288
[ 2116163ms] [TABLE] [Object, Object, Object, Object, Object] @ http://localhost:5175/src/features/exam/petRw/ReadingPetRwTest.tsx?t=1785416085769:288
[ 2118159ms] [TABLE] [Object, Object, Object, Object, Object] @ http://localhost:5175/src/features/exam/petRw/ReadingPetRwTest.tsx?t=1785416085769:288
[ 2118160ms] [TABLE] [Object, Object, Object, Object, Object] @ http://localhost:5175/src/features/exam/petRw/ReadingPetRwTest.tsx?t=1785416085769:288
[ 2120160ms] [TABLE] [Object, Object, Object, Object, Object] @ http://localhost:5175/src/features/exam/petRw/ReadingPetRwTest.tsx?t=1785416085769:288
[ 2120160ms] [TABLE] [Object, Object, Object, Object, Object] @ http://localhost:5175/src/features/exam/petRw/ReadingPetRwTest.tsx?t=1785416085769:288
[ 2122167ms] [TABLE] [Object, Object, Object, Object, Object] @ http://localhost:5175/src/features/exam/petRw/ReadingPetRwTest.tsx?t=1785416085769:288
[ 2122167ms] [TABLE] [Object, Object, Object, Object, Object] @ http://localhost:5175/src/features/exam/petRw/ReadingPetRwTest.tsx?t=1785416085769:288
[ 2124158ms] [TABLE] [Object, Object, Object, Object, Object] @ http://localhost:5175/src/features/exam/petRw/ReadingPetRwTest.tsx?t=1785416085769:288
[ 2124158ms] [TABLE] [Object, Object, Object, Object, Object] @ http://localhost:5175/src/features/exam/petRw/ReadingPetRwTest.tsx?t=1785416085769:288
[ 2126166ms] [TABLE] [Object, Object, Object, Object, Object] @ http://localhost:5175/src/features/exam/petRw/ReadingPetRwTest.tsx?t=1785416085769:288
[ 2126167ms] [TABLE] [Object, Object, Object, Object, Object] @ http://localhost:5175/src/features/exam/petRw/ReadingPetRwTest.tsx?t=1785416085769:288
[ 2128168ms] [TABLE] [Object, Object, Object, Object, Object] @ http://localhost:5175/src/features/exam/petRw/ReadingPetRwTest.tsx?t=1785416085769:288
[ 2128169ms] [TABLE] [Object, Object, Object, Object, Object] @ http://localhost:5175/src/features/exam/petRw/ReadingPetRwTest.tsx?t=1785416085769:288
[ 2130156ms] [TABLE] [Object, Object, Object, Object, Object] @ http://localhost:5175/src/features/exam/petRw/ReadingPetRwTest.tsx?t=1785416085769:288
[ 2130157ms] [TABLE] [Object, Object, Object, Object, Object] @ http://localhost:5175/src/features/exam/petRw/ReadingPetRwTest.tsx?t=1785416085769:288
[ 2132162ms] [TABLE] [Object, Object, Object, Object, Object] @ http://localhost:5175/src/features/exam/petRw/ReadingPetRwTest.tsx?t=1785416085769:288
[ 2132162ms] [TABLE] [Object, Object, Object, Object, Object] @ http://localhost:5175/src/features/exam/petRw/ReadingPetRwTest.tsx?t=1785416085769:288
[ 2134163ms] [TABLE] [Object, Object, Object, Object, Object] @ http://localhost:5175/src/features/exam/petRw/ReadingPetRwTest.tsx?t=1785416085769:288
[ 2134163ms] [TABLE] [Object, Object, Object, Object, Object] @ http://localhost:5175/src/features/exam/petRw/ReadingPetRwTest.tsx?t=1785416085769:288
[ 2136169ms] [TABLE] [Object, Object, Object, Object, Object] @ http://localhost:5175/src/features/exam/petRw/ReadingPetRwTest.tsx?t=1785416085769:288
[ 2136170ms] [TABLE] [Object, Object, Object, Object, Object] @ http://localhost:5175/src/features/exam/petRw/ReadingPetRwTest.tsx?t=1785416085769:288
[ 2138168ms] [TABLE] [Object, Object, Object, Object, Object] @ http://localhost:5175/src/features/exam/petRw/ReadingPetRwTest.tsx?t=1785416085769:288
[ 2138169ms] [TABLE] [Object, Object, Object, Object, Object] @ http://localhost:5175/src/features/exam/petRw/ReadingPetRwTest.tsx?t=1785416085769:288
[ 2140159ms] [TABLE] [Object, Object, Object, Object, Object] @ http://localhost:5175/src/features/exam/petRw/ReadingPetRwTest.tsx?t=1785416085769:288
[ 2140159ms] [TABLE] [Object, Object, Object, Object, Object] @ http://localhost:5175/src/features/exam/petRw/ReadingPetRwTest.tsx?t=1785416085769:288
[ 2142157ms] [TABLE] [Object, Object, Object, Object, Object] @ http://localhost:5175/src/features/exam/petRw/ReadingPetRwTest.tsx?t=1785416085769:288
[ 2142157ms] [TABLE] [Object, Object, Object, Object, Object] @ http://localhost:5175/src/features/exam/petRw/ReadingPetRwTest.tsx?t=1785416085769:288
[ 2144166ms] [TABLE] [Object, Object, Object, Object, Object] @ http://localhost:5175/src/features/exam/petRw/ReadingPetRwTest.tsx?t=1785416085769:288
[ 2144167ms] [TABLE] [Object, Object, Object, Object, Object] @ http://localhost:5175/src/features/exam/petRw/ReadingPetRwTest.tsx?t=1785416085769:288
[ 2146160ms] [TABLE] [Object, Object, Object, Object, Object] @ http://localhost:5175/src/features/exam/petRw/ReadingPetRwTest.tsx?t=1785416085769:288
[ 2146160ms] [TABLE] [Object, Object, Object, Object, Object] @ http://localhost:5175/src/features/exam/petRw/ReadingPetRwTest.tsx?t=1785416085769:288
[ 2148168ms] [TABLE] [Object, Object, Object, Object, Object] @ http://localhost:5175/src/features/exam/petRw/ReadingPetRwTest.tsx?t=1785416085769:288
[ 2148169ms] [TABLE] [Object, Object, Object, Object, Object] @ http://localhost:5175/src/features/exam/petRw/ReadingPetRwTest.tsx?t=1785416085769:288
[ 2150156ms] [TABLE] [Object, Object, Object, Object, Object] @ http://localhost:5175/src/features/exam/petRw/ReadingPetRwTest.tsx?t=1785416085769:288
[ 2150157ms] [TABLE] [Object, Object, Object, Object, Object] @ http://localhost:5175/src/features/exam/petRw/ReadingPetRwTest.tsx?t=1785416085769:288
[ 2152163ms] [TABLE] [Object, Object, Object, Object, Object] @ http://localhost:5175/src/features/exam/petRw/ReadingPetRwTest.tsx?t=1785416085769:288
[ 2152163ms] [TABLE] [Object, Object, Object, Object, Object] @ http://localhost:5175/src/features/exam/petRw/ReadingPetRwTest.tsx?t=1785416085769:288
[ 2154170ms] [TABLE] [Object, Object, Object, Object, Object] @ http://localhost:5175/src/features/exam/petRw/ReadingPetRwTest.tsx?t=1785416085769:288
[ 2154170ms] [TABLE] [Object, Object, Object, Object, Object] @ http://localhost:5175/src/features/exam/petRw/ReadingPetRwTest.tsx?t=1785416085769:288
[ 2156159ms] [TABLE] [Object, Object, Object, Object, Object] @ http://localhost:5175/src/features/exam/petRw/ReadingPetRwTest.tsx?t=1785416085769:288
[ 2156160ms] [TABLE] [Object, Object, Object, Object, Object] @ http://localhost:5175/src/features/exam/petRw/ReadingPetRwTest.tsx?t=1785416085769:288
[ 2158167ms] [TABLE] [Object, Object, Object, Object, Object] @ http://localhost:5175/src/features/exam/petRw/ReadingPetRwTest.tsx?t=1785416085769:288
[ 2158168ms] [TABLE] [Object, Object, Object, Object, Object] @ http://localhost:5175/src/features/exam/petRw/ReadingPetRwTest.tsx?t=1785416085769:288
[ 2160158ms] [TABLE] [Object, Object, Object, Object, Object] @ http://localhost:5175/src/features/exam/petRw/ReadingPetRwTest.tsx?t=1785416085769:288
[ 2160159ms] [TABLE] [Object, Object, Object, Object, Object] @ http://localhost:5175/src/features/exam/petRw/ReadingPetRwTest.tsx?t=1785416085769:288
[ 2162157ms] [TABLE] [Object, Object, Object, Object, Object] @ http://localhost:5175/src/features/exam/petRw/ReadingPetRwTest.tsx?t=1785416085769:288
[ 2162157ms] [TABLE] [Object, Object, Object, Object, Object] @ http://localhost:5175/src/features/exam/petRw/ReadingPetRwTest.tsx?t=1785416085769:288
[ 2164155ms] [TABLE] [Object, Object, Object, Object, Object] @ http://localhost:5175/src/features/exam/petRw/ReadingPetRwTest.tsx?t=1785416085769:288
[ 2164155ms] [TABLE] [Object, Object, Object, Object, Object] @ http://localhost:5175/src/features/exam/petRw/ReadingPetRwTest.tsx?t=1785416085769:288
[ 2166159ms] [TABLE] [Object, Object, Object, Object, Object] @ http://localhost:5175/src/features/exam/petRw/ReadingPetRwTest.tsx?t=1785416085769:288
[ 2166159ms] [TABLE] [Object, Object, Object, Object, Object] @ http://localhost:5175/src/features/exam/petRw/ReadingPetRwTest.tsx?t=1785416085769:288
[ 2168159ms] [TABLE] [Object, Object, Object, Object, Object] @ http://localhost:5175/src/features/exam/petRw/ReadingPetRwTest.tsx?t=1785416085769:288
[ 2168159ms] [TABLE] [Object, Object, Object, Object, Object] @ http://localhost:5175/src/features/exam/petRw/ReadingPetRwTest.tsx?t=1785416085769:288
[ 2170158ms] [TABLE] [Object, Object, Object, Object, Object] @ http://localhost:5175/src/features/exam/petRw/ReadingPetRwTest.tsx?t=1785416085769:288
[ 2170159ms] [TABLE] [Object, Object, Object, Object, Object] @ http://localhost:5175/src/features/exam/petRw/ReadingPetRwTest.tsx?t=1785416085769:288
[ 2172167ms] [TABLE] [Object, Object, Object, Object, Object] @ http://localhost:5175/src/features/exam/petRw/ReadingPetRwTest.tsx?t=1785416085769:288
[ 2172167ms] [TABLE] [Object, Object, Object, Object, Object] @ http://localhost:5175/src/features/exam/petRw/ReadingPetRwTest.tsx?t=1785416085769:288
[ 2174164ms] [TABLE] [Object, Object, Object, Object, Object] @ http://localhost:5175/src/features/exam/petRw/ReadingPetRwTest.tsx?t=1785416085769:288
[ 2174165ms] [TABLE] [Object, Object, Object, Object, Object] @ http://localhost:5175/src/features/exam/petRw/ReadingPetRwTest.tsx?t=1785416085769:288
[ 2176163ms] [TABLE] [Object, Object, Object, Object, Object] @ http://localhost:5175/src/features/exam/petRw/ReadingPetRwTest.tsx?t=1785416085769:288
[ 2176164ms] [TABLE] [Object, Object, Object, Object, Object] @ http://localhost:5175/src/features/exam/petRw/ReadingPetRwTest.tsx?t=1785416085769:288
[ 2178168ms] [TABLE] [Object, Object, Object, Object, Object] @ http://localhost:5175/src/features/exam/petRw/ReadingPetRwTest.tsx?t=1785416085769:288
[ 2178169ms] [TABLE] [Object, Object, Object, Object, Object] @ http://localhost:5175/src/features/exam/petRw/ReadingPetRwTest.tsx?t=1785416085769:288
[ 2180165ms] [TABLE] [Object, Object, Object, Object, Object] @ http://localhost:5175/src/features/exam/petRw/ReadingPetRwTest.tsx?t=1785416085769:288
[ 2180166ms] [TABLE] [Object, Object, Object, Object, Object] @ http://localhost:5175/src/features/exam/petRw/ReadingPetRwTest.tsx?t=1785416085769:288
[ 2182157ms] [TABLE] [Object, Object, Object, Object, Object] @ http://localhost:5175/src/features/exam/petRw/ReadingPetRwTest.tsx?t=1785416085769:288
[ 2182158ms] [TABLE] [Object, Object, Object, Object, Object] @ http://localhost:5175/src/features/exam/petRw/ReadingPetRwTest.tsx?t=1785416085769:288
[ 2184161ms] [TABLE] [Object, Object, Object, Object, Object] @ http://localhost:5175/src/features/exam/petRw/ReadingPetRwTest.tsx?t=1785416085769:288
[ 2184162ms] [TABLE] [Object, Object, Object, Object, Object] @ http://localhost:5175/src/features/exam/petRw/ReadingPetRwTest.tsx?t=1785416085769:288
[ 2186162ms] [TABLE] [Object, Object, Object, Object, Object] @ http://localhost:5175/src/features/exam/petRw/ReadingPetRwTest.tsx?t=1785416085769:288
[ 2186163ms] [TABLE] [Object, Object, Object, Object, Object] @ http://localhost:5175/src/features/exam/petRw/ReadingPetRwTest.tsx?t=1785416085769:288
[ 2188159ms] [TABLE] [Object, Object, Object, Object, Object] @ http://localhost:5175/src/features/exam/petRw/ReadingPetRwTest.tsx?t=1785416085769:288
[ 2188159ms] [TABLE] [Object, Object, Object, Object, Object] @ http://localhost:5175/src/features/exam/petRw/ReadingPetRwTest.tsx?t=1785416085769:288
[ 2190168ms] [TABLE] [Object, Object, Object, Object, Object] @ http://localhost:5175/src/features/exam/petRw/ReadingPetRwTest.tsx?t=1785416085769:288
[ 2190168ms] [TABLE] [Object, Object, Object, Object, Object] @ http://localhost:5175/src/features/exam/petRw/ReadingPetRwTest.tsx?t=1785416085769:288
[ 2192166ms] [TABLE] [Object, Object, Object, Object, Object] @ http://localhost:5175/src/features/exam/petRw/ReadingPetRwTest.tsx?t=1785416085769:288
[ 2192166ms] [TABLE] [Object, Object, Object, Object, Object] @ http://localhost:5175/src/features/exam/petRw/ReadingPetRwTest.tsx?t=1785416085769:288
[ 2194164ms] [TABLE] [Object, Object, Object, Object, Object] @ http://localhost:5175/src/features/exam/petRw/ReadingPetRwTest.tsx?t=1785416085769:288
[ 2194165ms] [TABLE] [Object, Object, Object, Object, Object] @ http://localhost:5175/src/features/exam/petRw/ReadingPetRwTest.tsx?t=1785416085769:288
[ 2196169ms] [TABLE] [Object, Object, Object, Object, Object] @ http://localhost:5175/src/features/exam/petRw/ReadingPetRwTest.tsx?t=1785416085769:288
[ 2196170ms] [TABLE] [Object, Object, Object, Object, Object] @ http://localhost:5175/src/features/exam/petRw/ReadingPetRwTest.tsx?t=1785416085769:288
[ 2198155ms] [TABLE] [Object, Object, Object, Object, Object] @ http://localhost:5175/src/features/exam/petRw/ReadingPetRwTest.tsx?t=1785416085769:288
[ 2198155ms] [TABLE] [Object, Object, Object, Object, Object] @ http://localhost:5175/src/features/exam/petRw/ReadingPetRwTest.tsx?t=1785416085769:288
[ 2200165ms] [TABLE] [Object, Object, Object, Object, Object] @ http://localhost:5175/src/features/exam/petRw/ReadingPetRwTest.tsx?t=1785416085769:288
[ 2200166ms] [TABLE] [Object, Object, Object, Object, Object] @ http://localhost:5175/src/features/exam/petRw/ReadingPetRwTest.tsx?t=1785416085769:288
[ 2202160ms] [TABLE] [Object, Object, Object, Object, Object] @ http://localhost:5175/src/features/exam/petRw/ReadingPetRwTest.tsx?t=1785416085769:288
[ 2202161ms] [TABLE] [Object, Object, Object, Object, Object] @ http://localhost:5175/src/features/exam/petRw/ReadingPetRwTest.tsx?t=1785416085769:288
[ 2204166ms] [TABLE] [Object, Object, Object, Object, Object] @ http://localhost:5175/src/features/exam/petRw/ReadingPetRwTest.tsx?t=1785416085769:288
[ 2204167ms] [TABLE] [Object, Object, Object, Object, Object] @ http://localhost:5175/src/features/exam/petRw/ReadingPetRwTest.tsx?t=1785416085769:288
[ 2206163ms] [TABLE] [Object, Object, Object, Object, Object] @ http://localhost:5175/src/features/exam/petRw/ReadingPetRwTest.tsx?t=1785416085769:288
[ 2206163ms] [TABLE] [Object, Object, Object, Object, Object] @ http://localhost:5175/src/features/exam/petRw/ReadingPetRwTest.tsx?t=1785416085769:288
[ 2208167ms] [TABLE] [Object, Object, Object, Object, Object] @ http://localhost:5175/src/features/exam/petRw/ReadingPetRwTest.tsx?t=1785416085769:288
[ 2208168ms] [TABLE] [Object, Object, Object, Object, Object] @ http://localhost:5175/src/features/exam/petRw/ReadingPetRwTest.tsx?t=1785416085769:288
[ 2210162ms] [TABLE] [Object, Object, Object, Object, Object] @ http://localhost:5175/src/features/exam/petRw/ReadingPetRwTest.tsx?t=1785416085769:288
[ 2210163ms] [TABLE] [Object, Object, Object, Object, Object] @ http://localhost:5175/src/features/exam/petRw/ReadingPetRwTest.tsx?t=1785416085769:288
[ 2212157ms] [TABLE] [Object, Object, Object, Object, Object] @ http://localhost:5175/src/features/exam/petRw/ReadingPetRwTest.tsx?t=1785416085769:288
[ 2212159ms] [TABLE] [Object, Object, Object, Object, Object] @ http://localhost:5175/src/features/exam/petRw/ReadingPetRwTest.tsx?t=1785416085769:288
[ 2214161ms] [TABLE] [Object, Object, Object, Object, Object] @ http://localhost:5175/src/features/exam/petRw/ReadingPetRwTest.tsx?t=1785416085769:288
[ 2214161ms] [TABLE] [Object, Object, Object, Object, Object] @ http://localhost:5175/src/features/exam/petRw/ReadingPetRwTest.tsx?t=1785416085769:288
[ 2216162ms] [TABLE] [Object, Object, Object, Object, Object] @ http://localhost:5175/src/features/exam/petRw/ReadingPetRwTest.tsx?t=1785416085769:288
[ 2216162ms] [TABLE] [Object, Object, Object, Object, Object] @ http://localhost:5175/src/features/exam/petRw/ReadingPetRwTest.tsx?t=1785416085769:288
[ 2218169ms] [TABLE] [Object, Object, Object, Object, Object] @ http://localhost:5175/src/features/exam/petRw/ReadingPetRwTest.tsx?t=1785416085769:288
[ 2218169ms] [TABLE] [Object, Object, Object, Object, Object] @ http://localhost:5175/src/features/exam/petRw/ReadingPetRwTest.tsx?t=1785416085769:288
[ 2220167ms] [TABLE] [Object, Object, Object, Object, Object] @ http://localhost:5175/src/features/exam/petRw/ReadingPetRwTest.tsx?t=1785416085769:288
[ 2220167ms] [TABLE] [Object, Object, Object, Object, Object] @ http://localhost:5175/src/features/exam/petRw/ReadingPetRwTest.tsx?t=1785416085769:288
[ 2222158ms] [TABLE] [Object, Object, Object, Object, Object] @ http://localhost:5175/src/features/exam/petRw/ReadingPetRwTest.tsx?t=1785416085769:288
[ 2222158ms] [TABLE] [Object, Object, Object, Object, Object] @ http://localhost:5175/src/features/exam/petRw/ReadingPetRwTest.tsx?t=1785416085769:288
[ 2224168ms] [TABLE] [Object, Object, Object, Object, Object] @ http://localhost:5175/src/features/exam/petRw/ReadingPetRwTest.tsx?t=1785416085769:288
[ 2224168ms] [TABLE] [Object, Object, Object, Object, Object] @ http://localhost:5175/src/features/exam/petRw/ReadingPetRwTest.tsx?t=1785416085769:288
[ 2226159ms] [TABLE] [Object, Object, Object, Object, Object] @ http://localhost:5175/src/features/exam/petRw/ReadingPetRwTest.tsx?t=1785416085769:288
[ 2226159ms] [TABLE] [Object, Object, Object, Object, Object] @ http://localhost:5175/src/features/exam/petRw/ReadingPetRwTest.tsx?t=1785416085769:288
[ 2228165ms] [TABLE] [Object, Object, Object, Object, Object] @ http://localhost:5175/src/features/exam/petRw/ReadingPetRwTest.tsx?t=1785416085769:288
[ 2228165ms] [TABLE] [Object, Object, Object, Object, Object] @ http://localhost:5175/src/features/exam/petRw/ReadingPetRwTest.tsx?t=1785416085769:288
[ 2230162ms] [TABLE] [Object, Object, Object, Object, Object] @ http://localhost:5175/src/features/exam/petRw/ReadingPetRwTest.tsx?t=1785416085769:288
[ 2230163ms] [TABLE] [Object, Object, Object, Object, Object] @ http://localhost:5175/src/features/exam/petRw/ReadingPetRwTest.tsx?t=1785416085769:288
[ 2232168ms] [TABLE] [Object, Object, Object, Object, Object] @ http://localhost:5175/src/features/exam/petRw/ReadingPetRwTest.tsx?t=1785416085769:288
[ 2232168ms] [TABLE] [Object, Object, Object, Object, Object] @ http://localhost:5175/src/features/exam/petRw/ReadingPetRwTest.tsx?t=1785416085769:288
[ 2234157ms] [TABLE] [Object, Object, Object, Object, Object] @ http://localhost:5175/src/features/exam/petRw/ReadingPetRwTest.tsx?t=1785416085769:288
[ 2234157ms] [TABLE] [Object, Object, Object, Object, Object] @ http://localhost:5175/src/features/exam/petRw/ReadingPetRwTest.tsx?t=1785416085769:288
[ 2236166ms] [TABLE] [Object, Object, Object, Object, Object] @ http://localhost:5175/src/features/exam/petRw/ReadingPetRwTest.tsx?t=1785416085769:288
[ 2236167ms] [TABLE] [Object, Object, Object, Object, Object] @ http://localhost:5175/src/features/exam/petRw/ReadingPetRwTest.tsx?t=1785416085769:288
[ 2238160ms] [TABLE] [Object, Object, Object, Object, Object] @ http://localhost:5175/src/features/exam/petRw/ReadingPetRwTest.tsx?t=1785416085769:288
[ 2238161ms] [TABLE] [Object, Object, Object, Object, Object] @ http://localhost:5175/src/features/exam/petRw/ReadingPetRwTest.tsx?t=1785416085769:288
[ 2240164ms] [TABLE] [Object, Object, Object, Object, Object] @ http://localhost:5175/src/features/exam/petRw/ReadingPetRwTest.tsx?t=1785416085769:288
[ 2240165ms] [TABLE] [Object, Object, Object, Object, Object] @ http://localhost:5175/src/features/exam/petRw/ReadingPetRwTest.tsx?t=1785416085769:288
[ 2242156ms] [TABLE] [Object, Object, Object, Object, Object] @ http://localhost:5175/src/features/exam/petRw/ReadingPetRwTest.tsx?t=1785416085769:288
[ 2242156ms] [TABLE] [Object, Object, Object, Object, Object] @ http://localhost:5175/src/features/exam/petRw/ReadingPetRwTest.tsx?t=1785416085769:288
[ 2244165ms] [TABLE] [Object, Object, Object, Object, Object] @ http://localhost:5175/src/features/exam/petRw/ReadingPetRwTest.tsx?t=1785416085769:288
[ 2244166ms] [TABLE] [Object, Object, Object, Object, Object] @ http://localhost:5175/src/features/exam/petRw/ReadingPetRwTest.tsx?t=1785416085769:288
[ 2246155ms] [TABLE] [Object, Object, Object, Object, Object] @ http://localhost:5175/src/features/exam/petRw/ReadingPetRwTest.tsx?t=1785416085769:288
[ 2246155ms] [TABLE] [Object, Object, Object, Object, Object] @ http://localhost:5175/src/features/exam/petRw/ReadingPetRwTest.tsx?t=1785416085769:288
[ 2248158ms] [TABLE] [Object, Object, Object, Object, Object] @ http://localhost:5175/src/features/exam/petRw/ReadingPetRwTest.tsx?t=1785416085769:288
[ 2248158ms] [TABLE] [Object, Object, Object, Object, Object] @ http://localhost:5175/src/features/exam/petRw/ReadingPetRwTest.tsx?t=1785416085769:288
[ 2250159ms] [TABLE] [Object, Object, Object, Object, Object] @ http://localhost:5175/src/features/exam/petRw/ReadingPetRwTest.tsx?t=1785416085769:288
[ 2250159ms] [TABLE] [Object, Object, Object, Object, Object] @ http://localhost:5175/src/features/exam/petRw/ReadingPetRwTest.tsx?t=1785416085769:288
[ 2252169ms] [TABLE] [Object, Object, Object, Object, Object] @ http://localhost:5175/src/features/exam/petRw/ReadingPetRwTest.tsx?t=1785416085769:288
[ 2252170ms] [TABLE] [Object, Object, Object, Object, Object] @ http://localhost:5175/src/features/exam/petRw/ReadingPetRwTest.tsx?t=1785416085769:288
[ 2254165ms] [TABLE] [Object, Object, Object, Object, Object] @ http://localhost:5175/src/features/exam/petRw/ReadingPetRwTest.tsx?t=1785416085769:288
[ 2254166ms] [TABLE] [Object, Object, Object, Object, Object] @ http://localhost:5175/src/features/exam/petRw/ReadingPetRwTest.tsx?t=1785416085769:288
[ 2256160ms] [TABLE] [Object, Object, Object, Object, Object] @ http://localhost:5175/src/features/exam/petRw/ReadingPetRwTest.tsx?t=1785416085769:288
[ 2256161ms] [TABLE] [Object, Object, Object, Object, Object] @ http://localhost:5175/src/features/exam/petRw/ReadingPetRwTest.tsx?t=1785416085769:288
[ 2258166ms] [TABLE] [Object, Object, Object, Object, Object] @ http://localhost:5175/src/features/exam/petRw/ReadingPetRwTest.tsx?t=1785416085769:288
[ 2258167ms] [TABLE] [Object, Object, Object, Object, Object] @ http://localhost:5175/src/features/exam/petRw/ReadingPetRwTest.tsx?t=1785416085769:288
[ 2260157ms] [TABLE] [Object, Object, Object, Object, Object] @ http://localhost:5175/src/features/exam/petRw/ReadingPetRwTest.tsx?t=1785416085769:288
[ 2260157ms] [TABLE] [Object, Object, Object, Object, Object] @ http://localhost:5175/src/features/exam/petRw/ReadingPetRwTest.tsx?t=1785416085769:288
[ 2262163ms] [TABLE] [Object, Object, Object, Object, Object] @ http://localhost:5175/src/features/exam/petRw/ReadingPetRwTest.tsx?t=1785416085769:288
[ 2262163ms] [TABLE] [Object, Object, Object, Object, Object] @ http://localhost:5175/src/features/exam/petRw/ReadingPetRwTest.tsx?t=1785416085769:288
[ 2264169ms] [TABLE] [Object, Object, Object, Object, Object] @ http://localhost:5175/src/features/exam/petRw/ReadingPetRwTest.tsx?t=1785416085769:288
[ 2264170ms] [TABLE] [Object, Object, Object, Object, Object] @ http://localhost:5175/src/features/exam/petRw/ReadingPetRwTest.tsx?t=1785416085769:288
[ 2266159ms] [TABLE] [Object, Object, Object, Object, Object] @ http://localhost:5175/src/features/exam/petRw/ReadingPetRwTest.tsx?t=1785416085769:288
[ 2266160ms] [TABLE] [Object, Object, Object, Object, Object] @ http://localhost:5175/src/features/exam/petRw/ReadingPetRwTest.tsx?t=1785416085769:288
[ 2268169ms] [TABLE] [Object, Object, Object, Object, Object] @ http://localhost:5175/src/features/exam/petRw/ReadingPetRwTest.tsx?t=1785416085769:288
[ 2268170ms] [TABLE] [Object, Object, Object, Object, Object] @ http://localhost:5175/src/features/exam/petRw/ReadingPetRwTest.tsx?t=1785416085769:288
[ 2270166ms] [TABLE] [Object, Object, Object, Object, Object] @ http://localhost:5175/src/features/exam/petRw/ReadingPetRwTest.tsx?t=1785416085769:288
[ 2270166ms] [TABLE] [Object, Object, Object, Object, Object] @ http://localhost:5175/src/features/exam/petRw/ReadingPetRwTest.tsx?t=1785416085769:288
[ 2272164ms] [TABLE] [Object, Object, Object, Object, Object] @ http://localhost:5175/src/features/exam/petRw/ReadingPetRwTest.tsx?t=1785416085769:288
[ 2272165ms] [TABLE] [Object, Object, Object, Object, Object] @ http://localhost:5175/src/features/exam/petRw/ReadingPetRwTest.tsx?t=1785416085769:288
[ 2274158ms] [TABLE] [Object, Object, Object, Object, Object] @ http://localhost:5175/src/features/exam/petRw/ReadingPetRwTest.tsx?t=1785416085769:288
[ 2274158ms] [TABLE] [Object, Object, Object, Object, Object] @ http://localhost:5175/src/features/exam/petRw/ReadingPetRwTest.tsx?t=1785416085769:288
[ 2276155ms] [TABLE] [Object, Object, Object, Object, Object] @ http://localhost:5175/src/features/exam/petRw/ReadingPetRwTest.tsx?t=1785416085769:288
[ 2276156ms] [TABLE] [Object, Object, Object, Object, Object] @ http://localhost:5175/src/features/exam/petRw/ReadingPetRwTest.tsx?t=1785416085769:288
[ 2278167ms] [TABLE] [Object, Object, Object, Object, Object] @ http://localhost:5175/src/features/exam/petRw/ReadingPetRwTest.tsx?t=1785416085769:288
[ 2278167ms] [TABLE] [Object, Object, Object, Object, Object] @ http://localhost:5175/src/features/exam/petRw/ReadingPetRwTest.tsx?t=1785416085769:288
[ 2280158ms] [TABLE] [Object, Object, Object, Object, Object] @ http://localhost:5175/src/features/exam/petRw/ReadingPetRwTest.tsx?t=1785416085769:288
[ 2280158ms] [TABLE] [Object, Object, Object, Object, Object] @ http://localhost:5175/src/features/exam/petRw/ReadingPetRwTest.tsx?t=1785416085769:288
[ 2282163ms] [TABLE] [Object, Object, Object, Object, Object] @ http://localhost:5175/src/features/exam/petRw/ReadingPetRwTest.tsx?t=1785416085769:288
[ 2282163ms] [TABLE] [Object, Object, Object, Object, Object] @ http://localhost:5175/src/features/exam/petRw/ReadingPetRwTest.tsx?t=1785416085769:288
[ 2284157ms] [TABLE] [Object, Object, Object, Object, Object] @ http://localhost:5175/src/features/exam/petRw/ReadingPetRwTest.tsx?t=1785416085769:288
[ 2284158ms] [TABLE] [Object, Object, Object, Object, Object] @ http://localhost:5175/src/features/exam/petRw/ReadingPetRwTest.tsx?t=1785416085769:288
[ 2286164ms] [TABLE] [Object, Object, Object, Object, Object] @ http://localhost:5175/src/features/exam/petRw/ReadingPetRwTest.tsx?t=1785416085769:288
[ 2286164ms] [TABLE] [Object, Object, Object, Object, Object] @ http://localhost:5175/src/features/exam/petRw/ReadingPetRwTest.tsx?t=1785416085769:288
[ 2288168ms] [TABLE] [Object, Object, Object, Object, Object] @ http://localhost:5175/src/features/exam/petRw/ReadingPetRwTest.tsx?t=1785416085769:288
[ 2288169ms] [TABLE] [Object, Object, Object, Object, Object] @ http://localhost:5175/src/features/exam/petRw/ReadingPetRwTest.tsx?t=1785416085769:288
[ 2290164ms] [TABLE] [Object, Object, Object, Object, Object] @ http://localhost:5175/src/features/exam/petRw/ReadingPetRwTest.tsx?t=1785416085769:288
[ 2290164ms] [TABLE] [Object, Object, Object, Object, Object] @ http://localhost:5175/src/features/exam/petRw/ReadingPetRwTest.tsx?t=1785416085769:288
[ 2292170ms] [TABLE] [Object, Object, Object, Object, Object] @ http://localhost:5175/src/features/exam/petRw/ReadingPetRwTest.tsx?t=1785416085769:288
[ 2292171ms] [TABLE] [Object, Object, Object, Object, Object] @ http://localhost:5175/src/features/exam/petRw/ReadingPetRwTest.tsx?t=1785416085769:288
[ 2294164ms] [TABLE] [Object, Object, Object, Object, Object] @ http://localhost:5175/src/features/exam/petRw/ReadingPetRwTest.tsx?t=1785416085769:288
[ 2294165ms] [TABLE] [Object, Object, Object, Object, Object] @ http://localhost:5175/src/features/exam/petRw/ReadingPetRwTest.tsx?t=1785416085769:288
[ 2296156ms] [TABLE] [Object, Object, Object, Object, Object] @ http://localhost:5175/src/features/exam/petRw/ReadingPetRwTest.tsx?t=1785416085769:288
[ 2296156ms] [TABLE] [Object, Object, Object, Object, Object] @ http://localhost:5175/src/features/exam/petRw/ReadingPetRwTest.tsx?t=1785416085769:288
[ 2298170ms] [TABLE] [Object, Object, Object, Object, Object] @ http://localhost:5175/src/features/exam/petRw/ReadingPetRwTest.tsx?t=1785416085769:288
[ 2298171ms] [TABLE] [Object, Object, Object, Object, Object] @ http://localhost:5175/src/features/exam/petRw/ReadingPetRwTest.tsx?t=1785416085769:288
[ 2300166ms] [TABLE] [Object, Object, Object, Object, Object] @ http://localhost:5175/src/features/exam/petRw/ReadingPetRwTest.tsx?t=1785416085769:288
[ 2300167ms] [TABLE] [Object, Object, Object, Object, Object] @ http://localhost:5175/src/features/exam/petRw/ReadingPetRwTest.tsx?t=1785416085769:288
[ 2302169ms] [TABLE] [Object, Object, Object, Object, Object] @ http://localhost:5175/src/features/exam/petRw/ReadingPetRwTest.tsx?t=1785416085769:288
[ 2302170ms] [TABLE] [Object, Object, Object, Object, Object] @ http://localhost:5175/src/features/exam/petRw/ReadingPetRwTest.tsx?t=1785416085769:288
[ 2304161ms] [TABLE] [Object, Object, Object, Object, Object] @ http://localhost:5175/src/features/exam/petRw/ReadingPetRwTest.tsx?t=1785416085769:288
[ 2304162ms] [TABLE] [Object, Object, Object, Object, Object] @ http://localhost:5175/src/features/exam/petRw/ReadingPetRwTest.tsx?t=1785416085769:288
[ 2306165ms] [TABLE] [Object, Object, Object, Object, Object] @ http://localhost:5175/src/features/exam/petRw/ReadingPetRwTest.tsx?t=1785416085769:288
[ 2306165ms] [TABLE] [Object, Object, Object, Object, Object] @ http://localhost:5175/src/features/exam/petRw/ReadingPetRwTest.tsx?t=1785416085769:288
[ 2308161ms] [TABLE] [Object, Object, Object, Object, Object] @ http://localhost:5175/src/features/exam/petRw/ReadingPetRwTest.tsx?t=1785416085769:288
[ 2308162ms] [TABLE] [Object, Object, Object, Object, Object] @ http://localhost:5175/src/features/exam/petRw/ReadingPetRwTest.tsx?t=1785416085769:288
[ 2310159ms] [TABLE] [Object, Object, Object, Object, Object] @ http://localhost:5175/src/features/exam/petRw/ReadingPetRwTest.tsx?t=1785416085769:288
[ 2310159ms] [TABLE] [Object, Object, Object, Object, Object] @ http://localhost:5175/src/features/exam/petRw/ReadingPetRwTest.tsx?t=1785416085769:288
[ 2312167ms] [TABLE] [Object, Object, Object, Object, Object] @ http://localhost:5175/src/features/exam/petRw/ReadingPetRwTest.tsx?t=1785416085769:288
[ 2312168ms] [TABLE] [Object, Object, Object, Object, Object] @ http://localhost:5175/src/features/exam/petRw/ReadingPetRwTest.tsx?t=1785416085769:288
[ 2314158ms] [TABLE] [Object, Object, Object, Object, Object] @ http://localhost:5175/src/features/exam/petRw/ReadingPetRwTest.tsx?t=1785416085769:288
[ 2314159ms] [TABLE] [Object, Object, Object, Object, Object] @ http://localhost:5175/src/features/exam/petRw/ReadingPetRwTest.tsx?t=1785416085769:288
[ 2316165ms] [TABLE] [Object, Object, Object, Object, Object] @ http://localhost:5175/src/features/exam/petRw/ReadingPetRwTest.tsx?t=1785416085769:288
[ 2316165ms] [TABLE] [Object, Object, Object, Object, Object] @ http://localhost:5175/src/features/exam/petRw/ReadingPetRwTest.tsx?t=1785416085769:288
[ 2318155ms] [TABLE] [Object, Object, Object, Object, Object] @ http://localhost:5175/src/features/exam/petRw/ReadingPetRwTest.tsx?t=1785416085769:288
[ 2318156ms] [TABLE] [Object, Object, Object, Object, Object] @ http://localhost:5175/src/features/exam/petRw/ReadingPetRwTest.tsx?t=1785416085769:288
[ 2320167ms] [TABLE] [Object, Object, Object, Object, Object] @ http://localhost:5175/src/features/exam/petRw/ReadingPetRwTest.tsx?t=1785416085769:288
[ 2320167ms] [TABLE] [Object, Object, Object, Object, Object] @ http://localhost:5175/src/features/exam/petRw/ReadingPetRwTest.tsx?t=1785416085769:288
[ 2322160ms] [TABLE] [Object, Object, Object, Object, Object] @ http://localhost:5175/src/features/exam/petRw/ReadingPetRwTest.tsx?t=1785416085769:288
[ 2322161ms] [TABLE] [Object, Object, Object, Object, Object] @ http://localhost:5175/src/features/exam/petRw/ReadingPetRwTest.tsx?t=1785416085769:288
[ 2324161ms] [TABLE] [Object, Object, Object, Object, Object] @ http://localhost:5175/src/features/exam/petRw/ReadingPetRwTest.tsx?t=1785416085769:288
[ 2324163ms] [TABLE] [Object, Object, Object, Object, Object] @ http://localhost:5175/src/features/exam/petRw/ReadingPetRwTest.tsx?t=1785416085769:288
[ 2326168ms] [TABLE] [Object, Object, Object, Object, Object] @ http://localhost:5175/src/features/exam/petRw/ReadingPetRwTest.tsx?t=1785416085769:288
[ 2326168ms] [TABLE] [Object, Object, Object, Object, Object] @ http://localhost:5175/src/features/exam/petRw/ReadingPetRwTest.tsx?t=1785416085769:288
[ 2328165ms] [TABLE] [Object, Object, Object, Object, Object] @ http://localhost:5175/src/features/exam/petRw/ReadingPetRwTest.tsx?t=1785416085769:288
[ 2328165ms] [TABLE] [Object, Object, Object, Object, Object] @ http://localhost:5175/src/features/exam/petRw/ReadingPetRwTest.tsx?t=1785416085769:288
[ 2330166ms] [TABLE] [Object, Object, Object, Object, Object] @ http://localhost:5175/src/features/exam/petRw/ReadingPetRwTest.tsx?t=1785416085769:288
[ 2330167ms] [TABLE] [Object, Object, Object, Object, Object] @ http://localhost:5175/src/features/exam/petRw/ReadingPetRwTest.tsx?t=1785416085769:288
[ 2332160ms] [TABLE] [Object, Object, Object, Object, Object] @ http://localhost:5175/src/features/exam/petRw/ReadingPetRwTest.tsx?t=1785416085769:288
[ 2332160ms] [TABLE] [Object, Object, Object, Object, Object] @ http://localhost:5175/src/features/exam/petRw/ReadingPetRwTest.tsx?t=1785416085769:288
[ 2334164ms] [TABLE] [Object, Object, Object, Object, Object] @ http://localhost:5175/src/features/exam/petRw/ReadingPetRwTest.tsx?t=1785416085769:288
[ 2334165ms] [TABLE] [Object, Object, Object, Object, Object] @ http://localhost:5175/src/features/exam/petRw/ReadingPetRwTest.tsx?t=1785416085769:288
[ 2336165ms] [TABLE] [Object, Object, Object, Object, Object] @ http://localhost:5175/src/features/exam/petRw/ReadingPetRwTest.tsx?t=1785416085769:288
[ 2336166ms] [TABLE] [Object, Object, Object, Object, Object] @ http://localhost:5175/src/features/exam/petRw/ReadingPetRwTest.tsx?t=1785416085769:288
[ 2338161ms] [TABLE] [Object, Object, Object, Object, Object] @ http://localhost:5175/src/features/exam/petRw/ReadingPetRwTest.tsx?t=1785416085769:288
[ 2338162ms] [TABLE] [Object, Object, Object, Object, Object] @ http://localhost:5175/src/features/exam/petRw/ReadingPetRwTest.tsx?t=1785416085769:288
[ 2340167ms] [TABLE] [Object, Object, Object, Object, Object] @ http://localhost:5175/src/features/exam/petRw/ReadingPetRwTest.tsx?t=1785416085769:288
[ 2340168ms] [TABLE] [Object, Object, Object, Object, Object] @ http://localhost:5175/src/features/exam/petRw/ReadingPetRwTest.tsx?t=1785416085769:288
[ 2342161ms] [TABLE] [Object, Object, Object, Object, Object] @ http://localhost:5175/src/features/exam/petRw/ReadingPetRwTest.tsx?t=1785416085769:288
[ 2342161ms] [TABLE] [Object, Object, Object, Object, Object] @ http://localhost:5175/src/features/exam/petRw/ReadingPetRwTest.tsx?t=1785416085769:288
[ 2344156ms] [TABLE] [Object, Object, Object, Object, Object] @ http://localhost:5175/src/features/exam/petRw/ReadingPetRwTest.tsx?t=1785416085769:288
[ 2344156ms] [TABLE] [Object, Object, Object, Object, Object] @ http://localhost:5175/src/features/exam/petRw/ReadingPetRwTest.tsx?t=1785416085769:288
[ 2346162ms] [TABLE] [Object, Object, Object, Object, Object] @ http://localhost:5175/src/features/exam/petRw/ReadingPetRwTest.tsx?t=1785416085769:288
[ 2346162ms] [TABLE] [Object, Object, Object, Object, Object] @ http://localhost:5175/src/features/exam/petRw/ReadingPetRwTest.tsx?t=1785416085769:288
[ 2348156ms] [TABLE] [Object, Object, Object, Object, Object] @ http://localhost:5175/src/features/exam/petRw/ReadingPetRwTest.tsx?t=1785416085769:288
[ 2348156ms] [TABLE] [Object, Object, Object, Object, Object] @ http://localhost:5175/src/features/exam/petRw/ReadingPetRwTest.tsx?t=1785416085769:288
[ 2350167ms] [TABLE] [Object, Object, Object, Object, Object] @ http://localhost:5175/src/features/exam/petRw/ReadingPetRwTest.tsx?t=1785416085769:288
[ 2350167ms] [TABLE] [Object, Object, Object, Object, Object] @ http://localhost:5175/src/features/exam/petRw/ReadingPetRwTest.tsx?t=1785416085769:288
[ 2352162ms] [TABLE] [Object, Object, Object, Object, Object] @ http://localhost:5175/src/features/exam/petRw/ReadingPetRwTest.tsx?t=1785416085769:288
[ 2352162ms] [TABLE] [Object, Object, Object, Object, Object] @ http://localhost:5175/src/features/exam/petRw/ReadingPetRwTest.tsx?t=1785416085769:288
[ 2354166ms] [TABLE] [Object, Object, Object, Object, Object] @ http://localhost:5175/src/features/exam/petRw/ReadingPetRwTest.tsx?t=1785416085769:288
[ 2354167ms] [TABLE] [Object, Object, Object, Object, Object] @ http://localhost:5175/src/features/exam/petRw/ReadingPetRwTest.tsx?t=1785416085769:288
[ 2356159ms] [TABLE] [Object, Object, Object, Object, Object] @ http://localhost:5175/src/features/exam/petRw/ReadingPetRwTest.tsx?t=1785416085769:288
[ 2356159ms] [TABLE] [Object, Object, Object, Object, Object] @ http://localhost:5175/src/features/exam/petRw/ReadingPetRwTest.tsx?t=1785416085769:288
[ 2358161ms] [TABLE] [Object, Object, Object, Object, Object] @ http://localhost:5175/src/features/exam/petRw/ReadingPetRwTest.tsx?t=1785416085769:288
[ 2358161ms] [TABLE] [Object, Object, Object, Object, Object] @ http://localhost:5175/src/features/exam/petRw/ReadingPetRwTest.tsx?t=1785416085769:288
[ 2360168ms] [TABLE] [Object, Object, Object, Object, Object] @ http://localhost:5175/src/features/exam/petRw/ReadingPetRwTest.tsx?t=1785416085769:288
[ 2360169ms] [TABLE] [Object, Object, Object, Object, Object] @ http://localhost:5175/src/features/exam/petRw/ReadingPetRwTest.tsx?t=1785416085769:288
[ 2362168ms] [TABLE] [Object, Object, Object, Object, Object] @ http://localhost:5175/src/features/exam/petRw/ReadingPetRwTest.tsx?t=1785416085769:288
[ 2362169ms] [TABLE] [Object, Object, Object, Object, Object] @ http://localhost:5175/src/features/exam/petRw/ReadingPetRwTest.tsx?t=1785416085769:288
[ 2364163ms] [TABLE] [Object, Object, Object, Object, Object] @ http://localhost:5175/src/features/exam/petRw/ReadingPetRwTest.tsx?t=1785416085769:288
[ 2364164ms] [TABLE] [Object, Object, Object, Object, Object] @ http://localhost:5175/src/features/exam/petRw/ReadingPetRwTest.tsx?t=1785416085769:288
[ 2366163ms] [TABLE] [Object, Object, Object, Object, Object] @ http://localhost:5175/src/features/exam/petRw/ReadingPetRwTest.tsx?t=1785416085769:288
[ 2366164ms] [TABLE] [Object, Object, Object, Object, Object] @ http://localhost:5175/src/features/exam/petRw/ReadingPetRwTest.tsx?t=1785416085769:288
[ 2368167ms] [TABLE] [Object, Object, Object, Object, Object] @ http://localhost:5175/src/features/exam/petRw/ReadingPetRwTest.tsx?t=1785416085769:288
[ 2368167ms] [TABLE] [Object, Object, Object, Object, Object] @ http://localhost:5175/src/features/exam/petRw/ReadingPetRwTest.tsx?t=1785416085769:288
[ 2370166ms] [TABLE] [Object, Object, Object, Object, Object] @ http://localhost:5175/src/features/exam/petRw/ReadingPetRwTest.tsx?t=1785416085769:288
[ 2370166ms] [TABLE] [Object, Object, Object, Object, Object] @ http://localhost:5175/src/features/exam/petRw/ReadingPetRwTest.tsx?t=1785416085769:288
[ 2372156ms] [TABLE] [Object, Object, Object, Object, Object] @ http://localhost:5175/src/features/exam/petRw/ReadingPetRwTest.tsx?t=1785416085769:288
[ 2372156ms] [TABLE] [Object, Object, Object, Object, Object] @ http://localhost:5175/src/features/exam/petRw/ReadingPetRwTest.tsx?t=1785416085769:288
[ 2374164ms] [TABLE] [Object, Object, Object, Object, Object] @ http://localhost:5175/src/features/exam/petRw/ReadingPetRwTest.tsx?t=1785416085769:288
[ 2374165ms] [TABLE] [Object, Object, Object, Object, Object] @ http://localhost:5175/src/features/exam/petRw/ReadingPetRwTest.tsx?t=1785416085769:288
[ 2376169ms] [TABLE] [Object, Object, Object, Object, Object] @ http://localhost:5175/src/features/exam/petRw/ReadingPetRwTest.tsx?t=1785416085769:288
[ 2376169ms] [TABLE] [Object, Object, Object, Object, Object] @ http://localhost:5175/src/features/exam/petRw/ReadingPetRwTest.tsx?t=1785416085769:288
[ 2378170ms] [TABLE] [Object, Object, Object, Object, Object] @ http://localhost:5175/src/features/exam/petRw/ReadingPetRwTest.tsx?t=1785416085769:288
[ 2378171ms] [TABLE] [Object, Object, Object, Object, Object] @ http://localhost:5175/src/features/exam/petRw/ReadingPetRwTest.tsx?t=1785416085769:288
[ 2380162ms] [TABLE] [Object, Object, Object, Object, Object] @ http://localhost:5175/src/features/exam/petRw/ReadingPetRwTest.tsx?t=1785416085769:288
[ 2380163ms] [TABLE] [Object, Object, Object, Object, Object] @ http://localhost:5175/src/features/exam/petRw/ReadingPetRwTest.tsx?t=1785416085769:288
[ 2382167ms] [TABLE] [Object, Object, Object, Object, Object] @ http://localhost:5175/src/features/exam/petRw/ReadingPetRwTest.tsx?t=1785416085769:288
[ 2382168ms] [TABLE] [Object, Object, Object, Object, Object] @ http://localhost:5175/src/features/exam/petRw/ReadingPetRwTest.tsx?t=1785416085769:288
[ 2384156ms] [TABLE] [Object, Object, Object, Object, Object] @ http://localhost:5175/src/features/exam/petRw/ReadingPetRwTest.tsx?t=1785416085769:288
[ 2384156ms] [TABLE] [Object, Object, Object, Object, Object] @ http://localhost:5175/src/features/exam/petRw/ReadingPetRwTest.tsx?t=1785416085769:288
[ 2386158ms] [TABLE] [Object, Object, Object, Object, Object] @ http://localhost:5175/src/features/exam/petRw/ReadingPetRwTest.tsx?t=1785416085769:288
[ 2386158ms] [TABLE] [Object, Object, Object, Object, Object] @ http://localhost:5175/src/features/exam/petRw/ReadingPetRwTest.tsx?t=1785416085769:288
[ 2388163ms] [TABLE] [Object, Object, Object, Object, Object] @ http://localhost:5175/src/features/exam/petRw/ReadingPetRwTest.tsx?t=1785416085769:288
[ 2388163ms] [TABLE] [Object, Object, Object, Object, Object] @ http://localhost:5175/src/features/exam/petRw/ReadingPetRwTest.tsx?t=1785416085769:288
[ 2390165ms] [TABLE] [Object, Object, Object, Object, Object] @ http://localhost:5175/src/features/exam/petRw/ReadingPetRwTest.tsx?t=1785416085769:288
[ 2390166ms] [TABLE] [Object, Object, Object, Object, Object] @ http://localhost:5175/src/features/exam/petRw/ReadingPetRwTest.tsx?t=1785416085769:288
[ 2392160ms] [TABLE] [Object, Object, Object, Object, Object] @ http://localhost:5175/src/features/exam/petRw/ReadingPetRwTest.tsx?t=1785416085769:288
[ 2392161ms] [TABLE] [Object, Object, Object, Object, Object] @ http://localhost:5175/src/features/exam/petRw/ReadingPetRwTest.tsx?t=1785416085769:288
[ 2394168ms] [TABLE] [Object, Object, Object, Object, Object] @ http://localhost:5175/src/features/exam/petRw/ReadingPetRwTest.tsx?t=1785416085769:288
[ 2394169ms] [TABLE] [Object, Object, Object, Object, Object] @ http://localhost:5175/src/features/exam/petRw/ReadingPetRwTest.tsx?t=1785416085769:288
[ 2396164ms] [TABLE] [Object, Object, Object, Object, Object] @ http://localhost:5175/src/features/exam/petRw/ReadingPetRwTest.tsx?t=1785416085769:288
[ 2396164ms] [TABLE] [Object, Object, Object, Object, Object] @ http://localhost:5175/src/features/exam/petRw/ReadingPetRwTest.tsx?t=1785416085769:288
[ 2398161ms] [TABLE] [Object, Object, Object, Object, Object] @ http://localhost:5175/src/features/exam/petRw/ReadingPetRwTest.tsx?t=1785416085769:288
[ 2398161ms] [TABLE] [Object, Object, Object, Object, Object] @ http://localhost:5175/src/features/exam/petRw/ReadingPetRwTest.tsx?t=1785416085769:288
[ 2400167ms] [TABLE] [Object, Object, Object, Object, Object] @ http://localhost:5175/src/features/exam/petRw/ReadingPetRwTest.tsx?t=1785416085769:288
[ 2400167ms] [TABLE] [Object, Object, Object, Object, Object] @ http://localhost:5175/src/features/exam/petRw/ReadingPetRwTest.tsx?t=1785416085769:288
[ 2402159ms] [TABLE] [Object, Object, Object, Object, Object] @ http://localhost:5175/src/features/exam/petRw/ReadingPetRwTest.tsx?t=1785416085769:288
[ 2402160ms] [TABLE] [Object, Object, Object, Object, Object] @ http://localhost:5175/src/features/exam/petRw/ReadingPetRwTest.tsx?t=1785416085769:288
[ 2404165ms] [TABLE] [Object, Object, Object, Object, Object] @ http://localhost:5175/src/features/exam/petRw/ReadingPetRwTest.tsx?t=1785416085769:288
[ 2404165ms] [TABLE] [Object, Object, Object, Object, Object] @ http://localhost:5175/src/features/exam/petRw/ReadingPetRwTest.tsx?t=1785416085769:288
[ 2406159ms] [TABLE] [Object, Object, Object, Object, Object] @ http://localhost:5175/src/features/exam/petRw/ReadingPetRwTest.tsx?t=1785416085769:288
[ 2406159ms] [TABLE] [Object, Object, Object, Object, Object] @ http://localhost:5175/src/features/exam/petRw/ReadingPetRwTest.tsx?t=1785416085769:288
[ 2408160ms] [TABLE] [Object, Object, Object, Object, Object] @ http://localhost:5175/src/features/exam/petRw/ReadingPetRwTest.tsx?t=1785416085769:288
[ 2408160ms] [TABLE] [Object, Object, Object, Object, Object] @ http://localhost:5175/src/features/exam/petRw/ReadingPetRwTest.tsx?t=1785416085769:288
[ 2410165ms] [TABLE] [Object, Object, Object, Object, Object] @ http://localhost:5175/src/features/exam/petRw/ReadingPetRwTest.tsx?t=1785416085769:288
[ 2410165ms] [TABLE] [Object, Object, Object, Object, Object] @ http://localhost:5175/src/features/exam/petRw/ReadingPetRwTest.tsx?t=1785416085769:288
[ 2412169ms] [TABLE] [Object, Object, Object, Object, Object] @ http://localhost:5175/src/features/exam/petRw/ReadingPetRwTest.tsx?t=1785416085769:288
[ 2412170ms] [TABLE] [Object, Object, Object, Object, Object] @ http://localhost:5175/src/features/exam/petRw/ReadingPetRwTest.tsx?t=1785416085769:288
[ 2414163ms] [TABLE] [Object, Object, Object, Object, Object] @ http://localhost:5175/src/features/exam/petRw/ReadingPetRwTest.tsx?t=1785416085769:288
[ 2414163ms] [TABLE] [Object, Object, Object, Object, Object] @ http://localhost:5175/src/features/exam/petRw/ReadingPetRwTest.tsx?t=1785416085769:288
[ 2416167ms] [TABLE] [Object, Object, Object, Object, Object] @ http://localhost:5175/src/features/exam/petRw/ReadingPetRwTest.tsx?t=1785416085769:288
[ 2416168ms] [TABLE] [Object, Object, Object, Object, Object] @ http://localhost:5175/src/features/exam/petRw/ReadingPetRwTest.tsx?t=1785416085769:288
[ 2418163ms] [TABLE] [Object, Object, Object, Object, Object] @ http://localhost:5175/src/features/exam/petRw/ReadingPetRwTest.tsx?t=1785416085769:288
[ 2418163ms] [TABLE] [Object, Object, Object, Object, Object] @ http://localhost:5175/src/features/exam/petRw/ReadingPetRwTest.tsx?t=1785416085769:288
[ 2420168ms] [TABLE] [Object, Object, Object, Object, Object] @ http://localhost:5175/src/features/exam/petRw/ReadingPetRwTest.tsx?t=1785416085769:288
[ 2420168ms] [TABLE] [Object, Object, Object, Object, Object] @ http://localhost:5175/src/features/exam/petRw/ReadingPetRwTest.tsx?t=1785416085769:288
[ 2422156ms] [TABLE] [Object, Object, Object, Object, Object] @ http://localhost:5175/src/features/exam/petRw/ReadingPetRwTest.tsx?t=1785416085769:288
[ 2422157ms] [TABLE] [Object, Object, Object, Object, Object] @ http://localhost:5175/src/features/exam/petRw/ReadingPetRwTest.tsx?t=1785416085769:288
[ 2424164ms] [TABLE] [Object, Object, Object, Object, Object] @ http://localhost:5175/src/features/exam/petRw/ReadingPetRwTest.tsx?t=1785416085769:288
[ 2424164ms] [TABLE] [Object, Object, Object, Object, Object] @ http://localhost:5175/src/features/exam/petRw/ReadingPetRwTest.tsx?t=1785416085769:288
[ 2426162ms] [TABLE] [Object, Object, Object, Object, Object] @ http://localhost:5175/src/features/exam/petRw/ReadingPetRwTest.tsx?t=1785416085769:288
[ 2426162ms] [TABLE] [Object, Object, Object, Object, Object] @ http://localhost:5175/src/features/exam/petRw/ReadingPetRwTest.tsx?t=1785416085769:288
[ 2428157ms] [TABLE] [Object, Object, Object, Object, Object] @ http://localhost:5175/src/features/exam/petRw/ReadingPetRwTest.tsx?t=1785416085769:288
[ 2428158ms] [TABLE] [Object, Object, Object, Object, Object] @ http://localhost:5175/src/features/exam/petRw/ReadingPetRwTest.tsx?t=1785416085769:288
[ 2430158ms] [TABLE] [Object, Object, Object, Object, Object] @ http://localhost:5175/src/features/exam/petRw/ReadingPetRwTest.tsx?t=1785416085769:288
[ 2430159ms] [TABLE] [Object, Object, Object, Object, Object] @ http://localhost:5175/src/features/exam/petRw/ReadingPetRwTest.tsx?t=1785416085769:288
[ 2432170ms] [TABLE] [Object, Object, Object, Object, Object] @ http://localhost:5175/src/features/exam/petRw/ReadingPetRwTest.tsx?t=1785416085769:288
[ 2432170ms] [TABLE] [Object, Object, Object, Object, Object] @ http://localhost:5175/src/features/exam/petRw/ReadingPetRwTest.tsx?t=1785416085769:288
[ 2434165ms] [TABLE] [Object, Object, Object, Object, Object] @ http://localhost:5175/src/features/exam/petRw/ReadingPetRwTest.tsx?t=1785416085769:288
[ 2434165ms] [TABLE] [Object, Object, Object, Object, Object] @ http://localhost:5175/src/features/exam/petRw/ReadingPetRwTest.tsx?t=1785416085769:288
[ 2436155ms] [TABLE] [Object, Object, Object, Object, Object] @ http://localhost:5175/src/features/exam/petRw/ReadingPetRwTest.tsx?t=1785416085769:288
[ 2436155ms] [TABLE] [Object, Object, Object, Object, Object] @ http://localhost:5175/src/features/exam/petRw/ReadingPetRwTest.tsx?t=1785416085769:288
[ 2438164ms] [TABLE] [Object, Object, Object, Object, Object] @ http://localhost:5175/src/features/exam/petRw/ReadingPetRwTest.tsx?t=1785416085769:288
[ 2438164ms] [TABLE] [Object, Object, Object, Object, Object] @ http://localhost:5175/src/features/exam/petRw/ReadingPetRwTest.tsx?t=1785416085769:288
[ 2440170ms] [TABLE] [Object, Object, Object, Object, Object] @ http://localhost:5175/src/features/exam/petRw/ReadingPetRwTest.tsx?t=1785416085769:288
[ 2440171ms] [TABLE] [Object, Object, Object, Object, Object] @ http://localhost:5175/src/features/exam/petRw/ReadingPetRwTest.tsx?t=1785416085769:288
[ 2442172ms] [TABLE] [Object, Object, Object, Object, Object] @ http://localhost:5175/src/features/exam/petRw/ReadingPetRwTest.tsx?t=1785416085769:288
[ 2442173ms] [TABLE] [Object, Object, Object, Object, Object] @ http://localhost:5175/src/features/exam/petRw/ReadingPetRwTest.tsx?t=1785416085769:288
[ 2444158ms] [TABLE] [Object, Object, Object, Object, Object] @ http://localhost:5175/src/features/exam/petRw/ReadingPetRwTest.tsx?t=1785416085769:288
[ 2444158ms] [TABLE] [Object, Object, Object, Object, Object] @ http://localhost:5175/src/features/exam/petRw/ReadingPetRwTest.tsx?t=1785416085769:288
[ 2446164ms] [TABLE] [Object, Object, Object, Object, Object] @ http://localhost:5175/src/features/exam/petRw/ReadingPetRwTest.tsx?t=1785416085769:288
[ 2446164ms] [TABLE] [Object, Object, Object, Object, Object] @ http://localhost:5175/src/features/exam/petRw/ReadingPetRwTest.tsx?t=1785416085769:288
[ 2448157ms] [TABLE] [Object, Object, Object, Object, Object] @ http://localhost:5175/src/features/exam/petRw/ReadingPetRwTest.tsx?t=1785416085769:288
[ 2448157ms] [TABLE] [Object, Object, Object, Object, Object] @ http://localhost:5175/src/features/exam/petRw/ReadingPetRwTest.tsx?t=1785416085769:288
[ 2450163ms] [TABLE] [Object, Object, Object, Object, Object] @ http://localhost:5175/src/features/exam/petRw/ReadingPetRwTest.tsx?t=1785416085769:288
[ 2450163ms] [TABLE] [Object, Object, Object, Object, Object] @ http://localhost:5175/src/features/exam/petRw/ReadingPetRwTest.tsx?t=1785416085769:288
[ 2452166ms] [TABLE] [Object, Object, Object, Object, Object] @ http://localhost:5175/src/features/exam/petRw/ReadingPetRwTest.tsx?t=1785416085769:288
[ 2452166ms] [TABLE] [Object, Object, Object, Object, Object] @ http://localhost:5175/src/features/exam/petRw/ReadingPetRwTest.tsx?t=1785416085769:288
[ 2454159ms] [TABLE] [Object, Object, Object, Object, Object] @ http://localhost:5175/src/features/exam/petRw/ReadingPetRwTest.tsx?t=1785416085769:288
[ 2454160ms] [TABLE] [Object, Object, Object, Object, Object] @ http://localhost:5175/src/features/exam/petRw/ReadingPetRwTest.tsx?t=1785416085769:288
[ 2456166ms] [TABLE] [Object, Object, Object, Object, Object] @ http://localhost:5175/src/features/exam/petRw/ReadingPetRwTest.tsx?t=1785416085769:288
[ 2456166ms] [TABLE] [Object, Object, Object, Object, Object] @ http://localhost:5175/src/features/exam/petRw/ReadingPetRwTest.tsx?t=1785416085769:288
[ 2458168ms] [TABLE] [Object, Object, Object, Object, Object] @ http://localhost:5175/src/features/exam/petRw/ReadingPetRwTest.tsx?t=1785416085769:288
[ 2458168ms] [TABLE] [Object, Object, Object, Object, Object] @ http://localhost:5175/src/features/exam/petRw/ReadingPetRwTest.tsx?t=1785416085769:288
[ 2460165ms] [TABLE] [Object, Object, Object, Object, Object] @ http://localhost:5175/src/features/exam/petRw/ReadingPetRwTest.tsx?t=1785416085769:288
[ 2460165ms] [TABLE] [Object, Object, Object, Object, Object] @ http://localhost:5175/src/features/exam/petRw/ReadingPetRwTest.tsx?t=1785416085769:288
[ 2462164ms] [TABLE] [Object, Object, Object, Object, Object] @ http://localhost:5175/src/features/exam/petRw/ReadingPetRwTest.tsx?t=1785416085769:288
[ 2462165ms] [TABLE] [Object, Object, Object, Object, Object] @ http://localhost:5175/src/features/exam/petRw/ReadingPetRwTest.tsx?t=1785416085769:288
[ 2464160ms] [TABLE] [Object, Object, Object, Object, Object] @ http://localhost:5175/src/features/exam/petRw/ReadingPetRwTest.tsx?t=1785416085769:288
[ 2464160ms] [TABLE] [Object, Object, Object, Object, Object] @ http://localhost:5175/src/features/exam/petRw/ReadingPetRwTest.tsx?t=1785416085769:288
[ 2466164ms] [TABLE] [Object, Object, Object, Object, Object] @ http://localhost:5175/src/features/exam/petRw/ReadingPetRwTest.tsx?t=1785416085769:288
[ 2466165ms] [TABLE] [Object, Object, Object, Object, Object] @ http://localhost:5175/src/features/exam/petRw/ReadingPetRwTest.tsx?t=1785416085769:288
[ 2468161ms] [TABLE] [Object, Object, Object, Object, Object] @ http://localhost:5175/src/features/exam/petRw/ReadingPetRwTest.tsx?t=1785416085769:288
[ 2468162ms] [TABLE] [Object, Object, Object, Object, Object] @ http://localhost:5175/src/features/exam/petRw/ReadingPetRwTest.tsx?t=1785416085769:288
[ 2470157ms] [TABLE] [Object, Object, Object, Object, Object] @ http://localhost:5175/src/features/exam/petRw/ReadingPetRwTest.tsx?t=1785416085769:288
[ 2470157ms] [TABLE] [Object, Object, Object, Object, Object] @ http://localhost:5175/src/features/exam/petRw/ReadingPetRwTest.tsx?t=1785416085769:288
[ 2472165ms] [TABLE] [Object, Object, Object, Object, Object] @ http://localhost:5175/src/features/exam/petRw/ReadingPetRwTest.tsx?t=1785416085769:288
[ 2472165ms] [TABLE] [Object, Object, Object, Object, Object] @ http://localhost:5175/src/features/exam/petRw/ReadingPetRwTest.tsx?t=1785416085769:288
[ 2474167ms] [TABLE] [Object, Object, Object, Object, Object] @ http://localhost:5175/src/features/exam/petRw/ReadingPetRwTest.tsx?t=1785416085769:288
[ 2474167ms] [TABLE] [Object, Object, Object, Object, Object] @ http://localhost:5175/src/features/exam/petRw/ReadingPetRwTest.tsx?t=1785416085769:288
[ 2476167ms] [TABLE] [Object, Object, Object, Object, Object] @ http://localhost:5175/src/features/exam/petRw/ReadingPetRwTest.tsx?t=1785416085769:288
[ 2476168ms] [TABLE] [Object, Object, Object, Object, Object] @ http://localhost:5175/src/features/exam/petRw/ReadingPetRwTest.tsx?t=1785416085769:288
[ 2478166ms] [TABLE] [Object, Object, Object, Object, Object] @ http://localhost:5175/src/features/exam/petRw/ReadingPetRwTest.tsx?t=1785416085769:288
[ 2478166ms] [TABLE] [Object, Object, Object, Object, Object] @ http://localhost:5175/src/features/exam/petRw/ReadingPetRwTest.tsx?t=1785416085769:288
[ 2480164ms] [TABLE] [Object, Object, Object, Object, Object] @ http://localhost:5175/src/features/exam/petRw/ReadingPetRwTest.tsx?t=1785416085769:288
[ 2480164ms] [TABLE] [Object, Object, Object, Object, Object] @ http://localhost:5175/src/features/exam/petRw/ReadingPetRwTest.tsx?t=1785416085769:288
[ 2482166ms] [TABLE] [Object, Object, Object, Object, Object] @ http://localhost:5175/src/features/exam/petRw/ReadingPetRwTest.tsx?t=1785416085769:288
[ 2482166ms] [TABLE] [Object, Object, Object, Object, Object] @ http://localhost:5175/src/features/exam/petRw/ReadingPetRwTest.tsx?t=1785416085769:288
[ 2484165ms] [TABLE] [Object, Object, Object, Object, Object] @ http://localhost:5175/src/features/exam/petRw/ReadingPetRwTest.tsx?t=1785416085769:288
[ 2484165ms] [TABLE] [Object, Object, Object, Object, Object] @ http://localhost:5175/src/features/exam/petRw/ReadingPetRwTest.tsx?t=1785416085769:288
[ 2486160ms] [TABLE] [Object, Object, Object, Object, Object] @ http://localhost:5175/src/features/exam/petRw/ReadingPetRwTest.tsx?t=1785416085769:288
[ 2486160ms] [TABLE] [Object, Object, Object, Object, Object] @ http://localhost:5175/src/features/exam/petRw/ReadingPetRwTest.tsx?t=1785416085769:288
[ 2488164ms] [TABLE] [Object, Object, Object, Object, Object] @ http://localhost:5175/src/features/exam/petRw/ReadingPetRwTest.tsx?t=1785416085769:288
[ 2488165ms] [TABLE] [Object, Object, Object, Object, Object] @ http://localhost:5175/src/features/exam/petRw/ReadingPetRwTest.tsx?t=1785416085769:288
[ 2490161ms] [TABLE] [Object, Object, Object, Object, Object] @ http://localhost:5175/src/features/exam/petRw/ReadingPetRwTest.tsx?t=1785416085769:288
[ 2490161ms] [TABLE] [Object, Object, Object, Object, Object] @ http://localhost:5175/src/features/exam/petRw/ReadingPetRwTest.tsx?t=1785416085769:288
[ 2492166ms] [TABLE] [Object, Object, Object, Object, Object] @ http://localhost:5175/src/features/exam/petRw/ReadingPetRwTest.tsx?t=1785416085769:288
[ 2492167ms] [TABLE] [Object, Object, Object, Object, Object] @ http://localhost:5175/src/features/exam/petRw/ReadingPetRwTest.tsx?t=1785416085769:288
[ 2494159ms] [TABLE] [Object, Object, Object, Object, Object] @ http://localhost:5175/src/features/exam/petRw/ReadingPetRwTest.tsx?t=1785416085769:288
[ 2494159ms] [TABLE] [Object, Object, Object, Object, Object] @ http://localhost:5175/src/features/exam/petRw/ReadingPetRwTest.tsx?t=1785416085769:288
[ 2496166ms] [TABLE] [Object, Object, Object, Object, Object] @ http://localhost:5175/src/features/exam/petRw/ReadingPetRwTest.tsx?t=1785416085769:288
[ 2496166ms] [TABLE] [Object, Object, Object, Object, Object] @ http://localhost:5175/src/features/exam/petRw/ReadingPetRwTest.tsx?t=1785416085769:288
[ 2498168ms] [TABLE] [Object, Object, Object, Object, Object] @ http://localhost:5175/src/features/exam/petRw/ReadingPetRwTest.tsx?t=1785416085769:288
[ 2498169ms] [TABLE] [Object, Object, Object, Object, Object] @ http://localhost:5175/src/features/exam/petRw/ReadingPetRwTest.tsx?t=1785416085769:288
[ 2500166ms] [TABLE] [Object, Object, Object, Object, Object] @ http://localhost:5175/src/features/exam/petRw/ReadingPetRwTest.tsx?t=1785416085769:288
[ 2500167ms] [TABLE] [Object, Object, Object, Object, Object] @ http://localhost:5175/src/features/exam/petRw/ReadingPetRwTest.tsx?t=1785416085769:288
[ 2502161ms] [TABLE] [Object, Object, Object, Object, Object] @ http://localhost:5175/src/features/exam/petRw/ReadingPetRwTest.tsx?t=1785416085769:288
[ 2502162ms] [TABLE] [Object, Object, Object, Object, Object] @ http://localhost:5175/src/features/exam/petRw/ReadingPetRwTest.tsx?t=1785416085769:288
[ 2504170ms] [TABLE] [Object, Object, Object, Object, Object] @ http://localhost:5175/src/features/exam/petRw/ReadingPetRwTest.tsx?t=1785416085769:288
[ 2504170ms] [TABLE] [Object, Object, Object, Object, Object] @ http://localhost:5175/src/features/exam/petRw/ReadingPetRwTest.tsx?t=1785416085769:288
[ 2506155ms] [TABLE] [Object, Object, Object, Object, Object] @ http://localhost:5175/src/features/exam/petRw/ReadingPetRwTest.tsx?t=1785416085769:288
[ 2506156ms] [TABLE] [Object, Object, Object, Object, Object] @ http://localhost:5175/src/features/exam/petRw/ReadingPetRwTest.tsx?t=1785416085769:288
[ 2508162ms] [TABLE] [Object, Object, Object, Object, Object] @ http://localhost:5175/src/features/exam/petRw/ReadingPetRwTest.tsx?t=1785416085769:288
[ 2508162ms] [TABLE] [Object, Object, Object, Object, Object] @ http://localhost:5175/src/features/exam/petRw/ReadingPetRwTest.tsx?t=1785416085769:288
[ 2510167ms] [TABLE] [Object, Object, Object, Object, Object] @ http://localhost:5175/src/features/exam/petRw/ReadingPetRwTest.tsx?t=1785416085769:288
[ 2510168ms] [TABLE] [Object, Object, Object, Object, Object] @ http://localhost:5175/src/features/exam/petRw/ReadingPetRwTest.tsx?t=1785416085769:288
[ 2512163ms] [TABLE] [Object, Object, Object, Object, Object] @ http://localhost:5175/src/features/exam/petRw/ReadingPetRwTest.tsx?t=1785416085769:288
[ 2512163ms] [TABLE] [Object, Object, Object, Object, Object] @ http://localhost:5175/src/features/exam/petRw/ReadingPetRwTest.tsx?t=1785416085769:288
[ 2514165ms] [TABLE] [Object, Object, Object, Object, Object] @ http://localhost:5175/src/features/exam/petRw/ReadingPetRwTest.tsx?t=1785416085769:288
[ 2514165ms] [TABLE] [Object, Object, Object, Object, Object] @ http://localhost:5175/src/features/exam/petRw/ReadingPetRwTest.tsx?t=1785416085769:288
[ 2516158ms] [TABLE] [Object, Object, Object, Object, Object] @ http://localhost:5175/src/features/exam/petRw/ReadingPetRwTest.tsx?t=1785416085769:288
[ 2516158ms] [TABLE] [Object, Object, Object, Object, Object] @ http://localhost:5175/src/features/exam/petRw/ReadingPetRwTest.tsx?t=1785416085769:288
[ 2518164ms] [TABLE] [Object, Object, Object, Object, Object] @ http://localhost:5175/src/features/exam/petRw/ReadingPetRwTest.tsx?t=1785416085769:288
[ 2518165ms] [TABLE] [Object, Object, Object, Object, Object] @ http://localhost:5175/src/features/exam/petRw/ReadingPetRwTest.tsx?t=1785416085769:288
[ 2520167ms] [TABLE] [Object, Object, Object, Object, Object] @ http://localhost:5175/src/features/exam/petRw/ReadingPetRwTest.tsx?t=1785416085769:288
[ 2520168ms] [TABLE] [Object, Object, Object, Object, Object] @ http://localhost:5175/src/features/exam/petRw/ReadingPetRwTest.tsx?t=1785416085769:288
[ 2522161ms] [TABLE] [Object, Object, Object, Object, Object] @ http://localhost:5175/src/features/exam/petRw/ReadingPetRwTest.tsx?t=1785416085769:288
[ 2522161ms] [TABLE] [Object, Object, Object, Object, Object] @ http://localhost:5175/src/features/exam/petRw/ReadingPetRwTest.tsx?t=1785416085769:288
[ 2524163ms] [TABLE] [Object, Object, Object, Object, Object] @ http://localhost:5175/src/features/exam/petRw/ReadingPetRwTest.tsx?t=1785416085769:288
[ 2524163ms] [TABLE] [Object, Object, Object, Object, Object] @ http://localhost:5175/src/features/exam/petRw/ReadingPetRwTest.tsx?t=1785416085769:288
[ 2526156ms] [TABLE] [Object, Object, Object, Object, Object] @ http://localhost:5175/src/features/exam/petRw/ReadingPetRwTest.tsx?t=1785416085769:288
[ 2526156ms] [TABLE] [Object, Object, Object, Object, Object] @ http://localhost:5175/src/features/exam/petRw/ReadingPetRwTest.tsx?t=1785416085769:288
[ 2528164ms] [TABLE] [Object, Object, Object, Object, Object] @ http://localhost:5175/src/features/exam/petRw/ReadingPetRwTest.tsx?t=1785416085769:288
[ 2528164ms] [TABLE] [Object, Object, Object, Object, Object] @ http://localhost:5175/src/features/exam/petRw/ReadingPetRwTest.tsx?t=1785416085769:288
[ 2530169ms] [TABLE] [Object, Object, Object, Object, Object] @ http://localhost:5175/src/features/exam/petRw/ReadingPetRwTest.tsx?t=1785416085769:288
[ 2530170ms] [TABLE] [Object, Object, Object, Object, Object] @ http://localhost:5175/src/features/exam/petRw/ReadingPetRwTest.tsx?t=1785416085769:288
[ 2532163ms] [TABLE] [Object, Object, Object, Object, Object] @ http://localhost:5175/src/features/exam/petRw/ReadingPetRwTest.tsx?t=1785416085769:288
[ 2532164ms] [TABLE] [Object, Object, Object, Object, Object] @ http://localhost:5175/src/features/exam/petRw/ReadingPetRwTest.tsx?t=1785416085769:288
[ 2534168ms] [TABLE] [Object, Object, Object, Object, Object] @ http://localhost:5175/src/features/exam/petRw/ReadingPetRwTest.tsx?t=1785416085769:288
[ 2534169ms] [TABLE] [Object, Object, Object, Object, Object] @ http://localhost:5175/src/features/exam/petRw/ReadingPetRwTest.tsx?t=1785416085769:288
[ 2536158ms] [TABLE] [Object, Object, Object, Object, Object] @ http://localhost:5175/src/features/exam/petRw/ReadingPetRwTest.tsx?t=1785416085769:288
[ 2536159ms] [TABLE] [Object, Object, Object, Object, Object] @ http://localhost:5175/src/features/exam/petRw/ReadingPetRwTest.tsx?t=1785416085769:288
[ 2538162ms] [TABLE] [Object, Object, Object, Object, Object] @ http://localhost:5175/src/features/exam/petRw/ReadingPetRwTest.tsx?t=1785416085769:288
[ 2538163ms] [TABLE] [Object, Object, Object, Object, Object] @ http://localhost:5175/src/features/exam/petRw/ReadingPetRwTest.tsx?t=1785416085769:288
[ 2540155ms] [TABLE] [Object, Object, Object, Object, Object] @ http://localhost:5175/src/features/exam/petRw/ReadingPetRwTest.tsx?t=1785416085769:288
[ 2540156ms] [TABLE] [Object, Object, Object, Object, Object] @ http://localhost:5175/src/features/exam/petRw/ReadingPetRwTest.tsx?t=1785416085769:288
[ 2542161ms] [TABLE] [Object, Object, Object, Object, Object] @ http://localhost:5175/src/features/exam/petRw/ReadingPetRwTest.tsx?t=1785416085769:288
[ 2542162ms] [TABLE] [Object, Object, Object, Object, Object] @ http://localhost:5175/src/features/exam/petRw/ReadingPetRwTest.tsx?t=1785416085769:288
[ 2544157ms] [TABLE] [Object, Object, Object, Object, Object] @ http://localhost:5175/src/features/exam/petRw/ReadingPetRwTest.tsx?t=1785416085769:288
[ 2544157ms] [TABLE] [Object, Object, Object, Object, Object] @ http://localhost:5175/src/features/exam/petRw/ReadingPetRwTest.tsx?t=1785416085769:288
[ 2546160ms] [TABLE] [Object, Object, Object, Object, Object] @ http://localhost:5175/src/features/exam/petRw/ReadingPetRwTest.tsx?t=1785416085769:288
[ 2546160ms] [TABLE] [Object, Object, Object, Object, Object] @ http://localhost:5175/src/features/exam/petRw/ReadingPetRwTest.tsx?t=1785416085769:288
[ 2548163ms] [TABLE] [Object, Object, Object, Object, Object] @ http://localhost:5175/src/features/exam/petRw/ReadingPetRwTest.tsx?t=1785416085769:288
[ 2548164ms] [TABLE] [Object, Object, Object, Object, Object] @ http://localhost:5175/src/features/exam/petRw/ReadingPetRwTest.tsx?t=1785416085769:288
[ 2550170ms] [TABLE] [Object, Object, Object, Object, Object] @ http://localhost:5175/src/features/exam/petRw/ReadingPetRwTest.tsx?t=1785416085769:288
[ 2550171ms] [TABLE] [Object, Object, Object, Object, Object] @ http://localhost:5175/src/features/exam/petRw/ReadingPetRwTest.tsx?t=1785416085769:288
[ 2552160ms] [TABLE] [Object, Object, Object, Object, Object] @ http://localhost:5175/src/features/exam/petRw/ReadingPetRwTest.tsx?t=1785416085769:288
[ 2552160ms] [TABLE] [Object, Object, Object, Object, Object] @ http://localhost:5175/src/features/exam/petRw/ReadingPetRwTest.tsx?t=1785416085769:288
[ 2554168ms] [TABLE] [Object, Object, Object, Object, Object] @ http://localhost:5175/src/features/exam/petRw/ReadingPetRwTest.tsx?t=1785416085769:288
[ 2554169ms] [TABLE] [Object, Object, Object, Object, Object] @ http://localhost:5175/src/features/exam/petRw/ReadingPetRwTest.tsx?t=1785416085769:288
[ 2556164ms] [TABLE] [Object, Object, Object, Object, Object] @ http://localhost:5175/src/features/exam/petRw/ReadingPetRwTest.tsx?t=1785416085769:288
[ 2556164ms] [TABLE] [Object, Object, Object, Object, Object] @ http://localhost:5175/src/features/exam/petRw/ReadingPetRwTest.tsx?t=1785416085769:288
[ 2558158ms] [TABLE] [Object, Object, Object, Object, Object] @ http://localhost:5175/src/features/exam/petRw/ReadingPetRwTest.tsx?t=1785416085769:288
[ 2558159ms] [TABLE] [Object, Object, Object, Object, Object] @ http://localhost:5175/src/features/exam/petRw/ReadingPetRwTest.tsx?t=1785416085769:288
[ 2560164ms] [TABLE] [Object, Object, Object, Object, Object] @ http://localhost:5175/src/features/exam/petRw/ReadingPetRwTest.tsx?t=1785416085769:288
[ 2560164ms] [TABLE] [Object, Object, Object, Object, Object] @ http://localhost:5175/src/features/exam/petRw/ReadingPetRwTest.tsx?t=1785416085769:288
[ 2562165ms] [TABLE] [Object, Object, Object, Object, Object] @ http://localhost:5175/src/features/exam/petRw/ReadingPetRwTest.tsx?t=1785416085769:288
[ 2562166ms] [TABLE] [Object, Object, Object, Object, Object] @ http://localhost:5175/src/features/exam/petRw/ReadingPetRwTest.tsx?t=1785416085769:288
[ 2564167ms] [TABLE] [Object, Object, Object, Object, Object] @ http://localhost:5175/src/features/exam/petRw/ReadingPetRwTest.tsx?t=1785416085769:288
[ 2564168ms] [TABLE] [Object, Object, Object, Object, Object] @ http://localhost:5175/src/features/exam/petRw/ReadingPetRwTest.tsx?t=1785416085769:288
[ 2566164ms] [TABLE] [Object, Object, Object, Object, Object] @ http://localhost:5175/src/features/exam/petRw/ReadingPetRwTest.tsx?t=1785416085769:288
[ 2566165ms] [TABLE] [Object, Object, Object, Object, Object] @ http://localhost:5175/src/features/exam/petRw/ReadingPetRwTest.tsx?t=1785416085769:288
[ 2568162ms] [TABLE] [Object, Object, Object, Object, Object] @ http://localhost:5175/src/features/exam/petRw/ReadingPetRwTest.tsx?t=1785416085769:288
[ 2568163ms] [TABLE] [Object, Object, Object, Object, Object] @ http://localhost:5175/src/features/exam/petRw/ReadingPetRwTest.tsx?t=1785416085769:288
[ 2570170ms] [TABLE] [Object, Object, Object, Object, Object] @ http://localhost:5175/src/features/exam/petRw/ReadingPetRwTest.tsx?t=1785416085769:288
[ 2570170ms] [TABLE] [Object, Object, Object, Object, Object] @ http://localhost:5175/src/features/exam/petRw/ReadingPetRwTest.tsx?t=1785416085769:288
[ 2572165ms] [TABLE] [Object, Object, Object, Object, Object] @ http://localhost:5175/src/features/exam/petRw/ReadingPetRwTest.tsx?t=1785416085769:288
[ 2572166ms] [TABLE] [Object, Object, Object, Object, Object] @ http://localhost:5175/src/features/exam/petRw/ReadingPetRwTest.tsx?t=1785416085769:288
[ 2574160ms] [TABLE] [Object, Object, Object, Object, Object] @ http://localhost:5175/src/features/exam/petRw/ReadingPetRwTest.tsx?t=1785416085769:288
[ 2574161ms] [TABLE] [Object, Object, Object, Object, Object] @ http://localhost:5175/src/features/exam/petRw/ReadingPetRwTest.tsx?t=1785416085769:288
[ 2576169ms] [TABLE] [Object, Object, Object, Object, Object] @ http://localhost:5175/src/features/exam/petRw/ReadingPetRwTest.tsx?t=1785416085769:288
[ 2576169ms] [TABLE] [Object, Object, Object, Object, Object] @ http://localhost:5175/src/features/exam/petRw/ReadingPetRwTest.tsx?t=1785416085769:288
[ 2578163ms] [TABLE] [Object, Object, Object, Object, Object] @ http://localhost:5175/src/features/exam/petRw/ReadingPetRwTest.tsx?t=1785416085769:288
[ 2578163ms] [TABLE] [Object, Object, Object, Object, Object] @ http://localhost:5175/src/features/exam/petRw/ReadingPetRwTest.tsx?t=1785416085769:288
[ 2580155ms] [TABLE] [Object, Object, Object, Object, Object] @ http://localhost:5175/src/features/exam/petRw/ReadingPetRwTest.tsx?t=1785416085769:288
[ 2580156ms] [TABLE] [Object, Object, Object, Object, Object] @ http://localhost:5175/src/features/exam/petRw/ReadingPetRwTest.tsx?t=1785416085769:288
[ 2582165ms] [TABLE] [Object, Object, Object, Object, Object] @ http://localhost:5175/src/features/exam/petRw/ReadingPetRwTest.tsx?t=1785416085769:288
[ 2582165ms] [TABLE] [Object, Object, Object, Object, Object] @ http://localhost:5175/src/features/exam/petRw/ReadingPetRwTest.tsx?t=1785416085769:288
[ 2584155ms] [TABLE] [Object, Object, Object, Object, Object] @ http://localhost:5175/src/features/exam/petRw/ReadingPetRwTest.tsx?t=1785416085769:288
[ 2584155ms] [TABLE] [Object, Object, Object, Object, Object] @ http://localhost:5175/src/features/exam/petRw/ReadingPetRwTest.tsx?t=1785416085769:288
[ 2586157ms] [TABLE] [Object, Object, Object, Object, Object] @ http://localhost:5175/src/features/exam/petRw/ReadingPetRwTest.tsx?t=1785416085769:288
[ 2586158ms] [TABLE] [Object, Object, Object, Object, Object] @ http://localhost:5175/src/features/exam/petRw/ReadingPetRwTest.tsx?t=1785416085769:288
[ 2588165ms] [TABLE] [Object, Object, Object, Object, Object] @ http://localhost:5175/src/features/exam/petRw/ReadingPetRwTest.tsx?t=1785416085769:288
[ 2588166ms] [TABLE] [Object, Object, Object, Object, Object] @ http://localhost:5175/src/features/exam/petRw/ReadingPetRwTest.tsx?t=1785416085769:288
[ 2590158ms] [TABLE] [Object, Object, Object, Object, Object] @ http://localhost:5175/src/features/exam/petRw/ReadingPetRwTest.tsx?t=1785416085769:288
[ 2590158ms] [TABLE] [Object, Object, Object, Object, Object] @ http://localhost:5175/src/features/exam/petRw/ReadingPetRwTest.tsx?t=1785416085769:288
[ 2592163ms] [TABLE] [Object, Object, Object, Object, Object] @ http://localhost:5175/src/features/exam/petRw/ReadingPetRwTest.tsx?t=1785416085769:288
[ 2592164ms] [TABLE] [Object, Object, Object, Object, Object] @ http://localhost:5175/src/features/exam/petRw/ReadingPetRwTest.tsx?t=1785416085769:288
[ 2594155ms] [TABLE] [Object, Object, Object, Object, Object] @ http://localhost:5175/src/features/exam/petRw/ReadingPetRwTest.tsx?t=1785416085769:288
[ 2594156ms] [TABLE] [Object, Object, Object, Object, Object] @ http://localhost:5175/src/features/exam/petRw/ReadingPetRwTest.tsx?t=1785416085769:288
[ 2596163ms] [TABLE] [Object, Object, Object, Object, Object] @ http://localhost:5175/src/features/exam/petRw/ReadingPetRwTest.tsx?t=1785416085769:288
[ 2596163ms] [TABLE] [Object, Object, Object, Object, Object] @ http://localhost:5175/src/features/exam/petRw/ReadingPetRwTest.tsx?t=1785416085769:288
[ 2598158ms] [TABLE] [Object, Object, Object, Object, Object] @ http://localhost:5175/src/features/exam/petRw/ReadingPetRwTest.tsx?t=1785416085769:288
[ 2598158ms] [TABLE] [Object, Object, Object, Object, Object] @ http://localhost:5175/src/features/exam/petRw/ReadingPetRwTest.tsx?t=1785416085769:288
[ 2600166ms] [TABLE] [Object, Object, Object, Object, Object] @ http://localhost:5175/src/features/exam/petRw/ReadingPetRwTest.tsx?t=1785416085769:288
[ 2600167ms] [TABLE] [Object, Object, Object, Object, Object] @ http://localhost:5175/src/features/exam/petRw/ReadingPetRwTest.tsx?t=1785416085769:288
[ 2602159ms] [TABLE] [Object, Object, Object, Object, Object] @ http://localhost:5175/src/features/exam/petRw/ReadingPetRwTest.tsx?t=1785416085769:288
[ 2602159ms] [TABLE] [Object, Object, Object, Object, Object] @ http://localhost:5175/src/features/exam/petRw/ReadingPetRwTest.tsx?t=1785416085769:288
[ 2604165ms] [TABLE] [Object, Object, Object, Object, Object] @ http://localhost:5175/src/features/exam/petRw/ReadingPetRwTest.tsx?t=1785416085769:288
[ 2604165ms] [TABLE] [Object, Object, Object, Object, Object] @ http://localhost:5175/src/features/exam/petRw/ReadingPetRwTest.tsx?t=1785416085769:288
[ 2606156ms] [TABLE] [Object, Object, Object, Object, Object] @ http://localhost:5175/src/features/exam/petRw/ReadingPetRwTest.tsx?t=1785416085769:288
[ 2606157ms] [TABLE] [Object, Object, Object, Object, Object] @ http://localhost:5175/src/features/exam/petRw/ReadingPetRwTest.tsx?t=1785416085769:288
[ 2608157ms] [TABLE] [Object, Object, Object, Object, Object] @ http://localhost:5175/src/features/exam/petRw/ReadingPetRwTest.tsx?t=1785416085769:288
[ 2608158ms] [TABLE] [Object, Object, Object, Object, Object] @ http://localhost:5175/src/features/exam/petRw/ReadingPetRwTest.tsx?t=1785416085769:288
[ 2610168ms] [TABLE] [Object, Object, Object, Object, Object] @ http://localhost:5175/src/features/exam/petRw/ReadingPetRwTest.tsx?t=1785416085769:288
[ 2610168ms] [TABLE] [Object, Object, Object, Object, Object] @ http://localhost:5175/src/features/exam/petRw/ReadingPetRwTest.tsx?t=1785416085769:288
[ 2612167ms] [TABLE] [Object, Object, Object, Object, Object] @ http://localhost:5175/src/features/exam/petRw/ReadingPetRwTest.tsx?t=1785416085769:288
[ 2612167ms] [TABLE] [Object, Object, Object, Object, Object] @ http://localhost:5175/src/features/exam/petRw/ReadingPetRwTest.tsx?t=1785416085769:288
[ 2614160ms] [TABLE] [Object, Object, Object, Object, Object] @ http://localhost:5175/src/features/exam/petRw/ReadingPetRwTest.tsx?t=1785416085769:288
[ 2614161ms] [TABLE] [Object, Object, Object, Object, Object] @ http://localhost:5175/src/features/exam/petRw/ReadingPetRwTest.tsx?t=1785416085769:288
[ 2616162ms] [TABLE] [Object, Object, Object, Object, Object] @ http://localhost:5175/src/features/exam/petRw/ReadingPetRwTest.tsx?t=1785416085769:288
[ 2616162ms] [TABLE] [Object, Object, Object, Object, Object] @ http://localhost:5175/src/features/exam/petRw/ReadingPetRwTest.tsx?t=1785416085769:288
[ 2618158ms] [TABLE] [Object, Object, Object, Object, Object] @ http://localhost:5175/src/features/exam/petRw/ReadingPetRwTest.tsx?t=1785416085769:288
[ 2618159ms] [TABLE] [Object, Object, Object, Object, Object] @ http://localhost:5175/src/features/exam/petRw/ReadingPetRwTest.tsx?t=1785416085769:288
[ 2620167ms] [TABLE] [Object, Object, Object, Object, Object] @ http://localhost:5175/src/features/exam/petRw/ReadingPetRwTest.tsx?t=1785416085769:288
[ 2620168ms] [TABLE] [Object, Object, Object, Object, Object] @ http://localhost:5175/src/features/exam/petRw/ReadingPetRwTest.tsx?t=1785416085769:288
[ 2622166ms] [TABLE] [Object, Object, Object, Object, Object] @ http://localhost:5175/src/features/exam/petRw/ReadingPetRwTest.tsx?t=1785416085769:288
[ 2622167ms] [TABLE] [Object, Object, Object, Object, Object] @ http://localhost:5175/src/features/exam/petRw/ReadingPetRwTest.tsx?t=1785416085769:288
[ 2624168ms] [TABLE] [Object, Object, Object, Object, Object] @ http://localhost:5175/src/features/exam/petRw/ReadingPetRwTest.tsx?t=1785416085769:288
[ 2624168ms] [TABLE] [Object, Object, Object, Object, Object] @ http://localhost:5175/src/features/exam/petRw/ReadingPetRwTest.tsx?t=1785416085769:288
[ 2626161ms] [TABLE] [Object, Object, Object, Object, Object] @ http://localhost:5175/src/features/exam/petRw/ReadingPetRwTest.tsx?t=1785416085769:288
[ 2626161ms] [TABLE] [Object, Object, Object, Object, Object] @ http://localhost:5175/src/features/exam/petRw/ReadingPetRwTest.tsx?t=1785416085769:288
[ 2628161ms] [TABLE] [Object, Object, Object, Object, Object] @ http://localhost:5175/src/features/exam/petRw/ReadingPetRwTest.tsx?t=1785416085769:288
[ 2628161ms] [TABLE] [Object, Object, Object, Object, Object] @ http://localhost:5175/src/features/exam/petRw/ReadingPetRwTest.tsx?t=1785416085769:288
[ 2630170ms] [TABLE] [Object, Object, Object, Object, Object] @ http://localhost:5175/src/features/exam/petRw/ReadingPetRwTest.tsx?t=1785416085769:288
[ 2630170ms] [TABLE] [Object, Object, Object, Object, Object] @ http://localhost:5175/src/features/exam/petRw/ReadingPetRwTest.tsx?t=1785416085769:288
[ 2632163ms] [TABLE] [Object, Object, Object, Object, Object] @ http://localhost:5175/src/features/exam/petRw/ReadingPetRwTest.tsx?t=1785416085769:288
[ 2632163ms] [TABLE] [Object, Object, Object, Object, Object] @ http://localhost:5175/src/features/exam/petRw/ReadingPetRwTest.tsx?t=1785416085769:288
[ 2634169ms] [TABLE] [Object, Object, Object, Object, Object] @ http://localhost:5175/src/features/exam/petRw/ReadingPetRwTest.tsx?t=1785416085769:288
[ 2634169ms] [TABLE] [Object, Object, Object, Object, Object] @ http://localhost:5175/src/features/exam/petRw/ReadingPetRwTest.tsx?t=1785416085769:288
[ 2636167ms] [TABLE] [Object, Object, Object, Object, Object] @ http://localhost:5175/src/features/exam/petRw/ReadingPetRwTest.tsx?t=1785416085769:288
[ 2636167ms] [TABLE] [Object, Object, Object, Object, Object] @ http://localhost:5175/src/features/exam/petRw/ReadingPetRwTest.tsx?t=1785416085769:288
[ 2638159ms] [TABLE] [Object, Object, Object, Object, Object] @ http://localhost:5175/src/features/exam/petRw/ReadingPetRwTest.tsx?t=1785416085769:288
[ 2638159ms] [TABLE] [Object, Object, Object, Object, Object] @ http://localhost:5175/src/features/exam/petRw/ReadingPetRwTest.tsx?t=1785416085769:288
[ 2640161ms] [TABLE] [Object, Object, Object, Object, Object] @ http://localhost:5175/src/features/exam/petRw/ReadingPetRwTest.tsx?t=1785416085769:288
[ 2640162ms] [TABLE] [Object, Object, Object, Object, Object] @ http://localhost:5175/src/features/exam/petRw/ReadingPetRwTest.tsx?t=1785416085769:288
[ 2642157ms] [TABLE] [Object, Object, Object, Object, Object] @ http://localhost:5175/src/features/exam/petRw/ReadingPetRwTest.tsx?t=1785416085769:288
[ 2642157ms] [TABLE] [Object, Object, Object, Object, Object] @ http://localhost:5175/src/features/exam/petRw/ReadingPetRwTest.tsx?t=1785416085769:288
[ 2644164ms] [TABLE] [Object, Object, Object, Object, Object] @ http://localhost:5175/src/features/exam/petRw/ReadingPetRwTest.tsx?t=1785416085769:288
[ 2644164ms] [TABLE] [Object, Object, Object, Object, Object] @ http://localhost:5175/src/features/exam/petRw/ReadingPetRwTest.tsx?t=1785416085769:288
[ 2646170ms] [TABLE] [Object, Object, Object, Object, Object] @ http://localhost:5175/src/features/exam/petRw/ReadingPetRwTest.tsx?t=1785416085769:288
[ 2646171ms] [TABLE] [Object, Object, Object, Object, Object] @ http://localhost:5175/src/features/exam/petRw/ReadingPetRwTest.tsx?t=1785416085769:288
[ 2648164ms] [TABLE] [Object, Object, Object, Object, Object] @ http://localhost:5175/src/features/exam/petRw/ReadingPetRwTest.tsx?t=1785416085769:288
[ 2648164ms] [TABLE] [Object, Object, Object, Object, Object] @ http://localhost:5175/src/features/exam/petRw/ReadingPetRwTest.tsx?t=1785416085769:288
[ 2650159ms] [TABLE] [Object, Object, Object, Object, Object] @ http://localhost:5175/src/features/exam/petRw/ReadingPetRwTest.tsx?t=1785416085769:288
[ 2650159ms] [TABLE] [Object, Object, Object, Object, Object] @ http://localhost:5175/src/features/exam/petRw/ReadingPetRwTest.tsx?t=1785416085769:288
[ 2652162ms] [TABLE] [Object, Object, Object, Object, Object] @ http://localhost:5175/src/features/exam/petRw/ReadingPetRwTest.tsx?t=1785416085769:288
[ 2652163ms] [TABLE] [Object, Object, Object, Object, Object] @ http://localhost:5175/src/features/exam/petRw/ReadingPetRwTest.tsx?t=1785416085769:288
[ 2654164ms] [TABLE] [Object, Object, Object, Object, Object] @ http://localhost:5175/src/features/exam/petRw/ReadingPetRwTest.tsx?t=1785416085769:288
[ 2654165ms] [TABLE] [Object, Object, Object, Object, Object] @ http://localhost:5175/src/features/exam/petRw/ReadingPetRwTest.tsx?t=1785416085769:288
[ 2656170ms] [TABLE] [Object, Object, Object, Object, Object] @ http://localhost:5175/src/features/exam/petRw/ReadingPetRwTest.tsx?t=1785416085769:288
[ 2656170ms] [TABLE] [Object, Object, Object, Object, Object] @ http://localhost:5175/src/features/exam/petRw/ReadingPetRwTest.tsx?t=1785416085769:288
[ 2658158ms] [TABLE] [Object, Object, Object, Object, Object] @ http://localhost:5175/src/features/exam/petRw/ReadingPetRwTest.tsx?t=1785416085769:288
[ 2658159ms] [TABLE] [Object, Object, Object, Object, Object] @ http://localhost:5175/src/features/exam/petRw/ReadingPetRwTest.tsx?t=1785416085769:288
[ 2660167ms] [TABLE] [Object, Object, Object, Object, Object] @ http://localhost:5175/src/features/exam/petRw/ReadingPetRwTest.tsx?t=1785416085769:288
[ 2660168ms] [TABLE] [Object, Object, Object, Object, Object] @ http://localhost:5175/src/features/exam/petRw/ReadingPetRwTest.tsx?t=1785416085769:288
[ 2662170ms] [TABLE] [Object, Object, Object, Object, Object] @ http://localhost:5175/src/features/exam/petRw/ReadingPetRwTest.tsx?t=1785416085769:288
[ 2662170ms] [TABLE] [Object, Object, Object, Object, Object] @ http://localhost:5175/src/features/exam/petRw/ReadingPetRwTest.tsx?t=1785416085769:288
[ 2664163ms] [TABLE] [Object, Object, Object, Object, Object] @ http://localhost:5175/src/features/exam/petRw/ReadingPetRwTest.tsx?t=1785416085769:288
[ 2664163ms] [TABLE] [Object, Object, Object, Object, Object] @ http://localhost:5175/src/features/exam/petRw/ReadingPetRwTest.tsx?t=1785416085769:288
[ 2666169ms] [TABLE] [Object, Object, Object, Object, Object] @ http://localhost:5175/src/features/exam/petRw/ReadingPetRwTest.tsx?t=1785416085769:288
[ 2666170ms] [TABLE] [Object, Object, Object, Object, Object] @ http://localhost:5175/src/features/exam/petRw/ReadingPetRwTest.tsx?t=1785416085769:288
[ 2668163ms] [TABLE] [Object, Object, Object, Object, Object] @ http://localhost:5175/src/features/exam/petRw/ReadingPetRwTest.tsx?t=1785416085769:288
[ 2668163ms] [TABLE] [Object, Object, Object, Object, Object] @ http://localhost:5175/src/features/exam/petRw/ReadingPetRwTest.tsx?t=1785416085769:288
[ 2670169ms] [TABLE] [Object, Object, Object, Object, Object] @ http://localhost:5175/src/features/exam/petRw/ReadingPetRwTest.tsx?t=1785416085769:288
[ 2670170ms] [TABLE] [Object, Object, Object, Object, Object] @ http://localhost:5175/src/features/exam/petRw/ReadingPetRwTest.tsx?t=1785416085769:288
[ 2672161ms] [TABLE] [Object, Object, Object, Object, Object] @ http://localhost:5175/src/features/exam/petRw/ReadingPetRwTest.tsx?t=1785416085769:288
[ 2672162ms] [TABLE] [Object, Object, Object, Object, Object] @ http://localhost:5175/src/features/exam/petRw/ReadingPetRwTest.tsx?t=1785416085769:288
[ 2674163ms] [TABLE] [Object, Object, Object, Object, Object] @ http://localhost:5175/src/features/exam/petRw/ReadingPetRwTest.tsx?t=1785416085769:288
[ 2674164ms] [TABLE] [Object, Object, Object, Object, Object] @ http://localhost:5175/src/features/exam/petRw/ReadingPetRwTest.tsx?t=1785416085769:288
[ 2676169ms] [TABLE] [Object, Object, Object, Object, Object] @ http://localhost:5175/src/features/exam/petRw/ReadingPetRwTest.tsx?t=1785416085769:288
[ 2676170ms] [TABLE] [Object, Object, Object, Object, Object] @ http://localhost:5175/src/features/exam/petRw/ReadingPetRwTest.tsx?t=1785416085769:288
[ 2678159ms] [TABLE] [Object, Object, Object, Object, Object] @ http://localhost:5175/src/features/exam/petRw/ReadingPetRwTest.tsx?t=1785416085769:288
[ 2678160ms] [TABLE] [Object, Object, Object, Object, Object] @ http://localhost:5175/src/features/exam/petRw/ReadingPetRwTest.tsx?t=1785416085769:288
[ 2680156ms] [TABLE] [Object, Object, Object, Object, Object] @ http://localhost:5175/src/features/exam/petRw/ReadingPetRwTest.tsx?t=1785416085769:288
[ 2680156ms] [TABLE] [Object, Object, Object, Object, Object] @ http://localhost:5175/src/features/exam/petRw/ReadingPetRwTest.tsx?t=1785416085769:288
[ 2682161ms] [TABLE] [Object, Object, Object, Object, Object] @ http://localhost:5175/src/features/exam/petRw/ReadingPetRwTest.tsx?t=1785416085769:288
[ 2682161ms] [TABLE] [Object, Object, Object, Object, Object] @ http://localhost:5175/src/features/exam/petRw/ReadingPetRwTest.tsx?t=1785416085769:288
[ 2684163ms] [TABLE] [Object, Object, Object, Object, Object] @ http://localhost:5175/src/features/exam/petRw/ReadingPetRwTest.tsx?t=1785416085769:288
[ 2684163ms] [TABLE] [Object, Object, Object, Object, Object] @ http://localhost:5175/src/features/exam/petRw/ReadingPetRwTest.tsx?t=1785416085769:288
[ 2686167ms] [TABLE] [Object, Object, Object, Object, Object] @ http://localhost:5175/src/features/exam/petRw/ReadingPetRwTest.tsx?t=1785416085769:288
[ 2686168ms] [TABLE] [Object, Object, Object, Object, Object] @ http://localhost:5175/src/features/exam/petRw/ReadingPetRwTest.tsx?t=1785416085769:288
[ 2688163ms] [TABLE] [Object, Object, Object, Object, Object] @ http://localhost:5175/src/features/exam/petRw/ReadingPetRwTest.tsx?t=1785416085769:288
[ 2688164ms] [TABLE] [Object, Object, Object, Object, Object] @ http://localhost:5175/src/features/exam/petRw/ReadingPetRwTest.tsx?t=1785416085769:288
[ 2690163ms] [TABLE] [Object, Object, Object, Object, Object] @ http://localhost:5175/src/features/exam/petRw/ReadingPetRwTest.tsx?t=1785416085769:288
[ 2690163ms] [TABLE] [Object, Object, Object, Object, Object] @ http://localhost:5175/src/features/exam/petRw/ReadingPetRwTest.tsx?t=1785416085769:288
[ 2692167ms] [TABLE] [Object, Object, Object, Object, Object] @ http://localhost:5175/src/features/exam/petRw/ReadingPetRwTest.tsx?t=1785416085769:288
[ 2692168ms] [TABLE] [Object, Object, Object, Object, Object] @ http://localhost:5175/src/features/exam/petRw/ReadingPetRwTest.tsx?t=1785416085769:288
[ 2694168ms] [TABLE] [Object, Object, Object, Object, Object] @ http://localhost:5175/src/features/exam/petRw/ReadingPetRwTest.tsx?t=1785416085769:288
[ 2694168ms] [TABLE] [Object, Object, Object, Object, Object] @ http://localhost:5175/src/features/exam/petRw/ReadingPetRwTest.tsx?t=1785416085769:288
[ 2696160ms] [TABLE] [Object, Object, Object, Object, Object] @ http://localhost:5175/src/features/exam/petRw/ReadingPetRwTest.tsx?t=1785416085769:288
[ 2696161ms] [TABLE] [Object, Object, Object, Object, Object] @ http://localhost:5175/src/features/exam/petRw/ReadingPetRwTest.tsx?t=1785416085769:288
[ 2698159ms] [TABLE] [Object, Object, Object, Object, Object] @ http://localhost:5175/src/features/exam/petRw/ReadingPetRwTest.tsx?t=1785416085769:288
[ 2698159ms] [TABLE] [Object, Object, Object, Object, Object] @ http://localhost:5175/src/features/exam/petRw/ReadingPetRwTest.tsx?t=1785416085769:288
[ 2700160ms] [TABLE] [Object, Object, Object, Object, Object] @ http://localhost:5175/src/features/exam/petRw/ReadingPetRwTest.tsx?t=1785416085769:288
[ 2700160ms] [TABLE] [Object, Object, Object, Object, Object] @ http://localhost:5175/src/features/exam/petRw/ReadingPetRwTest.tsx?t=1785416085769:288
[ 2702168ms] [TABLE] [Object, Object, Object, Object, Object] @ http://localhost:5175/src/features/exam/petRw/ReadingPetRwTest.tsx?t=1785416085769:288
[ 2702168ms] [TABLE] [Object, Object, Object, Object, Object] @ http://localhost:5175/src/features/exam/petRw/ReadingPetRwTest.tsx?t=1785416085769:288
[ 2704161ms] [TABLE] [Object, Object, Object, Object, Object] @ http://localhost:5175/src/features/exam/petRw/ReadingPetRwTest.tsx?t=1785416085769:288
[ 2704161ms] [TABLE] [Object, Object, Object, Object, Object] @ http://localhost:5175/src/features/exam/petRw/ReadingPetRwTest.tsx?t=1785416085769:288
[ 2706168ms] [TABLE] [Object, Object, Object, Object, Object] @ http://localhost:5175/src/features/exam/petRw/ReadingPetRwTest.tsx?t=1785416085769:288
[ 2706169ms] [TABLE] [Object, Object, Object, Object, Object] @ http://localhost:5175/src/features/exam/petRw/ReadingPetRwTest.tsx?t=1785416085769:288
[ 2708163ms] [TABLE] [Object, Object, Object, Object, Object] @ http://localhost:5175/src/features/exam/petRw/ReadingPetRwTest.tsx?t=1785416085769:288
[ 2708164ms] [TABLE] [Object, Object, Object, Object, Object] @ http://localhost:5175/src/features/exam/petRw/ReadingPetRwTest.tsx?t=1785416085769:288
[ 2710169ms] [TABLE] [Object, Object, Object, Object, Object] @ http://localhost:5175/src/features/exam/petRw/ReadingPetRwTest.tsx?t=1785416085769:288
[ 2710170ms] [TABLE] [Object, Object, Object, Object, Object] @ http://localhost:5175/src/features/exam/petRw/ReadingPetRwTest.tsx?t=1785416085769:288
[ 2712162ms] [TABLE] [Object, Object, Object, Object, Object] @ http://localhost:5175/src/features/exam/petRw/ReadingPetRwTest.tsx?t=1785416085769:288
[ 2712162ms] [TABLE] [Object, Object, Object, Object, Object] @ http://localhost:5175/src/features/exam/petRw/ReadingPetRwTest.tsx?t=1785416085769:288
[ 2714155ms] [TABLE] [Object, Object, Object, Object, Object] @ http://localhost:5175/src/features/exam/petRw/ReadingPetRwTest.tsx?t=1785416085769:288
[ 2714155ms] [TABLE] [Object, Object, Object, Object, Object] @ http://localhost:5175/src/features/exam/petRw/ReadingPetRwTest.tsx?t=1785416085769:288
[ 2716159ms] [TABLE] [Object, Object, Object, Object, Object] @ http://localhost:5175/src/features/exam/petRw/ReadingPetRwTest.tsx?t=1785416085769:288
[ 2716160ms] [TABLE] [Object, Object, Object, Object, Object] @ http://localhost:5175/src/features/exam/petRw/ReadingPetRwTest.tsx?t=1785416085769:288
[ 2718164ms] [TABLE] [Object, Object, Object, Object, Object] @ http://localhost:5175/src/features/exam/petRw/ReadingPetRwTest.tsx?t=1785416085769:288
[ 2718165ms] [TABLE] [Object, Object, Object, Object, Object] @ http://localhost:5175/src/features/exam/petRw/ReadingPetRwTest.tsx?t=1785416085769:288
[ 2720159ms] [TABLE] [Object, Object, Object, Object, Object] @ http://localhost:5175/src/features/exam/petRw/ReadingPetRwTest.tsx?t=1785416085769:288
[ 2720160ms] [TABLE] [Object, Object, Object, Object, Object] @ http://localhost:5175/src/features/exam/petRw/ReadingPetRwTest.tsx?t=1785416085769:288
[ 2722167ms] [TABLE] [Object, Object, Object, Object, Object] @ http://localhost:5175/src/features/exam/petRw/ReadingPetRwTest.tsx?t=1785416085769:288
[ 2722167ms] [TABLE] [Object, Object, Object, Object, Object] @ http://localhost:5175/src/features/exam/petRw/ReadingPetRwTest.tsx?t=1785416085769:288
[ 2724158ms] [TABLE] [Object, Object, Object, Object, Object] @ http://localhost:5175/src/features/exam/petRw/ReadingPetRwTest.tsx?t=1785416085769:288
[ 2724159ms] [TABLE] [Object, Object, Object, Object, Object] @ http://localhost:5175/src/features/exam/petRw/ReadingPetRwTest.tsx?t=1785416085769:288
[ 2726167ms] [TABLE] [Object, Object, Object, Object, Object] @ http://localhost:5175/src/features/exam/petRw/ReadingPetRwTest.tsx?t=1785416085769:288
[ 2726168ms] [TABLE] [Object, Object, Object, Object, Object] @ http://localhost:5175/src/features/exam/petRw/ReadingPetRwTest.tsx?t=1785416085769:288
[ 2728161ms] [TABLE] [Object, Object, Object, Object, Object] @ http://localhost:5175/src/features/exam/petRw/ReadingPetRwTest.tsx?t=1785416085769:288
[ 2728161ms] [TABLE] [Object, Object, Object, Object, Object] @ http://localhost:5175/src/features/exam/petRw/ReadingPetRwTest.tsx?t=1785416085769:288
[ 2730163ms] [TABLE] [Object, Object, Object, Object, Object] @ http://localhost:5175/src/features/exam/petRw/ReadingPetRwTest.tsx?t=1785416085769:288
[ 2730164ms] [TABLE] [Object, Object, Object, Object, Object] @ http://localhost:5175/src/features/exam/petRw/ReadingPetRwTest.tsx?t=1785416085769:288
[ 2732163ms] [TABLE] [Object, Object, Object, Object, Object] @ http://localhost:5175/src/features/exam/petRw/ReadingPetRwTest.tsx?t=1785416085769:288
[ 2732164ms] [TABLE] [Object, Object, Object, Object, Object] @ http://localhost:5175/src/features/exam/petRw/ReadingPetRwTest.tsx?t=1785416085769:288
[ 2734157ms] [TABLE] [Object, Object, Object, Object, Object] @ http://localhost:5175/src/features/exam/petRw/ReadingPetRwTest.tsx?t=1785416085769:288
[ 2734158ms] [TABLE] [Object, Object, Object, Object, Object] @ http://localhost:5175/src/features/exam/petRw/ReadingPetRwTest.tsx?t=1785416085769:288
[ 2735171ms] [TABLE] [Object, Object, Object, Object, Object] @ http://localhost:5175/src/features/exam/petRw/ReadingPetRwTest.tsx?t=1785416085769:288
[ 2735171ms] [TABLE] [Object, Object, Object, Object, Object] @ http://localhost:5175/src/features/exam/petRw/ReadingPetRwTest.tsx?t=1785416085769:288
[ 2737155ms] [TABLE] [Object, Object, Object, Object, Object] @ http://localhost:5175/src/features/exam/petRw/ReadingPetRwTest.tsx?t=1785416085769:288
[ 2737155ms] [TABLE] [Object, Object, Object, Object, Object] @ http://localhost:5175/src/features/exam/petRw/ReadingPetRwTest.tsx?t=1785416085769:288
[ 2739159ms] [TABLE] [Object, Object, Object, Object, Object] @ http://localhost:5175/src/features/exam/petRw/ReadingPetRwTest.tsx?t=1785416085769:288
[ 2739159ms] [TABLE] [Object, Object, Object, Object, Object] @ http://localhost:5175/src/features/exam/petRw/ReadingPetRwTest.tsx?t=1785416085769:288
[ 2741156ms] [TABLE] [Object, Object, Object, Object, Object] @ http://localhost:5175/src/features/exam/petRw/ReadingPetRwTest.tsx?t=1785416085769:288
[ 2741157ms] [TABLE] [Object, Object, Object, Object, Object] @ http://localhost:5175/src/features/exam/petRw/ReadingPetRwTest.tsx?t=1785416085769:288
[ 2743163ms] [TABLE] [Object, Object, Object, Object, Object] @ http://localhost:5175/src/features/exam/petRw/ReadingPetRwTest.tsx?t=1785416085769:288
[ 2743163ms] [TABLE] [Object, Object, Object, Object, Object] @ http://localhost:5175/src/features/exam/petRw/ReadingPetRwTest.tsx?t=1785416085769:288
[ 2745161ms] [TABLE] [Object, Object, Object, Object, Object] @ http://localhost:5175/src/features/exam/petRw/ReadingPetRwTest.tsx?t=1785416085769:288
[ 2745162ms] [TABLE] [Object, Object, Object, Object, Object] @ http://localhost:5175/src/features/exam/petRw/ReadingPetRwTest.tsx?t=1785416085769:288
[ 2747163ms] [TABLE] [Object, Object, Object, Object, Object] @ http://localhost:5175/src/features/exam/petRw/ReadingPetRwTest.tsx?t=1785416085769:288
[ 2747164ms] [TABLE] [Object, Object, Object, Object, Object] @ http://localhost:5175/src/features/exam/petRw/ReadingPetRwTest.tsx?t=1785416085769:288
[ 2749155ms] [TABLE] [Object, Object, Object, Object, Object] @ http://localhost:5175/src/features/exam/petRw/ReadingPetRwTest.tsx?t=1785416085769:288
[ 2749155ms] [TABLE] [Object, Object, Object, Object, Object] @ http://localhost:5175/src/features/exam/petRw/ReadingPetRwTest.tsx?t=1785416085769:288
[ 2751161ms] [TABLE] [Object, Object, Object, Object, Object] @ http://localhost:5175/src/features/exam/petRw/ReadingPetRwTest.tsx?t=1785416085769:288
[ 2751161ms] [TABLE] [Object, Object, Object, Object, Object] @ http://localhost:5175/src/features/exam/petRw/ReadingPetRwTest.tsx?t=1785416085769:288
[ 2753164ms] [TABLE] [Object, Object, Object, Object, Object] @ http://localhost:5175/src/features/exam/petRw/ReadingPetRwTest.tsx?t=1785416085769:288
[ 2753165ms] [TABLE] [Object, Object, Object, Object, Object] @ http://localhost:5175/src/features/exam/petRw/ReadingPetRwTest.tsx?t=1785416085769:288
[ 2755163ms] [TABLE] [Object, Object, Object, Object, Object] @ http://localhost:5175/src/features/exam/petRw/ReadingPetRwTest.tsx?t=1785416085769:288
[ 2755163ms] [TABLE] [Object, Object, Object, Object, Object] @ http://localhost:5175/src/features/exam/petRw/ReadingPetRwTest.tsx?t=1785416085769:288
[ 2757163ms] [TABLE] [Object, Object, Object, Object, Object] @ http://localhost:5175/src/features/exam/petRw/ReadingPetRwTest.tsx?t=1785416085769:288
[ 2757164ms] [TABLE] [Object, Object, Object, Object, Object] @ http://localhost:5175/src/features/exam/petRw/ReadingPetRwTest.tsx?t=1785416085769:288
[ 2759169ms] [TABLE] [Object, Object, Object, Object, Object] @ http://localhost:5175/src/features/exam/petRw/ReadingPetRwTest.tsx?t=1785416085769:288
[ 2759169ms] [TABLE] [Object, Object, Object, Object, Object] @ http://localhost:5175/src/features/exam/petRw/ReadingPetRwTest.tsx?t=1785416085769:288
[ 2761160ms] [TABLE] [Object, Object, Object, Object, Object] @ http://localhost:5175/src/features/exam/petRw/ReadingPetRwTest.tsx?t=1785416085769:288
[ 2761161ms] [TABLE] [Object, Object, Object, Object, Object] @ http://localhost:5175/src/features/exam/petRw/ReadingPetRwTest.tsx?t=1785416085769:288
[ 2763156ms] [TABLE] [Object, Object, Object, Object, Object] @ http://localhost:5175/src/features/exam/petRw/ReadingPetRwTest.tsx?t=1785416085769:288
[ 2763157ms] [TABLE] [Object, Object, Object, Object, Object] @ http://localhost:5175/src/features/exam/petRw/ReadingPetRwTest.tsx?t=1785416085769:288
[ 2765165ms] [TABLE] [Object, Object, Object, Object, Object] @ http://localhost:5175/src/features/exam/petRw/ReadingPetRwTest.tsx?t=1785416085769:288
[ 2765165ms] [TABLE] [Object, Object, Object, Object, Object] @ http://localhost:5175/src/features/exam/petRw/ReadingPetRwTest.tsx?t=1785416085769:288
[ 2767166ms] [TABLE] [Object, Object, Object, Object, Object] @ http://localhost:5175/src/features/exam/petRw/ReadingPetRwTest.tsx?t=1785416085769:288
[ 2767166ms] [TABLE] [Object, Object, Object, Object, Object] @ http://localhost:5175/src/features/exam/petRw/ReadingPetRwTest.tsx?t=1785416085769:288
[ 2769160ms] [TABLE] [Object, Object, Object, Object, Object] @ http://localhost:5175/src/features/exam/petRw/ReadingPetRwTest.tsx?t=1785416085769:288
[ 2769161ms] [TABLE] [Object, Object, Object, Object, Object] @ http://localhost:5175/src/features/exam/petRw/ReadingPetRwTest.tsx?t=1785416085769:288
[ 2771169ms] [TABLE] [Object, Object, Object, Object, Object] @ http://localhost:5175/src/features/exam/petRw/ReadingPetRwTest.tsx?t=1785416085769:288
[ 2771169ms] [TABLE] [Object, Object, Object, Object, Object] @ http://localhost:5175/src/features/exam/petRw/ReadingPetRwTest.tsx?t=1785416085769:288
[ 2772773ms] [TABLE] [Object, Object, Object, Object, Object] @ http://localhost:5175/src/features/exam/petRw/ReadingPetRwTest.tsx?t=1785416085769:288
[ 2772774ms] [TABLE] [Object, Object, Object, Object, Object] @ http://localhost:5175/src/features/exam/petRw/ReadingPetRwTest.tsx?t=1785416085769:288
[ 2773778ms] [TABLE] [Object, Object, Object, Object, Object] @ http://localhost:5175/src/features/exam/petRw/ReadingPetRwTest.tsx?t=1785416085769:288
[ 2773779ms] [TABLE] [Object, Object, Object, Object, Object] @ http://localhost:5175/src/features/exam/petRw/ReadingPetRwTest.tsx?t=1785416085769:288
[ 2774789ms] [TABLE] [Object, Object, Object, Object, Object] @ http://localhost:5175/src/features/exam/petRw/ReadingPetRwTest.tsx?t=1785416085769:288
[ 2774789ms] [TABLE] [Object, Object, Object, Object, Object] @ http://localhost:5175/src/features/exam/petRw/ReadingPetRwTest.tsx?t=1785416085769:288
[ 2775203ms] [INFO] %cDownload the React DevTools for a better development experience: https://reactjs.org/link/react-devtools font-weight:bold @ http://localhost:5175/node_modules/.vite/deps/chunk-U3XUIKGL.js?v=943e1971:21550
[ 2775238ms] [WARNING] ⚠️ React Router Future Flag Warning: React Router will begin wrapping state updates in `React.startTransition` in v7. You can use the `v7_startTransition` future flag to opt-in early. For more information, see https://reactrouter.com/v6/upgrading/future#v7_starttransition. @ http://localhost:5175/node_modules/.vite/deps/react-router-dom.js?v=943e1971:4426
[ 2775238ms] [WARNING] ⚠️ React Router Future Flag Warning: Relative route resolution within Splat routes is changing in v7. You can use the `v7_relativeSplatPath` future flag to opt-in early. For more information, see https://reactrouter.com/v6/upgrading/future#v7_relativesplatpath. @ http://localhost:5175/node_modules/.vite/deps/react-router-dom.js?v=943e1971:4426
[ 2775248ms] [WARNING] <meta name="apple-mobile-web-app-capable" content="yes"> is deprecated. Please include <meta name="mobile-web-app-capable" content="yes"> @ http://localhost:5175/app/exam/reading/catalog-reading-pet-b1-test16:0
[ 2776280ms] [TABLE] [Object, Object, Object, Object, Object] @ http://localhost:5175/src/features/exam/petRw/ReadingPetRwTest.tsx?t=1785416085769:288
[ 2776281ms] [TABLE] [Object, Object, Object, Object, Object] @ http://localhost:5175/src/features/exam/petRw/ReadingPetRwTest.tsx?t=1785416085769:288
[ 2776292ms] [TABLE] [Object, Object, Object, Object, Object] @ http://localhost:5175/src/features/exam/petRw/ReadingPetRwTest.tsx?t=1785416085769:288
[ 2776292ms] [TABLE] [Object, Object, Object, Object, Object] @ http://localhost:5175/src/features/exam/petRw/ReadingPetRwTest.tsx?t=1785416085769:288
[ 2776308ms] [TABLE] [Object, Object, Object, Object, Object] @ http://localhost:5175/src/features/exam/petRw/ReadingPetRwTest.tsx?t=1785416085769:288
[ 2776308ms] [TABLE] [Object, Object, Object, Object, Object] @ http://localhost:5175/src/features/exam/petRw/ReadingPetRwTest.tsx?t=1785416085769:288
[ 2777317ms] [TABLE] [Object, Object, Object, Object, Object] @ http://localhost:5175/src/features/exam/petRw/ReadingPetRwTest.tsx?t=1785416085769:288
[ 2777318ms] [TABLE] [Object, Object, Object, Object, Object] @ http://localhost:5175/src/features/exam/petRw/ReadingPetRwTest.tsx?t=1785416085769:288
[ 2778323ms] [TABLE] [Object, Object, Object, Object, Object] @ http://localhost:5175/src/features/exam/petRw/ReadingPetRwTest.tsx?t=1785416085769:288
[ 2778324ms] [TABLE] [Object, Object, Object, Object, Object] @ http://localhost:5175/src/features/exam/petRw/ReadingPetRwTest.tsx?t=1785416085769:288
[ 2779330ms] [TABLE] [Object, Object, Object, Object, Object] @ http://localhost:5175/src/features/exam/petRw/ReadingPetRwTest.tsx?t=1785416085769:288
[ 2779330ms] [TABLE] [Object, Object, Object, Object, Object] @ http://localhost:5175/src/features/exam/petRw/ReadingPetRwTest.tsx?t=1785416085769:288
[ 2780335ms] [TABLE] [Object, Object, Object, Object, Object] @ http://localhost:5175/src/features/exam/petRw/ReadingPetRwTest.tsx?t=1785416085769:288
[ 2780336ms] [TABLE] [Object, Object, Object, Object, Object] @ http://localhost:5175/src/features/exam/petRw/ReadingPetRwTest.tsx?t=1785416085769:288
[ 2780616ms] [TABLE] [Object, Object, Object, Object, Object] @ http://localhost:5175/src/features/exam/petRw/ReadingPetRwTest.tsx?t=1785416085769:288
[ 2780616ms] [TABLE] [Object, Object, Object, Object, Object] @ http://localhost:5175/src/features/exam/petRw/ReadingPetRwTest.tsx?t=1785416085769:288
[ 2780992ms] [TABLE] [Object, Object, Object, Object, Object] @ http://localhost:5175/src/features/exam/petRw/ReadingPetRwTest.tsx?t=1785416085769:288
[ 2780993ms] [TABLE] [Object, Object, Object, Object, Object] @ http://localhost:5175/src/features/exam/petRw/ReadingPetRwTest.tsx?t=1785416085769:288
[ 2781339ms] [TABLE] [Object, Object, Object, Object, Object] @ http://localhost:5175/src/features/exam/petRw/ReadingPetRwTest.tsx?t=1785416085769:288
[ 2781340ms] [TABLE] [Object, Object, Object, Object, Object] @ http://localhost:5175/src/features/exam/petRw/ReadingPetRwTest.tsx?t=1785416085769:288
[ 2782038ms] [TABLE] [Object, Object, Object, Object, Object] @ http://localhost:5175/src/features/exam/petRw/ReadingPetRwTest.tsx?t=1785416085769:288
[ 2782038ms] [TABLE] [Object, Object, Object, Object, Object] @ http://localhost:5175/src/features/exam/petRw/ReadingPetRwTest.tsx?t=1785416085769:288
[ 2782102ms] [TABLE] [Object, Object, Object, Object, Object] @ http://localhost:5175/src/features/exam/petRw/ReadingPetRwTest.tsx?t=1785416085769:288
[ 2782103ms] [TABLE] [Object, Object, Object, Object, Object] @ http://localhost:5175/src/features/exam/petRw/ReadingPetRwTest.tsx?t=1785416085769:288
[ 2782345ms] [TABLE] [Object, Object, Object, Object, Object] @ http://localhost:5175/src/features/exam/petRw/ReadingPetRwTest.tsx?t=1785416085769:288
[ 2782346ms] [TABLE] [Object, Object, Object, Object, Object] @ http://localhost:5175/src/features/exam/petRw/ReadingPetRwTest.tsx?t=1785416085769:288
[ 2782574ms] [TABLE] [Object, Object, Object, Object, Object] @ http://localhost:5175/src/features/exam/petRw/ReadingPetRwTest.tsx?t=1785416085769:288
[ 2782575ms] [TABLE] [Object, Object, Object, Object, Object] @ http://localhost:5175/src/features/exam/petRw/ReadingPetRwTest.tsx?t=1785416085769:288
[ 2783351ms] [TABLE] [Object, Object, Object, Object, Object] @ http://localhost:5175/src/features/exam/petRw/ReadingPetRwTest.tsx?t=1785416085769:288
[ 2783352ms] [TABLE] [Object, Object, Object, Object, Object] @ http://localhost:5175/src/features/exam/petRw/ReadingPetRwTest.tsx?t=1785416085769:288
[ 2784141ms] [TABLE] [Object, Object, Object, Object, Object] @ http://localhost:5175/src/features/exam/petRw/ReadingPetRwTest.tsx?t=1785416085769:288
[ 2784142ms] [TABLE] [Object, Object, Object, Object, Object] @ http://localhost:5175/src/features/exam/petRw/ReadingPetRwTest.tsx?t=1785416085769:288
[ 2784356ms] [TABLE] [Object, Object, Object, Object, Object] @ http://localhost:5175/src/features/exam/petRw/ReadingPetRwTest.tsx?t=1785416085769:288
[ 2784356ms] [TABLE] [Object, Object, Object, Object, Object] @ http://localhost:5175/src/features/exam/petRw/ReadingPetRwTest.tsx?t=1785416085769:288
[ 2784719ms] [TABLE] [Object, Object, Object, Object, Object] @ http://localhost:5175/src/features/exam/petRw/ReadingPetRwTest.tsx?t=1785416085769:288
[ 2784719ms] [TABLE] [Object, Object, Object, Object, Object] @ http://localhost:5175/src/features/exam/petRw/ReadingPetRwTest.tsx?t=1785416085769:288
[ 2785373ms] [TABLE] [Object, Object, Object, Object, Object] @ http://localhost:5175/src/features/exam/petRw/ReadingPetRwTest.tsx?t=1785416085769:288
[ 2785374ms] [TABLE] [Object, Object, Object, Object, Object] @ http://localhost:5175/src/features/exam/petRw/ReadingPetRwTest.tsx?t=1785416085769:288
[ 2785377ms] [TABLE] [Object, Object, Object, Object, Object] @ http://localhost:5175/src/features/exam/petRw/ReadingPetRwTest.tsx?t=1785416085769:288
[ 2785377ms] [TABLE] [Object, Object, Object, Object, Object] @ http://localhost:5175/src/features/exam/petRw/ReadingPetRwTest.tsx?t=1785416085769:288
[ 2785437ms] [TABLE] [Object, Object, Object, Object, Object] @ http://localhost:5175/src/features/exam/petRw/ReadingPetRwTest.tsx?t=1785416085769:288
[ 2785438ms] [TABLE] [Object, Object, Object, Object, Object] @ http://localhost:5175/src/features/exam/petRw/ReadingPetRwTest.tsx?t=1785416085769:288
[ 2785813ms] [TABLE] [Object, Object, Object, Object, Object] @ http://localhost:5175/src/features/exam/petRw/ReadingPetRwTest.tsx?t=1785416085769:288
[ 2785814ms] [TABLE] [Object, Object, Object, Object, Object] @ http://localhost:5175/src/features/exam/petRw/ReadingPetRwTest.tsx?t=1785416085769:288
[ 2785822ms] [TABLE] [Object, Object, Object, Object, Object] @ http://localhost:5175/src/features/exam/petRw/ReadingPetRwTest.tsx?t=1785416085769:288
[ 2785822ms] [TABLE] [Object, Object, Object, Object, Object] @ http://localhost:5175/src/features/exam/petRw/ReadingPetRwTest.tsx?t=1785416085769:288
[ 2786378ms] [TABLE] [Object, Object, Object, Object, Object] @ http://localhost:5175/src/features/exam/petRw/ReadingPetRwTest.tsx?t=1785416085769:288
[ 2786379ms] [TABLE] [Object, Object, Object, Object, Object] @ http://localhost:5175/src/features/exam/petRw/ReadingPetRwTest.tsx?t=1785416085769:288
[ 2786829ms] [TABLE] [Object, Object, Object, Object, Object, Object] @ http://localhost:5175/src/features/exam/petRw/ReadingPetRwTest.tsx?t=1785416085769:288
[ 2786830ms] [TABLE] [Object, Object, Object, Object, Object, Object] @ http://localhost:5175/src/features/exam/petRw/ReadingPetRwTest.tsx?t=1785416085769:288
[ 2786834ms] [TABLE] [Object, Object, Object, Object, Object, Object] @ http://localhost:5175/src/features/exam/petRw/ReadingPetRwTest.tsx?t=1785416085769:288
[ 2786835ms] [TABLE] [Object, Object, Object, Object, Object, Object] @ http://localhost:5175/src/features/exam/petRw/ReadingPetRwTest.tsx?t=1785416085769:288
[ 2787394ms] [TABLE] [Object, Object, Object, Object, Object, Object] @ http://localhost:5175/src/features/exam/petRw/ReadingPetRwTest.tsx?t=1785416085769:288
[ 2787395ms] [TABLE] [Object, Object, Object, Object, Object, Object] @ http://localhost:5175/src/features/exam/petRw/ReadingPetRwTest.tsx?t=1785416085769:288
[ 2787757ms] [TABLE] [Object, Object, Object, Object, Object, Object] @ http://localhost:5175/src/features/exam/petRw/ReadingPetRwTest.tsx?t=1785416085769:288
[ 2787757ms] [TABLE] [Object, Object, Object, Object, Object, Object] @ http://localhost:5175/src/features/exam/petRw/ReadingPetRwTest.tsx?t=1785416085769:288
[ 2787763ms] [TABLE] [Object, Object, Object, Object, Object, Object] @ http://localhost:5175/src/features/exam/petRw/ReadingPetRwTest.tsx?t=1785416085769:288
[ 2787764ms] [TABLE] [Object, Object, Object, Object, Object, Object] @ http://localhost:5175/src/features/exam/petRw/ReadingPetRwTest.tsx?t=1785416085769:288
[ 2788317ms] [TABLE] [Object, Object, Object, Object, Object, Object] @ http://localhost:5175/src/features/exam/petRw/ReadingPetRwTest.tsx?t=1785416085769:288
[ 2788317ms] [TABLE] [Object, Object, Object, Object, Object, Object] @ http://localhost:5175/src/features/exam/petRw/ReadingPetRwTest.tsx?t=1785416085769:288
[ 2788404ms] [TABLE] [Object, Object, Object, Object, Object, Object] @ http://localhost:5175/src/features/exam/petRw/ReadingPetRwTest.tsx?t=1785416085769:288
[ 2788405ms] [TABLE] [Object, Object, Object, Object, Object, Object] @ http://localhost:5175/src/features/exam/petRw/ReadingPetRwTest.tsx?t=1785416085769:288
[ 2789410ms] [TABLE] [Object, Object, Object, Object, Object, Object] @ http://localhost:5175/src/features/exam/petRw/ReadingPetRwTest.tsx?t=1785416085769:288
[ 2789410ms] [TABLE] [Object, Object, Object, Object, Object, Object] @ http://localhost:5175/src/features/exam/petRw/ReadingPetRwTest.tsx?t=1785416085769:288
[ 2789821ms] [TABLE] [Object, Object, Object, Object, Object] @ http://localhost:5175/src/features/exam/petRw/ReadingPetRwTest.tsx?t=1785416085769:288
[ 2789822ms] [TABLE] [Object, Object, Object, Object, Object] @ http://localhost:5175/src/features/exam/petRw/ReadingPetRwTest.tsx?t=1785416085769:288
[ 2789827ms] [TABLE] [Object, Object, Object, Object, Object] @ http://localhost:5175/src/features/exam/petRw/ReadingPetRwTest.tsx?t=1785416085769:288
[ 2789828ms] [TABLE] [Object, Object, Object, Object, Object] @ http://localhost:5175/src/features/exam/petRw/ReadingPetRwTest.tsx?t=1785416085769:288
[ 2790417ms] [TABLE] [Object, Object, Object, Object, Object] @ http://localhost:5175/src/features/exam/petRw/ReadingPetRwTest.tsx?t=1785416085769:288
[ 2790418ms] [TABLE] [Object, Object, Object, Object, Object] @ http://localhost:5175/src/features/exam/petRw/ReadingPetRwTest.tsx?t=1785416085769:288
[ 2792163ms] [TABLE] [Object, Object, Object, Object, Object] @ http://localhost:5175/src/features/exam/petRw/ReadingPetRwTest.tsx?t=1785416085769:288
[ 2792164ms] [TABLE] [Object, Object, Object, Object, Object] @ http://localhost:5175/src/features/exam/petRw/ReadingPetRwTest.tsx?t=1785416085769:288
[ 2794157ms] [TABLE] [Object, Object, Object, Object, Object] @ http://localhost:5175/src/features/exam/petRw/ReadingPetRwTest.tsx?t=1785416085769:288
[ 2794158ms] [TABLE] [Object, Object, Object, Object, Object] @ http://localhost:5175/src/features/exam/petRw/ReadingPetRwTest.tsx?t=1785416085769:288
[ 2796170ms] [TABLE] [Object, Object, Object, Object, Object] @ http://localhost:5175/src/features/exam/petRw/ReadingPetRwTest.tsx?t=1785416085769:288
[ 2796171ms] [TABLE] [Object, Object, Object, Object, Object] @ http://localhost:5175/src/features/exam/petRw/ReadingPetRwTest.tsx?t=1785416085769:288
[ 2798165ms] [TABLE] [Object, Object, Object, Object, Object] @ http://localhost:5175/src/features/exam/petRw/ReadingPetRwTest.tsx?t=1785416085769:288
[ 2798165ms] [TABLE] [Object, Object, Object, Object, Object] @ http://localhost:5175/src/features/exam/petRw/ReadingPetRwTest.tsx?t=1785416085769:288
[ 2800167ms] [TABLE] [Object, Object, Object, Object, Object] @ http://localhost:5175/src/features/exam/petRw/ReadingPetRwTest.tsx?t=1785416085769:288
[ 2800168ms] [TABLE] [Object, Object, Object, Object, Object] @ http://localhost:5175/src/features/exam/petRw/ReadingPetRwTest.tsx?t=1785416085769:288
[ 2802163ms] [TABLE] [Object, Object, Object, Object, Object] @ http://localhost:5175/src/features/exam/petRw/ReadingPetRwTest.tsx?t=1785416085769:288
[ 2802163ms] [TABLE] [Object, Object, Object, Object, Object] @ http://localhost:5175/src/features/exam/petRw/ReadingPetRwTest.tsx?t=1785416085769:288
[ 2804169ms] [TABLE] [Object, Object, Object, Object, Object] @ http://localhost:5175/src/features/exam/petRw/ReadingPetRwTest.tsx?t=1785416085769:288
[ 2804170ms] [TABLE] [Object, Object, Object, Object, Object] @ http://localhost:5175/src/features/exam/petRw/ReadingPetRwTest.tsx?t=1785416085769:288
[ 2806159ms] [TABLE] [Object, Object, Object, Object, Object] @ http://localhost:5175/src/features/exam/petRw/ReadingPetRwTest.tsx?t=1785416085769:288
[ 2806159ms] [TABLE] [Object, Object, Object, Object, Object] @ http://localhost:5175/src/features/exam/petRw/ReadingPetRwTest.tsx?t=1785416085769:288
[ 2808160ms] [TABLE] [Object, Object, Object, Object, Object] @ http://localhost:5175/src/features/exam/petRw/ReadingPetRwTest.tsx?t=1785416085769:288
[ 2808160ms] [TABLE] [Object, Object, Object, Object, Object] @ http://localhost:5175/src/features/exam/petRw/ReadingPetRwTest.tsx?t=1785416085769:288
[ 2809173ms] Error: useAuth phải dùng bên trong <AuthProvider>
    at useAuth (http://localhost:5175/src/features/auth/AuthContext.tsx?t=1785416085769:199:19)
    at ProtectedRoute (http://localhost:5175/src/features/auth/ProtectedRoute.tsx?t=1785416085769:23:29)
    at renderWithHooks (http://localhost:5175/node_modules/.vite/deps/chunk-U3XUIKGL.js?v=943e1971:11548:26)
    at mountIndeterminateComponent (http://localhost:5175/node_modules/.vite/deps/chunk-U3XUIKGL.js?v=943e1971:14926:21)
    at beginWork (http://localhost:5175/node_modules/.vite/deps/chunk-U3XUIKGL.js?v=943e1971:15914:22)
    at HTMLUnknownElement.callCallback2 (http://localhost:5175/node_modules/.vite/deps/chunk-U3XUIKGL.js?v=943e1971:3674:22)
    at Object.invokeGuardedCallbackDev (http://localhost:5175/node_modules/.vite/deps/chunk-U3XUIKGL.js?v=943e1971:3699:24)
    at invokeGuardedCallback (http://localhost:5175/node_modules/.vite/deps/chunk-U3XUIKGL.js?v=943e1971:3733:39)
    at beginWork$1 (http://localhost:5175/node_modules/.vite/deps/chunk-U3XUIKGL.js?v=943e1971:19765:15)
    at performUnitOfWork (http://localhost:5175/node_modules/.vite/deps/chunk-U3XUIKGL.js?v=943e1971:19198:20)
[ 2809180ms] Error: useAuth phải dùng bên trong <AuthProvider>
    at useAuth (http://localhost:5175/src/features/auth/AuthContext.tsx?t=1785416085769:199:19)
    at ProtectedRoute (http://localhost:5175/src/features/auth/ProtectedRoute.tsx?t=1785416085769:23:29)
    at renderWithHooks (http://localhost:5175/node_modules/.vite/deps/chunk-U3XUIKGL.js?v=943e1971:11548:26)
    at mountIndeterminateComponent (http://localhost:5175/node_modules/.vite/deps/chunk-U3XUIKGL.js?v=943e1971:14926:21)
    at beginWork (http://localhost:5175/node_modules/.vite/deps/chunk-U3XUIKGL.js?v=943e1971:15914:22)
    at HTMLUnknownElement.callCallback2 (http://localhost:5175/node_modules/.vite/deps/chunk-U3XUIKGL.js?v=943e1971:3674:22)
    at Object.invokeGuardedCallbackDev (http://localhost:5175/node_modules/.vite/deps/chunk-U3XUIKGL.js?v=943e1971:3699:24)
    at invokeGuardedCallback (http://localhost:5175/node_modules/.vite/deps/chunk-U3XUIKGL.js?v=943e1971:3733:39)
    at beginWork$1 (http://localhost:5175/node_modules/.vite/deps/chunk-U3XUIKGL.js?v=943e1971:19765:15)
    at performUnitOfWork (http://localhost:5175/node_modules/.vite/deps/chunk-U3XUIKGL.js?v=943e1971:19198:20)
[ 2809184ms] [ERROR] The above error occurred in the <ProtectedRoute> component:

    at ProtectedRoute (http://localhost:5175/src/features/auth/ProtectedRoute.tsx?t=1785416085769:21:42)
    at RenderedRoute (http://localhost:5175/node_modules/.vite/deps/react-router-dom.js?v=943e1971:4122:5)
    at Routes (http://localhost:5175/node_modules/.vite/deps/react-router-dom.js?v=943e1971:4592:5)
    at Suspense
    at App (http://localhost:5175/src/App.tsx?t=1785416085769:125:3)
    at AuthProvider (http://localhost:5175/src/features/auth/AuthContext.tsx?t=1785417936653:46:32)
    at Router (http://localhost:5175/node_modules/.vite/deps/react-router-dom.js?v=943e1971:4535:15)
    at BrowserRouter (http://localhost:5175/node_modules/.vite/deps/react-router-dom.js?v=943e1971:5273:5)

Consider adding an error boundary to your tree to customize error handling behavior.
Visit https://reactjs.org/link/error-boundaries to learn more about error boundaries. @ http://localhost:5175/node_modules/.vite/deps/chunk-U3XUIKGL.js?v=943e1971:14031
[ 2809189ms] Error: useAuth phải dùng bên trong <AuthProvider>
    at useAuth (http://localhost:5175/src/features/auth/AuthContext.tsx?t=1785416085769:199:19)
    at ProtectedRoute (http://localhost:5175/src/features/auth/ProtectedRoute.tsx?t=1785416085769:23:29)
    at renderWithHooks (http://localhost:5175/node_modules/.vite/deps/chunk-U3XUIKGL.js?v=943e1971:11548:26)
    at mountIndeterminateComponent (http://localhost:5175/node_modules/.vite/deps/chunk-U3XUIKGL.js?v=943e1971:14926:21)
    at beginWork (http://localhost:5175/node_modules/.vite/deps/chunk-U3XUIKGL.js?v=943e1971:15914:22)
    at beginWork$1 (http://localhost:5175/node_modules/.vite/deps/chunk-U3XUIKGL.js?v=943e1971:19753:22)
    at performUnitOfWork (http://localhost:5175/node_modules/.vite/deps/chunk-U3XUIKGL.js?v=943e1971:19198:20)
    at workLoopSync (http://localhost:5175/node_modules/.vite/deps/chunk-U3XUIKGL.js?v=943e1971:19137:13)
    at renderRootSync (http://localhost:5175/node_modules/.vite/deps/chunk-U3XUIKGL.js?v=943e1971:19116:15)
    at recoverFromConcurrentError (http://localhost:5175/node_modules/.vite/deps/chunk-U3XUIKGL.js?v=943e1971:18736:28)
[ 2809473ms] [INFO] %cDownload the React DevTools for a better development experience: https://reactjs.org/link/react-devtools font-weight:bold @ http://localhost:5175/node_modules/.vite/deps/chunk-U3XUIKGL.js?v=943e1971:21550
[ 2809506ms] [WARNING] ⚠️ React Router Future Flag Warning: React Router will begin wrapping state updates in `React.startTransition` in v7. You can use the `v7_startTransition` future flag to opt-in early. For more information, see https://reactrouter.com/v6/upgrading/future#v7_starttransition. @ http://localhost:5175/node_modules/.vite/deps/react-router-dom.js?v=943e1971:4426
[ 2809506ms] [WARNING] ⚠️ React Router Future Flag Warning: Relative route resolution within Splat routes is changing in v7. You can use the `v7_relativeSplatPath` future flag to opt-in early. For more information, see https://reactrouter.com/v6/upgrading/future#v7_relativesplatpath. @ http://localhost:5175/node_modules/.vite/deps/react-router-dom.js?v=943e1971:4426
[ 2809517ms] [WARNING] <meta name="apple-mobile-web-app-capable" content="yes"> is deprecated. Please include <meta name="mobile-web-app-capable" content="yes"> @ http://localhost:5175/app/exam/reading/catalog-reading-pet-b1-test16:0
[ 2810367ms] [TABLE] [Object, Object, Object, Object, Object] @ http://localhost:5175/src/features/exam/petRw/ReadingPetRwTest.tsx?t=1785417936653:288
[ 2810367ms] [TABLE] [Object, Object, Object, Object, Object] @ http://localhost:5175/src/features/exam/petRw/ReadingPetRwTest.tsx?t=1785417936653:288
[ 2810378ms] [TABLE] [Object, Object, Object, Object, Object] @ http://localhost:5175/src/features/exam/petRw/ReadingPetRwTest.tsx?t=1785417936653:288
[ 2810379ms] [TABLE] [Object, Object, Object, Object, Object] @ http://localhost:5175/src/features/exam/petRw/ReadingPetRwTest.tsx?t=1785417936653:288
[ 2812163ms] [TABLE] [Object, Object, Object, Object, Object] @ http://localhost:5175/src/features/exam/petRw/ReadingPetRwTest.tsx?t=1785417936653:288
[ 2812164ms] [TABLE] [Object, Object, Object, Object, Object] @ http://localhost:5175/src/features/exam/petRw/ReadingPetRwTest.tsx?t=1785417936653:288
[ 2814168ms] [TABLE] [Object, Object, Object, Object, Object] @ http://localhost:5175/src/features/exam/petRw/ReadingPetRwTest.tsx?t=1785417936653:288
[ 2814168ms] [TABLE] [Object, Object, Object, Object, Object] @ http://localhost:5175/src/features/exam/petRw/ReadingPetRwTest.tsx?t=1785417936653:288
[ 2816160ms] [TABLE] [Object, Object, Object, Object, Object] @ http://localhost:5175/src/features/exam/petRw/ReadingPetRwTest.tsx?t=1785417936653:288
[ 2816161ms] [TABLE] [Object, Object, Object, Object, Object] @ http://localhost:5175/src/features/exam/petRw/ReadingPetRwTest.tsx?t=1785417936653:288
[ 2818157ms] [TABLE] [Object, Object, Object, Object, Object] @ http://localhost:5175/src/features/exam/petRw/ReadingPetRwTest.tsx?t=1785417936653:288
[ 2818157ms] [TABLE] [Object, Object, Object, Object, Object] @ http://localhost:5175/src/features/exam/petRw/ReadingPetRwTest.tsx?t=1785417936653:288
[ 2820164ms] [TABLE] [Object, Object, Object, Object, Object] @ http://localhost:5175/src/features/exam/petRw/ReadingPetRwTest.tsx?t=1785417936653:288
[ 2820165ms] [TABLE] [Object, Object, Object, Object, Object] @ http://localhost:5175/src/features/exam/petRw/ReadingPetRwTest.tsx?t=1785417936653:288
[ 2822163ms] [TABLE] [Object, Object, Object, Object, Object] @ http://localhost:5175/src/features/exam/petRw/ReadingPetRwTest.tsx?t=1785417936653:288
[ 2822163ms] [TABLE] [Object, Object, Object, Object, Object] @ http://localhost:5175/src/features/exam/petRw/ReadingPetRwTest.tsx?t=1785417936653:288
[ 2824169ms] [TABLE] [Object, Object, Object, Object, Object] @ http://localhost:5175/src/features/exam/petRw/ReadingPetRwTest.tsx?t=1785417936653:288
[ 2824169ms] [TABLE] [Object, Object, Object, Object, Object] @ http://localhost:5175/src/features/exam/petRw/ReadingPetRwTest.tsx?t=1785417936653:288
[ 2826160ms] [TABLE] [Object, Object, Object, Object, Object] @ http://localhost:5175/src/features/exam/petRw/ReadingPetRwTest.tsx?t=1785417936653:288
[ 2826160ms] [TABLE] [Object, Object, Object, Object, Object] @ http://localhost:5175/src/features/exam/petRw/ReadingPetRwTest.tsx?t=1785417936653:288
[ 2828160ms] [TABLE] [Object, Object, Object, Object, Object] @ http://localhost:5175/src/features/exam/petRw/ReadingPetRwTest.tsx?t=1785417936653:288
[ 2828161ms] [TABLE] [Object, Object, Object, Object, Object] @ http://localhost:5175/src/features/exam/petRw/ReadingPetRwTest.tsx?t=1785417936653:288
[ 2830155ms] [TABLE] [Object, Object, Object, Object, Object] @ http://localhost:5175/src/features/exam/petRw/ReadingPetRwTest.tsx?t=1785417936653:288
[ 2830156ms] [TABLE] [Object, Object, Object, Object, Object] @ http://localhost:5175/src/features/exam/petRw/ReadingPetRwTest.tsx?t=1785417936653:288
[ 2832165ms] [TABLE] [Object, Object, Object, Object, Object] @ http://localhost:5175/src/features/exam/petRw/ReadingPetRwTest.tsx?t=1785417936653:288
[ 2832165ms] [TABLE] [Object, Object, Object, Object, Object] @ http://localhost:5175/src/features/exam/petRw/ReadingPetRwTest.tsx?t=1785417936653:288
[ 2834159ms] [TABLE] [Object, Object, Object, Object, Object] @ http://localhost:5175/src/features/exam/petRw/ReadingPetRwTest.tsx?t=1785417936653:288
[ 2834159ms] [TABLE] [Object, Object, Object, Object, Object] @ http://localhost:5175/src/features/exam/petRw/ReadingPetRwTest.tsx?t=1785417936653:288
[ 2836170ms] [TABLE] [Object, Object, Object, Object, Object] @ http://localhost:5175/src/features/exam/petRw/ReadingPetRwTest.tsx?t=1785417936653:288
[ 2836170ms] [TABLE] [Object, Object, Object, Object, Object] @ http://localhost:5175/src/features/exam/petRw/ReadingPetRwTest.tsx?t=1785417936653:288
[ 2838163ms] [TABLE] [Object, Object, Object, Object, Object] @ http://localhost:5175/src/features/exam/petRw/ReadingPetRwTest.tsx?t=1785417936653:288
[ 2838163ms] [TABLE] [Object, Object, Object, Object, Object] @ http://localhost:5175/src/features/exam/petRw/ReadingPetRwTest.tsx?t=1785417936653:288
[ 2840170ms] [TABLE] [Object, Object, Object, Object, Object] @ http://localhost:5175/src/features/exam/petRw/ReadingPetRwTest.tsx?t=1785417936653:288
[ 2840171ms] [TABLE] [Object, Object, Object, Object, Object] @ http://localhost:5175/src/features/exam/petRw/ReadingPetRwTest.tsx?t=1785417936653:288
[ 2842166ms] [TABLE] [Object, Object, Object, Object, Object] @ http://localhost:5175/src/features/exam/petRw/ReadingPetRwTest.tsx?t=1785417936653:288
[ 2842167ms] [TABLE] [Object, Object, Object, Object, Object] @ http://localhost:5175/src/features/exam/petRw/ReadingPetRwTest.tsx?t=1785417936653:288
[ 2844170ms] [TABLE] [Object, Object, Object, Object, Object] @ http://localhost:5175/src/features/exam/petRw/ReadingPetRwTest.tsx?t=1785417936653:288
[ 2844170ms] [TABLE] [Object, Object, Object, Object, Object] @ http://localhost:5175/src/features/exam/petRw/ReadingPetRwTest.tsx?t=1785417936653:288
[ 2846165ms] [TABLE] [Object, Object, Object, Object, Object] @ http://localhost:5175/src/features/exam/petRw/ReadingPetRwTest.tsx?t=1785417936653:288
[ 2846165ms] [TABLE] [Object, Object, Object, Object, Object] @ http://localhost:5175/src/features/exam/petRw/ReadingPetRwTest.tsx?t=1785417936653:288
[ 2848164ms] [TABLE] [Object, Object, Object, Object, Object] @ http://localhost:5175/src/features/exam/petRw/ReadingPetRwTest.tsx?t=1785417936653:288
[ 2848165ms] [TABLE] [Object, Object, Object, Object, Object] @ http://localhost:5175/src/features/exam/petRw/ReadingPetRwTest.tsx?t=1785417936653:288
[ 2850163ms] [TABLE] [Object, Object, Object, Object, Object] @ http://localhost:5175/src/features/exam/petRw/ReadingPetRwTest.tsx?t=1785417936653:288
[ 2850163ms] [TABLE] [Object, Object, Object, Object, Object] @ http://localhost:5175/src/features/exam/petRw/ReadingPetRwTest.tsx?t=1785417936653:288
[ 2852167ms] [TABLE] [Object, Object, Object, Object, Object] @ http://localhost:5175/src/features/exam/petRw/ReadingPetRwTest.tsx?t=1785417936653:288
[ 2852167ms] [TABLE] [Object, Object, Object, Object, Object] @ http://localhost:5175/src/features/exam/petRw/ReadingPetRwTest.tsx?t=1785417936653:288
[ 2854155ms] [TABLE] [Object, Object, Object, Object, Object] @ http://localhost:5175/src/features/exam/petRw/ReadingPetRwTest.tsx?t=1785417936653:288
[ 2854156ms] [TABLE] [Object, Object, Object, Object, Object] @ http://localhost:5175/src/features/exam/petRw/ReadingPetRwTest.tsx?t=1785417936653:288
[ 2856159ms] [TABLE] [Object, Object, Object, Object, Object] @ http://localhost:5175/src/features/exam/petRw/ReadingPetRwTest.tsx?t=1785417936653:288
[ 2856160ms] [TABLE] [Object, Object, Object, Object, Object] @ http://localhost:5175/src/features/exam/petRw/ReadingPetRwTest.tsx?t=1785417936653:288
[ 2858169ms] [TABLE] [Object, Object, Object, Object, Object] @ http://localhost:5175/src/features/exam/petRw/ReadingPetRwTest.tsx?t=1785417936653:288
[ 2858169ms] [TABLE] [Object, Object, Object, Object, Object] @ http://localhost:5175/src/features/exam/petRw/ReadingPetRwTest.tsx?t=1785417936653:288
[ 2860170ms] [TABLE] [Object, Object, Object, Object, Object] @ http://localhost:5175/src/features/exam/petRw/ReadingPetRwTest.tsx?t=1785417936653:288
[ 2860171ms] [TABLE] [Object, Object, Object, Object, Object] @ http://localhost:5175/src/features/exam/petRw/ReadingPetRwTest.tsx?t=1785417936653:288
[ 2862167ms] [TABLE] [Object, Object, Object, Object, Object] @ http://localhost:5175/src/features/exam/petRw/ReadingPetRwTest.tsx?t=1785417936653:288
[ 2862168ms] [TABLE] [Object, Object, Object, Object, Object] @ http://localhost:5175/src/features/exam/petRw/ReadingPetRwTest.tsx?t=1785417936653:288
[ 2864168ms] [TABLE] [Object, Object, Object, Object, Object] @ http://localhost:5175/src/features/exam/petRw/ReadingPetRwTest.tsx?t=1785417936653:288
[ 2864169ms] [TABLE] [Object, Object, Object, Object, Object] @ http://localhost:5175/src/features/exam/petRw/ReadingPetRwTest.tsx?t=1785417936653:288
[ 2865175ms] [TABLE] [Object, Object, Object, Object, Object] @ http://localhost:5175/src/features/exam/petRw/ReadingPetRwTest.tsx?t=1785417936653:288
[ 2865176ms] [TABLE] [Object, Object, Object, Object, Object] @ http://localhost:5175/src/features/exam/petRw/ReadingPetRwTest.tsx?t=1785417936653:288
[ 2866192ms] [TABLE] [Object, Object, Object, Object, Object] @ http://localhost:5175/src/features/exam/petRw/ReadingPetRwTest.tsx?t=1785417936653:288
[ 2866193ms] [TABLE] [Object, Object, Object, Object, Object] @ http://localhost:5175/src/features/exam/petRw/ReadingPetRwTest.tsx?t=1785417936653:288
[ 2868163ms] [TABLE] [Object, Object, Object, Object, Object] @ http://localhost:5175/src/features/exam/petRw/ReadingPetRwTest.tsx?t=1785417936653:288
[ 2868164ms] [TABLE] [Object, Object, Object, Object, Object] @ http://localhost:5175/src/features/exam/petRw/ReadingPetRwTest.tsx?t=1785417936653:288
[ 2870164ms] [TABLE] [Object, Object, Object, Object, Object] @ http://localhost:5175/src/features/exam/petRw/ReadingPetRwTest.tsx?t=1785417936653:288
[ 2870165ms] [TABLE] [Object, Object, Object, Object, Object] @ http://localhost:5175/src/features/exam/petRw/ReadingPetRwTest.tsx?t=1785417936653:288
[ 2872166ms] [TABLE] [Object, Object, Object, Object, Object] @ http://localhost:5175/src/features/exam/petRw/ReadingPetRwTest.tsx?t=1785417936653:288
[ 2872166ms] [TABLE] [Object, Object, Object, Object, Object] @ http://localhost:5175/src/features/exam/petRw/ReadingPetRwTest.tsx?t=1785417936653:288
[ 2874165ms] [TABLE] [Object, Object, Object, Object, Object] @ http://localhost:5175/src/features/exam/petRw/ReadingPetRwTest.tsx?t=1785417936653:288
[ 2874166ms] [TABLE] [Object, Object, Object, Object, Object] @ http://localhost:5175/src/features/exam/petRw/ReadingPetRwTest.tsx?t=1785417936653:288
[ 2876164ms] [TABLE] [Object, Object, Object, Object, Object] @ http://localhost:5175/src/features/exam/petRw/ReadingPetRwTest.tsx?t=1785417936653:288
[ 2876165ms] [TABLE] [Object, Object, Object, Object, Object] @ http://localhost:5175/src/features/exam/petRw/ReadingPetRwTest.tsx?t=1785417936653:288
[ 2878171ms] Error: useAuth phải dùng bên trong <AuthProvider>
    at useAuth (http://localhost:5175/src/features/auth/AuthContext.tsx?t=1785417936653:199:19)
    at ProtectedRoute (http://localhost:5175/src/features/auth/ProtectedRoute.tsx?t=1785417936653:23:29)
    at renderWithHooks (http://localhost:5175/node_modules/.vite/deps/chunk-U3XUIKGL.js?v=943e1971:11548:26)
    at mountIndeterminateComponent (http://localhost:5175/node_modules/.vite/deps/chunk-U3XUIKGL.js?v=943e1971:14926:21)
    at beginWork (http://localhost:5175/node_modules/.vite/deps/chunk-U3XUIKGL.js?v=943e1971:15914:22)
    at HTMLUnknownElement.callCallback2 (http://localhost:5175/node_modules/.vite/deps/chunk-U3XUIKGL.js?v=943e1971:3674:22)
    at Object.invokeGuardedCallbackDev (http://localhost:5175/node_modules/.vite/deps/chunk-U3XUIKGL.js?v=943e1971:3699:24)
    at invokeGuardedCallback (http://localhost:5175/node_modules/.vite/deps/chunk-U3XUIKGL.js?v=943e1971:3733:39)
    at beginWork$1 (http://localhost:5175/node_modules/.vite/deps/chunk-U3XUIKGL.js?v=943e1971:19765:15)
    at performUnitOfWork (http://localhost:5175/node_modules/.vite/deps/chunk-U3XUIKGL.js?v=943e1971:19198:20)
[ 2878175ms] Error: useAuth phải dùng bên trong <AuthProvider>
    at useAuth (http://localhost:5175/src/features/auth/AuthContext.tsx?t=1785417936653:199:19)
    at ProtectedRoute (http://localhost:5175/src/features/auth/ProtectedRoute.tsx?t=1785417936653:23:29)
    at renderWithHooks (http://localhost:5175/node_modules/.vite/deps/chunk-U3XUIKGL.js?v=943e1971:11548:26)
    at mountIndeterminateComponent (http://localhost:5175/node_modules/.vite/deps/chunk-U3XUIKGL.js?v=943e1971:14926:21)
    at beginWork (http://localhost:5175/node_modules/.vite/deps/chunk-U3XUIKGL.js?v=943e1971:15914:22)
    at HTMLUnknownElement.callCallback2 (http://localhost:5175/node_modules/.vite/deps/chunk-U3XUIKGL.js?v=943e1971:3674:22)
    at Object.invokeGuardedCallbackDev (http://localhost:5175/node_modules/.vite/deps/chunk-U3XUIKGL.js?v=943e1971:3699:24)
    at invokeGuardedCallback (http://localhost:5175/node_modules/.vite/deps/chunk-U3XUIKGL.js?v=943e1971:3733:39)
    at beginWork$1 (http://localhost:5175/node_modules/.vite/deps/chunk-U3XUIKGL.js?v=943e1971:19765:15)
    at performUnitOfWork (http://localhost:5175/node_modules/.vite/deps/chunk-U3XUIKGL.js?v=943e1971:19198:20)
[ 2878176ms] [ERROR] The above error occurred in the <ProtectedRoute> component:

    at ProtectedRoute (http://localhost:5175/src/features/auth/ProtectedRoute.tsx?t=1785417936653:21:42)
    at RenderedRoute (http://localhost:5175/node_modules/.vite/deps/react-router-dom.js?v=943e1971:4122:5)
    at Routes (http://localhost:5175/node_modules/.vite/deps/react-router-dom.js?v=943e1971:4592:5)
    at Suspense
    at App (http://localhost:5175/src/App.tsx?t=1785417936653:125:3)
    at AuthProvider (http://localhost:5175/src/features/auth/AuthContext.tsx?t=1785418005629:46:32)
    at Router (http://localhost:5175/node_modules/.vite/deps/react-router-dom.js?v=943e1971:4535:15)
    at BrowserRouter (http://localhost:5175/node_modules/.vite/deps/react-router-dom.js?v=943e1971:5273:5)

Consider adding an error boundary to your tree to customize error handling behavior.
Visit https://reactjs.org/link/error-boundaries to learn more about error boundaries. @ http://localhost:5175/node_modules/.vite/deps/chunk-U3XUIKGL.js?v=943e1971:14031
[ 2878182ms] Error: useAuth phải dùng bên trong <AuthProvider>
    at useAuth (http://localhost:5175/src/features/auth/AuthContext.tsx?t=1785417936653:199:19)
    at ProtectedRoute (http://localhost:5175/src/features/auth/ProtectedRoute.tsx?t=1785417936653:23:29)
    at renderWithHooks (http://localhost:5175/node_modules/.vite/deps/chunk-U3XUIKGL.js?v=943e1971:11548:26)
    at mountIndeterminateComponent (http://localhost:5175/node_modules/.vite/deps/chunk-U3XUIKGL.js?v=943e1971:14926:21)
    at beginWork (http://localhost:5175/node_modules/.vite/deps/chunk-U3XUIKGL.js?v=943e1971:15914:22)
    at beginWork$1 (http://localhost:5175/node_modules/.vite/deps/chunk-U3XUIKGL.js?v=943e1971:19753:22)
    at performUnitOfWork (http://localhost:5175/node_modules/.vite/deps/chunk-U3XUIKGL.js?v=943e1971:19198:20)
    at workLoopSync (http://localhost:5175/node_modules/.vite/deps/chunk-U3XUIKGL.js?v=943e1971:19137:13)
    at renderRootSync (http://localhost:5175/node_modules/.vite/deps/chunk-U3XUIKGL.js?v=943e1971:19116:15)
    at recoverFromConcurrentError (http://localhost:5175/node_modules/.vite/deps/chunk-U3XUIKGL.js?v=943e1971:18736:28)
[ 2878401ms] [INFO] %cDownload the React DevTools for a better development experience: https://reactjs.org/link/react-devtools font-weight:bold @ http://localhost:5175/node_modules/.vite/deps/chunk-U3XUIKGL.js?v=943e1971:21550
[ 2878430ms] [WARNING] ⚠️ React Router Future Flag Warning: React Router will begin wrapping state updates in `React.startTransition` in v7. You can use the `v7_startTransition` future flag to opt-in early. For more information, see https://reactrouter.com/v6/upgrading/future#v7_starttransition. @ http://localhost:5175/node_modules/.vite/deps/react-router-dom.js?v=943e1971:4426
[ 2878431ms] [WARNING] ⚠️ React Router Future Flag Warning: Relative route resolution within Splat routes is changing in v7. You can use the `v7_relativeSplatPath` future flag to opt-in early. For more information, see https://reactrouter.com/v6/upgrading/future#v7_relativesplatpath. @ http://localhost:5175/node_modules/.vite/deps/react-router-dom.js?v=943e1971:4426
[ 2878442ms] [WARNING] <meta name="apple-mobile-web-app-capable" content="yes"> is deprecated. Please include <meta name="mobile-web-app-capable" content="yes"> @ http://localhost:5175/app/exam/reading/catalog-reading-pet-b1-test16:0
[ 2879350ms] [TABLE] [Object, Object, Object, Object, Object] @ http://localhost:5175/src/features/exam/petRw/ReadingPetRwTest.tsx?t=1785418005629:288
[ 2879350ms] [TABLE] [Object, Object, Object, Object, Object] @ http://localhost:5175/src/features/exam/petRw/ReadingPetRwTest.tsx?t=1785418005629:288
[ 2879359ms] [TABLE] [Object, Object, Object, Object, Object] @ http://localhost:5175/src/features/exam/petRw/ReadingPetRwTest.tsx?t=1785418005629:288
[ 2879359ms] [TABLE] [Object, Object, Object, Object, Object] @ http://localhost:5175/src/features/exam/petRw/ReadingPetRwTest.tsx?t=1785418005629:288
[ 2881155ms] [TABLE] [Object, Object, Object, Object, Object] @ http://localhost:5175/src/features/exam/petRw/ReadingPetRwTest.tsx?t=1785418005629:288
[ 2881156ms] [TABLE] [Object, Object, Object, Object, Object] @ http://localhost:5175/src/features/exam/petRw/ReadingPetRwTest.tsx?t=1785418005629:288
[ 2883156ms] [TABLE] [Object, Object, Object, Object, Object] @ http://localhost:5175/src/features/exam/petRw/ReadingPetRwTest.tsx?t=1785418005629:288
[ 2883156ms] [TABLE] [Object, Object, Object, Object, Object] @ http://localhost:5175/src/features/exam/petRw/ReadingPetRwTest.tsx?t=1785418005629:288
[ 2885158ms] [TABLE] [Object, Object, Object, Object, Object] @ http://localhost:5175/src/features/exam/petRw/ReadingPetRwTest.tsx?t=1785418005629:288
[ 2885159ms] [TABLE] [Object, Object, Object, Object, Object] @ http://localhost:5175/src/features/exam/petRw/ReadingPetRwTest.tsx?t=1785418005629:288
[ 2887158ms] [TABLE] [Object, Object, Object, Object, Object] @ http://localhost:5175/src/features/exam/petRw/ReadingPetRwTest.tsx?t=1785418005629:288
[ 2887158ms] [TABLE] [Object, Object, Object, Object, Object] @ http://localhost:5175/src/features/exam/petRw/ReadingPetRwTest.tsx?t=1785418005629:288
[ 2889161ms] [TABLE] [Object, Object, Object, Object, Object] @ http://localhost:5175/src/features/exam/petRw/ReadingPetRwTest.tsx?t=1785418005629:288
[ 2889163ms] [TABLE] [Object, Object, Object, Object, Object] @ http://localhost:5175/src/features/exam/petRw/ReadingPetRwTest.tsx?t=1785418005629:288
[ 2891162ms] [TABLE] [Object, Object, Object, Object, Object] @ http://localhost:5175/src/features/exam/petRw/ReadingPetRwTest.tsx?t=1785418005629:288
[ 2891163ms] [TABLE] [Object, Object, Object, Object, Object] @ http://localhost:5175/src/features/exam/petRw/ReadingPetRwTest.tsx?t=1785418005629:288
[ 2893165ms] [TABLE] [Object, Object, Object, Object, Object] @ http://localhost:5175/src/features/exam/petRw/ReadingPetRwTest.tsx?t=1785418005629:288
[ 2893166ms] [TABLE] [Object, Object, Object, Object, Object] @ http://localhost:5175/src/features/exam/petRw/ReadingPetRwTest.tsx?t=1785418005629:288
[ 2895156ms] [TABLE] [Object, Object, Object, Object, Object] @ http://localhost:5175/src/features/exam/petRw/ReadingPetRwTest.tsx?t=1785418005629:288
[ 2895157ms] [TABLE] [Object, Object, Object, Object, Object] @ http://localhost:5175/src/features/exam/petRw/ReadingPetRwTest.tsx?t=1785418005629:288
[ 2897156ms] [TABLE] [Object, Object, Object, Object, Object] @ http://localhost:5175/src/features/exam/petRw/ReadingPetRwTest.tsx?t=1785418005629:288
[ 2897157ms] [TABLE] [Object, Object, Object, Object, Object] @ http://localhost:5175/src/features/exam/petRw/ReadingPetRwTest.tsx?t=1785418005629:288
[ 2899157ms] [TABLE] [Object, Object, Object, Object, Object] @ http://localhost:5175/src/features/exam/petRw/ReadingPetRwTest.tsx?t=1785418005629:288
[ 2899157ms] [TABLE] [Object, Object, Object, Object, Object] @ http://localhost:5175/src/features/exam/petRw/ReadingPetRwTest.tsx?t=1785418005629:288
[ 2901156ms] [TABLE] [Object, Object, Object, Object, Object] @ http://localhost:5175/src/features/exam/petRw/ReadingPetRwTest.tsx?t=1785418005629:288
[ 2901156ms] [TABLE] [Object, Object, Object, Object, Object] @ http://localhost:5175/src/features/exam/petRw/ReadingPetRwTest.tsx?t=1785418005629:288
[ 2903166ms] [TABLE] [Object, Object, Object, Object, Object] @ http://localhost:5175/src/features/exam/petRw/ReadingPetRwTest.tsx?t=1785418005629:288
[ 2903166ms] [TABLE] [Object, Object, Object, Object, Object] @ http://localhost:5175/src/features/exam/petRw/ReadingPetRwTest.tsx?t=1785418005629:288
[ 2905155ms] [TABLE] [Object, Object, Object, Object, Object] @ http://localhost:5175/src/features/exam/petRw/ReadingPetRwTest.tsx?t=1785418005629:288
[ 2905155ms] [TABLE] [Object, Object, Object, Object, Object] @ http://localhost:5175/src/features/exam/petRw/ReadingPetRwTest.tsx?t=1785418005629:288
[ 2907160ms] [TABLE] [Object, Object, Object, Object, Object] @ http://localhost:5175/src/features/exam/petRw/ReadingPetRwTest.tsx?t=1785418005629:288
[ 2907161ms] [TABLE] [Object, Object, Object, Object, Object] @ http://localhost:5175/src/features/exam/petRw/ReadingPetRwTest.tsx?t=1785418005629:288
[ 2909156ms] [TABLE] [Object, Object, Object, Object, Object] @ http://localhost:5175/src/features/exam/petRw/ReadingPetRwTest.tsx?t=1785418005629:288
[ 2909156ms] [TABLE] [Object, Object, Object, Object, Object] @ http://localhost:5175/src/features/exam/petRw/ReadingPetRwTest.tsx?t=1785418005629:288
[ 2911164ms] [TABLE] [Object, Object, Object, Object, Object] @ http://localhost:5175/src/features/exam/petRw/ReadingPetRwTest.tsx?t=1785418005629:288
[ 2911165ms] [TABLE] [Object, Object, Object, Object, Object] @ http://localhost:5175/src/features/exam/petRw/ReadingPetRwTest.tsx?t=1785418005629:288
[ 2913160ms] Error: useAuth phải dùng bên trong <AuthProvider>
    at useAuth (http://localhost:5175/src/features/auth/AuthContext.tsx?t=1785418005629:199:19)
    at ProtectedRoute (http://localhost:5175/src/features/auth/ProtectedRoute.tsx?t=1785418005629:23:29)
    at renderWithHooks (http://localhost:5175/node_modules/.vite/deps/chunk-U3XUIKGL.js?v=943e1971:11548:26)
    at mountIndeterminateComponent (http://localhost:5175/node_modules/.vite/deps/chunk-U3XUIKGL.js?v=943e1971:14926:21)
    at beginWork (http://localhost:5175/node_modules/.vite/deps/chunk-U3XUIKGL.js?v=943e1971:15914:22)
    at HTMLUnknownElement.callCallback2 (http://localhost:5175/node_modules/.vite/deps/chunk-U3XUIKGL.js?v=943e1971:3674:22)
    at Object.invokeGuardedCallbackDev (http://localhost:5175/node_modules/.vite/deps/chunk-U3XUIKGL.js?v=943e1971:3699:24)
    at invokeGuardedCallback (http://localhost:5175/node_modules/.vite/deps/chunk-U3XUIKGL.js?v=943e1971:3733:39)
    at beginWork$1 (http://localhost:5175/node_modules/.vite/deps/chunk-U3XUIKGL.js?v=943e1971:19765:15)
    at performUnitOfWork (http://localhost:5175/node_modules/.vite/deps/chunk-U3XUIKGL.js?v=943e1971:19198:20)
[ 2913163ms] Error: useAuth phải dùng bên trong <AuthProvider>
    at useAuth (http://localhost:5175/src/features/auth/AuthContext.tsx?t=1785418005629:199:19)
    at ProtectedRoute (http://localhost:5175/src/features/auth/ProtectedRoute.tsx?t=1785418005629:23:29)
    at renderWithHooks (http://localhost:5175/node_modules/.vite/deps/chunk-U3XUIKGL.js?v=943e1971:11548:26)
    at mountIndeterminateComponent (http://localhost:5175/node_modules/.vite/deps/chunk-U3XUIKGL.js?v=943e1971:14926:21)
    at beginWork (http://localhost:5175/node_modules/.vite/deps/chunk-U3XUIKGL.js?v=943e1971:15914:22)
    at HTMLUnknownElement.callCallback2 (http://localhost:5175/node_modules/.vite/deps/chunk-U3XUIKGL.js?v=943e1971:3674:22)
    at Object.invokeGuardedCallbackDev (http://localhost:5175/node_modules/.vite/deps/chunk-U3XUIKGL.js?v=943e1971:3699:24)
    at invokeGuardedCallback (http://localhost:5175/node_modules/.vite/deps/chunk-U3XUIKGL.js?v=943e1971:3733:39)
    at beginWork$1 (http://localhost:5175/node_modules/.vite/deps/chunk-U3XUIKGL.js?v=943e1971:19765:15)
    at performUnitOfWork (http://localhost:5175/node_modules/.vite/deps/chunk-U3XUIKGL.js?v=943e1971:19198:20)
[ 2913163ms] [ERROR] The above error occurred in the <ProtectedRoute> component:

    at ProtectedRoute (http://localhost:5175/src/features/auth/ProtectedRoute.tsx?t=1785418005629:21:42)
    at RenderedRoute (http://localhost:5175/node_modules/.vite/deps/react-router-dom.js?v=943e1971:4122:5)
    at Routes (http://localhost:5175/node_modules/.vite/deps/react-router-dom.js?v=943e1971:4592:5)
    at Suspense
    at App (http://localhost:5175/src/App.tsx?t=1785418005629:125:3)
    at AuthProvider (http://localhost:5175/src/features/auth/AuthContext.tsx?t=1785418040751:46:32)
    at Router (http://localhost:5175/node_modules/.vite/deps/react-router-dom.js?v=943e1971:4535:15)
    at BrowserRouter (http://localhost:5175/node_modules/.vite/deps/react-router-dom.js?v=943e1971:5273:5)

Consider adding an error boundary to your tree to customize error handling behavior.
Visit https://reactjs.org/link/error-boundaries to learn more about error boundaries. @ http://localhost:5175/node_modules/.vite/deps/chunk-U3XUIKGL.js?v=943e1971:14031
[ 2913169ms] Error: useAuth phải dùng bên trong <AuthProvider>
    at useAuth (http://localhost:5175/src/features/auth/AuthContext.tsx?t=1785418005629:199:19)
    at ProtectedRoute (http://localhost:5175/src/features/auth/ProtectedRoute.tsx?t=1785418005629:23:29)
    at renderWithHooks (http://localhost:5175/node_modules/.vite/deps/chunk-U3XUIKGL.js?v=943e1971:11548:26)
    at mountIndeterminateComponent (http://localhost:5175/node_modules/.vite/deps/chunk-U3XUIKGL.js?v=943e1971:14926:21)
    at beginWork (http://localhost:5175/node_modules/.vite/deps/chunk-U3XUIKGL.js?v=943e1971:15914:22)
    at beginWork$1 (http://localhost:5175/node_modules/.vite/deps/chunk-U3XUIKGL.js?v=943e1971:19753:22)
    at performUnitOfWork (http://localhost:5175/node_modules/.vite/deps/chunk-U3XUIKGL.js?v=943e1971:19198:20)
    at workLoopSync (http://localhost:5175/node_modules/.vite/deps/chunk-U3XUIKGL.js?v=943e1971:19137:13)
    at renderRootSync (http://localhost:5175/node_modules/.vite/deps/chunk-U3XUIKGL.js?v=943e1971:19116:15)
    at recoverFromConcurrentError (http://localhost:5175/node_modules/.vite/deps/chunk-U3XUIKGL.js?v=943e1971:18736:28)
[ 2913378ms] [INFO] %cDownload the React DevTools for a better development experience: https://reactjs.org/link/react-devtools font-weight:bold @ http://localhost:5175/node_modules/.vite/deps/chunk-U3XUIKGL.js?v=943e1971:21550
[ 2913410ms] [WARNING] ⚠️ React Router Future Flag Warning: React Router will begin wrapping state updates in `React.startTransition` in v7. You can use the `v7_startTransition` future flag to opt-in early. For more information, see https://reactrouter.com/v6/upgrading/future#v7_starttransition. @ http://localhost:5175/node_modules/.vite/deps/react-router-dom.js?v=943e1971:4426
[ 2913410ms] [WARNING] ⚠️ React Router Future Flag Warning: Relative route resolution within Splat routes is changing in v7. You can use the `v7_relativeSplatPath` future flag to opt-in early. For more information, see https://reactrouter.com/v6/upgrading/future#v7_relativesplatpath. @ http://localhost:5175/node_modules/.vite/deps/react-router-dom.js?v=943e1971:4426
[ 2913418ms] [WARNING] <meta name="apple-mobile-web-app-capable" content="yes"> is deprecated. Please include <meta name="mobile-web-app-capable" content="yes"> @ http://localhost:5175/app/exam/reading/catalog-reading-pet-b1-test16:0
[ 2914257ms] [TABLE] [Object, Object, Object, Object, Object] @ http://localhost:5175/src/features/exam/petRw/ReadingPetRwTest.tsx?t=1785418040751:288
[ 2914258ms] [TABLE] [Object, Object, Object, Object, Object] @ http://localhost:5175/src/features/exam/petRw/ReadingPetRwTest.tsx?t=1785418040751:288
[ 2914266ms] [TABLE] [Object, Object, Object, Object, Object] @ http://localhost:5175/src/features/exam/petRw/ReadingPetRwTest.tsx?t=1785418040751:288
[ 2914267ms] [TABLE] [Object, Object, Object, Object, Object] @ http://localhost:5175/src/features/exam/petRw/ReadingPetRwTest.tsx?t=1785418040751:288
[ 2916157ms] [TABLE] [Object, Object, Object, Object, Object] @ http://localhost:5175/src/features/exam/petRw/ReadingPetRwTest.tsx?t=1785418040751:288
[ 2916158ms] [TABLE] [Object, Object, Object, Object, Object] @ http://localhost:5175/src/features/exam/petRw/ReadingPetRwTest.tsx?t=1785418040751:288
[ 2918171ms] [TABLE] [Object, Object, Object, Object, Object] @ http://localhost:5175/src/features/exam/petRw/ReadingPetRwTest.tsx?t=1785418040751:288
[ 2918172ms] [TABLE] [Object, Object, Object, Object, Object] @ http://localhost:5175/src/features/exam/petRw/ReadingPetRwTest.tsx?t=1785418040751:288
[ 2920156ms] [TABLE] [Object, Object, Object, Object, Object] @ http://localhost:5175/src/features/exam/petRw/ReadingPetRwTest.tsx?t=1785418040751:288
[ 2920156ms] [TABLE] [Object, Object, Object, Object, Object] @ http://localhost:5175/src/features/exam/petRw/ReadingPetRwTest.tsx?t=1785418040751:288
[ 2922156ms] [TABLE] [Object, Object, Object, Object, Object] @ http://localhost:5175/src/features/exam/petRw/ReadingPetRwTest.tsx?t=1785418040751:288
[ 2922156ms] [TABLE] [Object, Object, Object, Object, Object] @ http://localhost:5175/src/features/exam/petRw/ReadingPetRwTest.tsx?t=1785418040751:288
[ 2924157ms] [TABLE] [Object, Object, Object, Object, Object] @ http://localhost:5175/src/features/exam/petRw/ReadingPetRwTest.tsx?t=1785418040751:288
[ 2924158ms] [TABLE] [Object, Object, Object, Object, Object] @ http://localhost:5175/src/features/exam/petRw/ReadingPetRwTest.tsx?t=1785418040751:288
[ 2926156ms] [TABLE] [Object, Object, Object, Object, Object] @ http://localhost:5175/src/features/exam/petRw/ReadingPetRwTest.tsx?t=1785418040751:288
[ 2926156ms] [TABLE] [Object, Object, Object, Object, Object] @ http://localhost:5175/src/features/exam/petRw/ReadingPetRwTest.tsx?t=1785418040751:288
[ 2928161ms] [TABLE] [Object, Object, Object, Object, Object] @ http://localhost:5175/src/features/exam/petRw/ReadingPetRwTest.tsx?t=1785418040751:288
[ 2928161ms] [TABLE] [Object, Object, Object, Object, Object] @ http://localhost:5175/src/features/exam/petRw/ReadingPetRwTest.tsx?t=1785418040751:288
[ 2930164ms] [TABLE] [Object, Object, Object, Object, Object] @ http://localhost:5175/src/features/exam/petRw/ReadingPetRwTest.tsx?t=1785418040751:288
[ 2930164ms] [TABLE] [Object, Object, Object, Object, Object] @ http://localhost:5175/src/features/exam/petRw/ReadingPetRwTest.tsx?t=1785418040751:288
[ 2932166ms] [TABLE] [Object, Object, Object, Object, Object] @ http://localhost:5175/src/features/exam/petRw/ReadingPetRwTest.tsx?t=1785418040751:288
[ 2932166ms] [TABLE] [Object, Object, Object, Object, Object] @ http://localhost:5175/src/features/exam/petRw/ReadingPetRwTest.tsx?t=1785418040751:288
[ 2934169ms] [TABLE] [Object, Object, Object, Object, Object] @ http://localhost:5175/src/features/exam/petRw/ReadingPetRwTest.tsx?t=1785418040751:288
[ 2934169ms] [TABLE] [Object, Object, Object, Object, Object] @ http://localhost:5175/src/features/exam/petRw/ReadingPetRwTest.tsx?t=1785418040751:288
[ 2936156ms] [TABLE] [Object, Object, Object, Object, Object] @ http://localhost:5175/src/features/exam/petRw/ReadingPetRwTest.tsx?t=1785418040751:288
[ 2936156ms] [TABLE] [Object, Object, Object, Object, Object] @ http://localhost:5175/src/features/exam/petRw/ReadingPetRwTest.tsx?t=1785418040751:288
[ 2938164ms] [TABLE] [Object, Object, Object, Object, Object] @ http://localhost:5175/src/features/exam/petRw/ReadingPetRwTest.tsx?t=1785418040751:288
[ 2938165ms] [TABLE] [Object, Object, Object, Object, Object] @ http://localhost:5175/src/features/exam/petRw/ReadingPetRwTest.tsx?t=1785418040751:288
[ 2940156ms] [TABLE] [Object, Object, Object, Object, Object] @ http://localhost:5175/src/features/exam/petRw/ReadingPetRwTest.tsx?t=1785418040751:288
[ 2940156ms] [TABLE] [Object, Object, Object, Object, Object] @ http://localhost:5175/src/features/exam/petRw/ReadingPetRwTest.tsx?t=1785418040751:288
[ 2942168ms] [TABLE] [Object, Object, Object, Object, Object] @ http://localhost:5175/src/features/exam/petRw/ReadingPetRwTest.tsx?t=1785418040751:288
[ 2942169ms] [TABLE] [Object, Object, Object, Object, Object] @ http://localhost:5175/src/features/exam/petRw/ReadingPetRwTest.tsx?t=1785418040751:288
[ 2944162ms] [TABLE] [Object, Object, Object, Object, Object] @ http://localhost:5175/src/features/exam/petRw/ReadingPetRwTest.tsx?t=1785418040751:288
[ 2944163ms] [TABLE] [Object, Object, Object, Object, Object] @ http://localhost:5175/src/features/exam/petRw/ReadingPetRwTest.tsx?t=1785418040751:288
[ 2946163ms] [TABLE] [Object, Object, Object, Object, Object] @ http://localhost:5175/src/features/exam/petRw/ReadingPetRwTest.tsx?t=1785418040751:288
[ 2946164ms] [TABLE] [Object, Object, Object, Object, Object] @ http://localhost:5175/src/features/exam/petRw/ReadingPetRwTest.tsx?t=1785418040751:288
[ 2948162ms] [TABLE] [Object, Object, Object, Object, Object] @ http://localhost:5175/src/features/exam/petRw/ReadingPetRwTest.tsx?t=1785418040751:288
[ 2948163ms] [TABLE] [Object, Object, Object, Object, Object] @ http://localhost:5175/src/features/exam/petRw/ReadingPetRwTest.tsx?t=1785418040751:288
[ 2950163ms] [TABLE] [Object, Object, Object, Object, Object] @ http://localhost:5175/src/features/exam/petRw/ReadingPetRwTest.tsx?t=1785418040751:288
[ 2950164ms] [TABLE] [Object, Object, Object, Object, Object] @ http://localhost:5175/src/features/exam/petRw/ReadingPetRwTest.tsx?t=1785418040751:288
[ 2952166ms] [TABLE] [Object, Object, Object, Object, Object] @ http://localhost:5175/src/features/exam/petRw/ReadingPetRwTest.tsx?t=1785418040751:288
[ 2952166ms] [TABLE] [Object, Object, Object, Object, Object] @ http://localhost:5175/src/features/exam/petRw/ReadingPetRwTest.tsx?t=1785418040751:288
[ 2954160ms] [TABLE] [Object, Object, Object, Object, Object] @ http://localhost:5175/src/features/exam/petRw/ReadingPetRwTest.tsx?t=1785418040751:288
[ 2954160ms] [TABLE] [Object, Object, Object, Object, Object] @ http://localhost:5175/src/features/exam/petRw/ReadingPetRwTest.tsx?t=1785418040751:288
[ 2956170ms] [TABLE] [Object, Object, Object, Object, Object] @ http://localhost:5175/src/features/exam/petRw/ReadingPetRwTest.tsx?t=1785418040751:288
[ 2956171ms] [TABLE] [Object, Object, Object, Object, Object] @ http://localhost:5175/src/features/exam/petRw/ReadingPetRwTest.tsx?t=1785418040751:288
[ 2958156ms] [TABLE] [Object, Object, Object, Object, Object] @ http://localhost:5175/src/features/exam/petRw/ReadingPetRwTest.tsx?t=1785418040751:288
[ 2958156ms] [TABLE] [Object, Object, Object, Object, Object] @ http://localhost:5175/src/features/exam/petRw/ReadingPetRwTest.tsx?t=1785418040751:288
[ 2960157ms] [TABLE] [Object, Object, Object, Object, Object] @ http://localhost:5175/src/features/exam/petRw/ReadingPetRwTest.tsx?t=1785418040751:288
[ 2960158ms] [TABLE] [Object, Object, Object, Object, Object] @ http://localhost:5175/src/features/exam/petRw/ReadingPetRwTest.tsx?t=1785418040751:288
[ 2962159ms] [TABLE] [Object, Object, Object, Object, Object] @ http://localhost:5175/src/features/exam/petRw/ReadingPetRwTest.tsx?t=1785418040751:288
[ 2962160ms] [TABLE] [Object, Object, Object, Object, Object] @ http://localhost:5175/src/features/exam/petRw/ReadingPetRwTest.tsx?t=1785418040751:288
[ 2964161ms] [TABLE] [Object, Object, Object, Object, Object] @ http://localhost:5175/src/features/exam/petRw/ReadingPetRwTest.tsx?t=1785418040751:288
[ 2964161ms] [TABLE] [Object, Object, Object, Object, Object] @ http://localhost:5175/src/features/exam/petRw/ReadingPetRwTest.tsx?t=1785418040751:288
[ 2966163ms] [TABLE] [Object, Object, Object, Object, Object] @ http://localhost:5175/src/features/exam/petRw/ReadingPetRwTest.tsx?t=1785418040751:288
[ 2966163ms] [TABLE] [Object, Object, Object, Object, Object] @ http://localhost:5175/src/features/exam/petRw/ReadingPetRwTest.tsx?t=1785418040751:288
[ 2968171ms] [TABLE] [Object, Object, Object, Object, Object] @ http://localhost:5175/src/features/exam/petRw/ReadingPetRwTest.tsx?t=1785418040751:288
[ 2968172ms] [TABLE] [Object, Object, Object, Object, Object] @ http://localhost:5175/src/features/exam/petRw/ReadingPetRwTest.tsx?t=1785418040751:288
[ 2970164ms] [TABLE] [Object, Object, Object, Object, Object] @ http://localhost:5175/src/features/exam/petRw/ReadingPetRwTest.tsx?t=1785418040751:288
[ 2970164ms] [TABLE] [Object, Object, Object, Object, Object] @ http://localhost:5175/src/features/exam/petRw/ReadingPetRwTest.tsx?t=1785418040751:288
[ 2972168ms] [TABLE] [Object, Object, Object, Object, Object] @ http://localhost:5175/src/features/exam/petRw/ReadingPetRwTest.tsx?t=1785418040751:288
[ 2972168ms] [TABLE] [Object, Object, Object, Object, Object] @ http://localhost:5175/src/features/exam/petRw/ReadingPetRwTest.tsx?t=1785418040751:288
[ 2974160ms] [TABLE] [Object, Object, Object, Object, Object] @ http://localhost:5175/src/features/exam/petRw/ReadingPetRwTest.tsx?t=1785418040751:288
[ 2974161ms] [TABLE] [Object, Object, Object, Object, Object] @ http://localhost:5175/src/features/exam/petRw/ReadingPetRwTest.tsx?t=1785418040751:288
[ 2976168ms] [TABLE] [Object, Object, Object, Object, Object] @ http://localhost:5175/src/features/exam/petRw/ReadingPetRwTest.tsx?t=1785418040751:288
[ 2976168ms] [TABLE] [Object, Object, Object, Object, Object] @ http://localhost:5175/src/features/exam/petRw/ReadingPetRwTest.tsx?t=1785418040751:288
[ 2978156ms] [TABLE] [Object, Object, Object, Object, Object] @ http://localhost:5175/src/features/exam/petRw/ReadingPetRwTest.tsx?t=1785418040751:288
[ 2978157ms] [TABLE] [Object, Object, Object, Object, Object] @ http://localhost:5175/src/features/exam/petRw/ReadingPetRwTest.tsx?t=1785418040751:288
[ 2980169ms] [TABLE] [Object, Object, Object, Object, Object] @ http://localhost:5175/src/features/exam/petRw/ReadingPetRwTest.tsx?t=1785418040751:288
[ 2980169ms] [TABLE] [Object, Object, Object, Object, Object] @ http://localhost:5175/src/features/exam/petRw/ReadingPetRwTest.tsx?t=1785418040751:288
[ 2982160ms] [TABLE] [Object, Object, Object, Object, Object] @ http://localhost:5175/src/features/exam/petRw/ReadingPetRwTest.tsx?t=1785418040751:288
[ 2982161ms] [TABLE] [Object, Object, Object, Object, Object] @ http://localhost:5175/src/features/exam/petRw/ReadingPetRwTest.tsx?t=1785418040751:288
[ 2984159ms] [TABLE] [Object, Object, Object, Object, Object] @ http://localhost:5175/src/features/exam/petRw/ReadingPetRwTest.tsx?t=1785418040751:288
[ 2984160ms] [TABLE] [Object, Object, Object, Object, Object] @ http://localhost:5175/src/features/exam/petRw/ReadingPetRwTest.tsx?t=1785418040751:288
[ 2986159ms] [TABLE] [Object, Object, Object, Object, Object] @ http://localhost:5175/src/features/exam/petRw/ReadingPetRwTest.tsx?t=1785418040751:288
[ 2986159ms] [TABLE] [Object, Object, Object, Object, Object] @ http://localhost:5175/src/features/exam/petRw/ReadingPetRwTest.tsx?t=1785418040751:288
[ 2988157ms] [TABLE] [Object, Object, Object, Object, Object] @ http://localhost:5175/src/features/exam/petRw/ReadingPetRwTest.tsx?t=1785418040751:288
[ 2988157ms] [TABLE] [Object, Object, Object, Object, Object] @ http://localhost:5175/src/features/exam/petRw/ReadingPetRwTest.tsx?t=1785418040751:288
[ 2990161ms] [TABLE] [Object, Object, Object, Object, Object] @ http://localhost:5175/src/features/exam/petRw/ReadingPetRwTest.tsx?t=1785418040751:288
[ 2990162ms] [TABLE] [Object, Object, Object, Object, Object] @ http://localhost:5175/src/features/exam/petRw/ReadingPetRwTest.tsx?t=1785418040751:288
[ 2992160ms] [TABLE] [Object, Object, Object, Object, Object] @ http://localhost:5175/src/features/exam/petRw/ReadingPetRwTest.tsx?t=1785418040751:288
[ 2992161ms] [TABLE] [Object, Object, Object, Object, Object] @ http://localhost:5175/src/features/exam/petRw/ReadingPetRwTest.tsx?t=1785418040751:288
[ 2994168ms] [TABLE] [Object, Object, Object, Object, Object] @ http://localhost:5175/src/features/exam/petRw/ReadingPetRwTest.tsx?t=1785418040751:288
[ 2994169ms] [TABLE] [Object, Object, Object, Object, Object] @ http://localhost:5175/src/features/exam/petRw/ReadingPetRwTest.tsx?t=1785418040751:288
[ 2996161ms] [TABLE] [Object, Object, Object, Object, Object] @ http://localhost:5175/src/features/exam/petRw/ReadingPetRwTest.tsx?t=1785418040751:288
[ 2996162ms] [TABLE] [Object, Object, Object, Object, Object] @ http://localhost:5175/src/features/exam/petRw/ReadingPetRwTest.tsx?t=1785418040751:288
[ 2998155ms] [TABLE] [Object, Object, Object, Object, Object] @ http://localhost:5175/src/features/exam/petRw/ReadingPetRwTest.tsx?t=1785418040751:288
[ 2998156ms] [TABLE] [Object, Object, Object, Object, Object] @ http://localhost:5175/src/features/exam/petRw/ReadingPetRwTest.tsx?t=1785418040751:288
[ 3000162ms] [TABLE] [Object, Object, Object, Object, Object] @ http://localhost:5175/src/features/exam/petRw/ReadingPetRwTest.tsx?t=1785418040751:288
[ 3000163ms] [TABLE] [Object, Object, Object, Object, Object] @ http://localhost:5175/src/features/exam/petRw/ReadingPetRwTest.tsx?t=1785418040751:288
[ 3002156ms] [TABLE] [Object, Object, Object, Object, Object] @ http://localhost:5175/src/features/exam/petRw/ReadingPetRwTest.tsx?t=1785418040751:288
[ 3002156ms] [TABLE] [Object, Object, Object, Object, Object] @ http://localhost:5175/src/features/exam/petRw/ReadingPetRwTest.tsx?t=1785418040751:288
[ 3004156ms] [TABLE] [Object, Object, Object, Object, Object] @ http://localhost:5175/src/features/exam/petRw/ReadingPetRwTest.tsx?t=1785418040751:288
[ 3004156ms] [TABLE] [Object, Object, Object, Object, Object] @ http://localhost:5175/src/features/exam/petRw/ReadingPetRwTest.tsx?t=1785418040751:288
[ 3006160ms] [TABLE] [Object, Object, Object, Object, Object] @ http://localhost:5175/src/features/exam/petRw/ReadingPetRwTest.tsx?t=1785418040751:288
[ 3006161ms] [TABLE] [Object, Object, Object, Object, Object] @ http://localhost:5175/src/features/exam/petRw/ReadingPetRwTest.tsx?t=1785418040751:288
[ 3008164ms] [TABLE] [Object, Object, Object, Object, Object] @ http://localhost:5175/src/features/exam/petRw/ReadingPetRwTest.tsx?t=1785418040751:288
[ 3008165ms] [TABLE] [Object, Object, Object, Object, Object] @ http://localhost:5175/src/features/exam/petRw/ReadingPetRwTest.tsx?t=1785418040751:288
[ 3010161ms] [TABLE] [Object, Object, Object, Object, Object] @ http://localhost:5175/src/features/exam/petRw/ReadingPetRwTest.tsx?t=1785418040751:288
[ 3010162ms] [TABLE] [Object, Object, Object, Object, Object] @ http://localhost:5175/src/features/exam/petRw/ReadingPetRwTest.tsx?t=1785418040751:288
[ 3012167ms] [TABLE] [Object, Object, Object, Object, Object] @ http://localhost:5175/src/features/exam/petRw/ReadingPetRwTest.tsx?t=1785418040751:288
[ 3012167ms] [TABLE] [Object, Object, Object, Object, Object] @ http://localhost:5175/src/features/exam/petRw/ReadingPetRwTest.tsx?t=1785418040751:288
[ 3014167ms] [TABLE] [Object, Object, Object, Object, Object] @ http://localhost:5175/src/features/exam/petRw/ReadingPetRwTest.tsx?t=1785418040751:288
[ 3014168ms] [TABLE] [Object, Object, Object, Object, Object] @ http://localhost:5175/src/features/exam/petRw/ReadingPetRwTest.tsx?t=1785418040751:288
[ 3016167ms] [TABLE] [Object, Object, Object, Object, Object] @ http://localhost:5175/src/features/exam/petRw/ReadingPetRwTest.tsx?t=1785418040751:288
[ 3016168ms] [TABLE] [Object, Object, Object, Object, Object] @ http://localhost:5175/src/features/exam/petRw/ReadingPetRwTest.tsx?t=1785418040751:288
[ 3018157ms] [TABLE] [Object, Object, Object, Object, Object] @ http://localhost:5175/src/features/exam/petRw/ReadingPetRwTest.tsx?t=1785418040751:288
[ 3018157ms] [TABLE] [Object, Object, Object, Object, Object] @ http://localhost:5175/src/features/exam/petRw/ReadingPetRwTest.tsx?t=1785418040751:288
[ 3020157ms] [TABLE] [Object, Object, Object, Object, Object] @ http://localhost:5175/src/features/exam/petRw/ReadingPetRwTest.tsx?t=1785418040751:288
[ 3020157ms] [TABLE] [Object, Object, Object, Object, Object] @ http://localhost:5175/src/features/exam/petRw/ReadingPetRwTest.tsx?t=1785418040751:288
[ 3022168ms] [TABLE] [Object, Object, Object, Object, Object] @ http://localhost:5175/src/features/exam/petRw/ReadingPetRwTest.tsx?t=1785418040751:288
[ 3022168ms] [TABLE] [Object, Object, Object, Object, Object] @ http://localhost:5175/src/features/exam/petRw/ReadingPetRwTest.tsx?t=1785418040751:288
[ 3024159ms] [TABLE] [Object, Object, Object, Object, Object] @ http://localhost:5175/src/features/exam/petRw/ReadingPetRwTest.tsx?t=1785418040751:288
[ 3024160ms] [TABLE] [Object, Object, Object, Object, Object] @ http://localhost:5175/src/features/exam/petRw/ReadingPetRwTest.tsx?t=1785418040751:288
[ 3026162ms] [TABLE] [Object, Object, Object, Object, Object] @ http://localhost:5175/src/features/exam/petRw/ReadingPetRwTest.tsx?t=1785418040751:288
[ 3026162ms] [TABLE] [Object, Object, Object, Object, Object] @ http://localhost:5175/src/features/exam/petRw/ReadingPetRwTest.tsx?t=1785418040751:288
[ 3028166ms] [TABLE] [Object, Object, Object, Object, Object] @ http://localhost:5175/src/features/exam/petRw/ReadingPetRwTest.tsx?t=1785418040751:288
[ 3028167ms] [TABLE] [Object, Object, Object, Object, Object] @ http://localhost:5175/src/features/exam/petRw/ReadingPetRwTest.tsx?t=1785418040751:288
[ 3030157ms] [TABLE] [Object, Object, Object, Object, Object] @ http://localhost:5175/src/features/exam/petRw/ReadingPetRwTest.tsx?t=1785418040751:288
[ 3030158ms] [TABLE] [Object, Object, Object, Object, Object] @ http://localhost:5175/src/features/exam/petRw/ReadingPetRwTest.tsx?t=1785418040751:288
[ 3032166ms] [TABLE] [Object, Object, Object, Object, Object] @ http://localhost:5175/src/features/exam/petRw/ReadingPetRwTest.tsx?t=1785418040751:288
[ 3032166ms] [TABLE] [Object, Object, Object, Object, Object] @ http://localhost:5175/src/features/exam/petRw/ReadingPetRwTest.tsx?t=1785418040751:288
[ 3034157ms] [TABLE] [Object, Object, Object, Object, Object] @ http://localhost:5175/src/features/exam/petRw/ReadingPetRwTest.tsx?t=1785418040751:288
[ 3034157ms] [TABLE] [Object, Object, Object, Object, Object] @ http://localhost:5175/src/features/exam/petRw/ReadingPetRwTest.tsx?t=1785418040751:288
[ 3036155ms] [TABLE] [Object, Object, Object, Object, Object] @ http://localhost:5175/src/features/exam/petRw/ReadingPetRwTest.tsx?t=1785418040751:288
[ 3036156ms] [TABLE] [Object, Object, Object, Object, Object] @ http://localhost:5175/src/features/exam/petRw/ReadingPetRwTest.tsx?t=1785418040751:288
[ 3038157ms] [TABLE] [Object, Object, Object, Object, Object] @ http://localhost:5175/src/features/exam/petRw/ReadingPetRwTest.tsx?t=1785418040751:288
[ 3038158ms] [TABLE] [Object, Object, Object, Object, Object] @ http://localhost:5175/src/features/exam/petRw/ReadingPetRwTest.tsx?t=1785418040751:288
[ 3040156ms] [TABLE] [Object, Object, Object, Object, Object] @ http://localhost:5175/src/features/exam/petRw/ReadingPetRwTest.tsx?t=1785418040751:288
[ 3040157ms] [TABLE] [Object, Object, Object, Object, Object] @ http://localhost:5175/src/features/exam/petRw/ReadingPetRwTest.tsx?t=1785418040751:288
[ 3042155ms] [TABLE] [Object, Object, Object, Object, Object] @ http://localhost:5175/src/features/exam/petRw/ReadingPetRwTest.tsx?t=1785418040751:288
[ 3042156ms] [TABLE] [Object, Object, Object, Object, Object] @ http://localhost:5175/src/features/exam/petRw/ReadingPetRwTest.tsx?t=1785418040751:288
[ 3044156ms] [TABLE] [Object, Object, Object, Object, Object] @ http://localhost:5175/src/features/exam/petRw/ReadingPetRwTest.tsx?t=1785418040751:288
[ 3044157ms] [TABLE] [Object, Object, Object, Object, Object] @ http://localhost:5175/src/features/exam/petRw/ReadingPetRwTest.tsx?t=1785418040751:288
[ 3046171ms] [TABLE] [Object, Object, Object, Object, Object] @ http://localhost:5175/src/features/exam/petRw/ReadingPetRwTest.tsx?t=1785418040751:288
[ 3046172ms] [TABLE] [Object, Object, Object, Object, Object] @ http://localhost:5175/src/features/exam/petRw/ReadingPetRwTest.tsx?t=1785418040751:288
[ 3048156ms] [TABLE] [Object, Object, Object, Object, Object] @ http://localhost:5175/src/features/exam/petRw/ReadingPetRwTest.tsx?t=1785418040751:288
[ 3048157ms] [TABLE] [Object, Object, Object, Object, Object] @ http://localhost:5175/src/features/exam/petRw/ReadingPetRwTest.tsx?t=1785418040751:288
[ 3050156ms] [TABLE] [Object, Object, Object, Object, Object] @ http://localhost:5175/src/features/exam/petRw/ReadingPetRwTest.tsx?t=1785418040751:288
[ 3050156ms] [TABLE] [Object, Object, Object, Object, Object] @ http://localhost:5175/src/features/exam/petRw/ReadingPetRwTest.tsx?t=1785418040751:288
[ 3052159ms] [TABLE] [Object, Object, Object, Object, Object] @ http://localhost:5175/src/features/exam/petRw/ReadingPetRwTest.tsx?t=1785418040751:288
[ 3052159ms] [TABLE] [Object, Object, Object, Object, Object] @ http://localhost:5175/src/features/exam/petRw/ReadingPetRwTest.tsx?t=1785418040751:288
[ 3054159ms] [TABLE] [Object, Object, Object, Object, Object] @ http://localhost:5175/src/features/exam/petRw/ReadingPetRwTest.tsx?t=1785418040751:288
[ 3054159ms] [TABLE] [Object, Object, Object, Object, Object] @ http://localhost:5175/src/features/exam/petRw/ReadingPetRwTest.tsx?t=1785418040751:288
[ 3056171ms] [TABLE] [Object, Object, Object, Object, Object] @ http://localhost:5175/src/features/exam/petRw/ReadingPetRwTest.tsx?t=1785418040751:288
[ 3056171ms] [TABLE] [Object, Object, Object, Object, Object] @ http://localhost:5175/src/features/exam/petRw/ReadingPetRwTest.tsx?t=1785418040751:288
[ 3058159ms] [TABLE] [Object, Object, Object, Object, Object] @ http://localhost:5175/src/features/exam/petRw/ReadingPetRwTest.tsx?t=1785418040751:288
[ 3058159ms] [TABLE] [Object, Object, Object, Object, Object] @ http://localhost:5175/src/features/exam/petRw/ReadingPetRwTest.tsx?t=1785418040751:288
[ 3060158ms] [TABLE] [Object, Object, Object, Object, Object] @ http://localhost:5175/src/features/exam/petRw/ReadingPetRwTest.tsx?t=1785418040751:288
[ 3060158ms] [TABLE] [Object, Object, Object, Object, Object] @ http://localhost:5175/src/features/exam/petRw/ReadingPetRwTest.tsx?t=1785418040751:288
[ 3062155ms] [TABLE] [Object, Object, Object, Object, Object] @ http://localhost:5175/src/features/exam/petRw/ReadingPetRwTest.tsx?t=1785418040751:288
[ 3062156ms] [TABLE] [Object, Object, Object, Object, Object] @ http://localhost:5175/src/features/exam/petRw/ReadingPetRwTest.tsx?t=1785418040751:288
[ 3064156ms] [TABLE] [Object, Object, Object, Object, Object] @ http://localhost:5175/src/features/exam/petRw/ReadingPetRwTest.tsx?t=1785418040751:288
[ 3064157ms] [TABLE] [Object, Object, Object, Object, Object] @ http://localhost:5175/src/features/exam/petRw/ReadingPetRwTest.tsx?t=1785418040751:288
[ 3066159ms] [TABLE] [Object, Object, Object, Object, Object] @ http://localhost:5175/src/features/exam/petRw/ReadingPetRwTest.tsx?t=1785418040751:288
[ 3066159ms] [TABLE] [Object, Object, Object, Object, Object] @ http://localhost:5175/src/features/exam/petRw/ReadingPetRwTest.tsx?t=1785418040751:288
[ 3068157ms] [TABLE] [Object, Object, Object, Object, Object] @ http://localhost:5175/src/features/exam/petRw/ReadingPetRwTest.tsx?t=1785418040751:288
[ 3068157ms] [TABLE] [Object, Object, Object, Object, Object] @ http://localhost:5175/src/features/exam/petRw/ReadingPetRwTest.tsx?t=1785418040751:288
[ 3070161ms] [TABLE] [Object, Object, Object, Object, Object] @ http://localhost:5175/src/features/exam/petRw/ReadingPetRwTest.tsx?t=1785418040751:288
[ 3070162ms] [TABLE] [Object, Object, Object, Object, Object] @ http://localhost:5175/src/features/exam/petRw/ReadingPetRwTest.tsx?t=1785418040751:288
[ 3072155ms] [TABLE] [Object, Object, Object, Object, Object] @ http://localhost:5175/src/features/exam/petRw/ReadingPetRwTest.tsx?t=1785418040751:288
[ 3072155ms] [TABLE] [Object, Object, Object, Object, Object] @ http://localhost:5175/src/features/exam/petRw/ReadingPetRwTest.tsx?t=1785418040751:288
[ 3074171ms] [TABLE] [Object, Object, Object, Object, Object] @ http://localhost:5175/src/features/exam/petRw/ReadingPetRwTest.tsx?t=1785418040751:288
[ 3074171ms] [TABLE] [Object, Object, Object, Object, Object] @ http://localhost:5175/src/features/exam/petRw/ReadingPetRwTest.tsx?t=1785418040751:288
[ 3076169ms] [TABLE] [Object, Object, Object, Object, Object] @ http://localhost:5175/src/features/exam/petRw/ReadingPetRwTest.tsx?t=1785418040751:288
[ 3076169ms] [TABLE] [Object, Object, Object, Object, Object] @ http://localhost:5175/src/features/exam/petRw/ReadingPetRwTest.tsx?t=1785418040751:288
[ 3078170ms] [TABLE] [Object, Object, Object, Object, Object] @ http://localhost:5175/src/features/exam/petRw/ReadingPetRwTest.tsx?t=1785418040751:288
[ 3078170ms] [TABLE] [Object, Object, Object, Object, Object] @ http://localhost:5175/src/features/exam/petRw/ReadingPetRwTest.tsx?t=1785418040751:288
[ 3080161ms] [TABLE] [Object, Object, Object, Object, Object] @ http://localhost:5175/src/features/exam/petRw/ReadingPetRwTest.tsx?t=1785418040751:288
[ 3080161ms] [TABLE] [Object, Object, Object, Object, Object] @ http://localhost:5175/src/features/exam/petRw/ReadingPetRwTest.tsx?t=1785418040751:288
[ 3082162ms] [TABLE] [Object, Object, Object, Object, Object] @ http://localhost:5175/src/features/exam/petRw/ReadingPetRwTest.tsx?t=1785418040751:288
[ 3082164ms] [TABLE] [Object, Object, Object, Object, Object] @ http://localhost:5175/src/features/exam/petRw/ReadingPetRwTest.tsx?t=1785418040751:288
[ 3084162ms] [TABLE] [Object, Object, Object, Object, Object] @ http://localhost:5175/src/features/exam/petRw/ReadingPetRwTest.tsx?t=1785418040751:288
[ 3084162ms] [TABLE] [Object, Object, Object, Object, Object] @ http://localhost:5175/src/features/exam/petRw/ReadingPetRwTest.tsx?t=1785418040751:288
[ 3086168ms] [TABLE] [Object, Object, Object, Object, Object] @ http://localhost:5175/src/features/exam/petRw/ReadingPetRwTest.tsx?t=1785418040751:288
[ 3086169ms] [TABLE] [Object, Object, Object, Object, Object] @ http://localhost:5175/src/features/exam/petRw/ReadingPetRwTest.tsx?t=1785418040751:288
[ 3088163ms] [TABLE] [Object, Object, Object, Object, Object] @ http://localhost:5175/src/features/exam/petRw/ReadingPetRwTest.tsx?t=1785418040751:288
[ 3088164ms] [TABLE] [Object, Object, Object, Object, Object] @ http://localhost:5175/src/features/exam/petRw/ReadingPetRwTest.tsx?t=1785418040751:288
[ 3090164ms] [TABLE] [Object, Object, Object, Object, Object] @ http://localhost:5175/src/features/exam/petRw/ReadingPetRwTest.tsx?t=1785418040751:288
[ 3090165ms] [TABLE] [Object, Object, Object, Object, Object] @ http://localhost:5175/src/features/exam/petRw/ReadingPetRwTest.tsx?t=1785418040751:288
[ 3092161ms] [TABLE] [Object, Object, Object, Object, Object] @ http://localhost:5175/src/features/exam/petRw/ReadingPetRwTest.tsx?t=1785418040751:288
[ 3092161ms] [TABLE] [Object, Object, Object, Object, Object] @ http://localhost:5175/src/features/exam/petRw/ReadingPetRwTest.tsx?t=1785418040751:288
[ 3094168ms] [TABLE] [Object, Object, Object, Object, Object] @ http://localhost:5175/src/features/exam/petRw/ReadingPetRwTest.tsx?t=1785418040751:288
[ 3094168ms] [TABLE] [Object, Object, Object, Object, Object] @ http://localhost:5175/src/features/exam/petRw/ReadingPetRwTest.tsx?t=1785418040751:288
[ 3096160ms] [TABLE] [Object, Object, Object, Object, Object] @ http://localhost:5175/src/features/exam/petRw/ReadingPetRwTest.tsx?t=1785418040751:288
[ 3096161ms] [TABLE] [Object, Object, Object, Object, Object] @ http://localhost:5175/src/features/exam/petRw/ReadingPetRwTest.tsx?t=1785418040751:288
[ 3098163ms] [TABLE] [Object, Object, Object, Object, Object] @ http://localhost:5175/src/features/exam/petRw/ReadingPetRwTest.tsx?t=1785418040751:288
[ 3098164ms] [TABLE] [Object, Object, Object, Object, Object] @ http://localhost:5175/src/features/exam/petRw/ReadingPetRwTest.tsx?t=1785418040751:288
[ 3100155ms] [TABLE] [Object, Object, Object, Object, Object] @ http://localhost:5175/src/features/exam/petRw/ReadingPetRwTest.tsx?t=1785418040751:288
[ 3100155ms] [TABLE] [Object, Object, Object, Object, Object] @ http://localhost:5175/src/features/exam/petRw/ReadingPetRwTest.tsx?t=1785418040751:288
[ 3102166ms] [TABLE] [Object, Object, Object, Object, Object] @ http://localhost:5175/src/features/exam/petRw/ReadingPetRwTest.tsx?t=1785418040751:288
[ 3102166ms] [TABLE] [Object, Object, Object, Object, Object] @ http://localhost:5175/src/features/exam/petRw/ReadingPetRwTest.tsx?t=1785418040751:288
[ 3104155ms] [TABLE] [Object, Object, Object, Object, Object] @ http://localhost:5175/src/features/exam/petRw/ReadingPetRwTest.tsx?t=1785418040751:288
[ 3104156ms] [TABLE] [Object, Object, Object, Object, Object] @ http://localhost:5175/src/features/exam/petRw/ReadingPetRwTest.tsx?t=1785418040751:288
[ 3106166ms] [TABLE] [Object, Object, Object, Object, Object] @ http://localhost:5175/src/features/exam/petRw/ReadingPetRwTest.tsx?t=1785418040751:288
[ 3106167ms] [TABLE] [Object, Object, Object, Object, Object] @ http://localhost:5175/src/features/exam/petRw/ReadingPetRwTest.tsx?t=1785418040751:288
[ 3108166ms] [TABLE] [Object, Object, Object, Object, Object] @ http://localhost:5175/src/features/exam/petRw/ReadingPetRwTest.tsx?t=1785418040751:288
[ 3108167ms] [TABLE] [Object, Object, Object, Object, Object] @ http://localhost:5175/src/features/exam/petRw/ReadingPetRwTest.tsx?t=1785418040751:288
[ 3110167ms] [TABLE] [Object, Object, Object, Object, Object] @ http://localhost:5175/src/features/exam/petRw/ReadingPetRwTest.tsx?t=1785418040751:288
[ 3110167ms] [TABLE] [Object, Object, Object, Object, Object] @ http://localhost:5175/src/features/exam/petRw/ReadingPetRwTest.tsx?t=1785418040751:288
[ 3112155ms] [TABLE] [Object, Object, Object, Object, Object] @ http://localhost:5175/src/features/exam/petRw/ReadingPetRwTest.tsx?t=1785418040751:288
[ 3112156ms] [TABLE] [Object, Object, Object, Object, Object] @ http://localhost:5175/src/features/exam/petRw/ReadingPetRwTest.tsx?t=1785418040751:288
[ 3114156ms] [TABLE] [Object, Object, Object, Object, Object] @ http://localhost:5175/src/features/exam/petRw/ReadingPetRwTest.tsx?t=1785418040751:288
[ 3114157ms] [TABLE] [Object, Object, Object, Object, Object] @ http://localhost:5175/src/features/exam/petRw/ReadingPetRwTest.tsx?t=1785418040751:288
[ 3118004ms] [TABLE] [Object, Object, Object, Object, Object] @ http://localhost:5175/src/features/exam/petRw/ReadingPetRwTest.tsx?t=1785418040751:288
[ 3118005ms] [TABLE] [Object, Object, Object, Object, Object] @ http://localhost:5175/src/features/exam/petRw/ReadingPetRwTest.tsx?t=1785418040751:288
[ 3119186ms] [TABLE] [Object, Object, Object, Object, Object] @ http://localhost:5175/src/features/exam/petRw/ReadingPetRwTest.tsx?t=1785418040751:288
[ 3119186ms] [TABLE] [Object, Object, Object, Object, Object] @ http://localhost:5175/src/features/exam/petRw/ReadingPetRwTest.tsx?t=1785418040751:288
[ 3121160ms] [TABLE] [Object, Object, Object, Object, Object] @ http://localhost:5175/src/features/exam/petRw/ReadingPetRwTest.tsx?t=1785418040751:288
[ 3121162ms] [TABLE] [Object, Object, Object, Object, Object] @ http://localhost:5175/src/features/exam/petRw/ReadingPetRwTest.tsx?t=1785418040751:288
[ 3123157ms] [TABLE] [Object, Object, Object, Object, Object] @ http://localhost:5175/src/features/exam/petRw/ReadingPetRwTest.tsx?t=1785418040751:288
[ 3123159ms] [TABLE] [Object, Object, Object, Object, Object] @ http://localhost:5175/src/features/exam/petRw/ReadingPetRwTest.tsx?t=1785418040751:288
[ 3125478ms] [TABLE] [Object, Object, Object, Object, Object] @ http://localhost:5175/src/features/exam/petRw/ReadingPetRwTest.tsx?t=1785418040751:288
[ 3125479ms] [TABLE] [Object, Object, Object, Object, Object] @ http://localhost:5175/src/features/exam/petRw/ReadingPetRwTest.tsx?t=1785418040751:288
[ 3127161ms] [TABLE] [Object, Object, Object, Object, Object] @ http://localhost:5175/src/features/exam/petRw/ReadingPetRwTest.tsx?t=1785418040751:288
[ 3127162ms] [TABLE] [Object, Object, Object, Object, Object] @ http://localhost:5175/src/features/exam/petRw/ReadingPetRwTest.tsx?t=1785418040751:288
[ 3129162ms] [TABLE] [Object, Object, Object, Object, Object] @ http://localhost:5175/src/features/exam/petRw/ReadingPetRwTest.tsx?t=1785418040751:288
[ 3129162ms] [TABLE] [Object, Object, Object, Object, Object] @ http://localhost:5175/src/features/exam/petRw/ReadingPetRwTest.tsx?t=1785418040751:288
[ 3131169ms] [TABLE] [Object, Object, Object, Object, Object] @ http://localhost:5175/src/features/exam/petRw/ReadingPetRwTest.tsx?t=1785418040751:288
[ 3131170ms] [TABLE] [Object, Object, Object, Object, Object] @ http://localhost:5175/src/features/exam/petRw/ReadingPetRwTest.tsx?t=1785418040751:288
[ 3133169ms] [TABLE] [Object, Object, Object, Object, Object] @ http://localhost:5175/src/features/exam/petRw/ReadingPetRwTest.tsx?t=1785418040751:288
[ 3133170ms] [TABLE] [Object, Object, Object, Object, Object] @ http://localhost:5175/src/features/exam/petRw/ReadingPetRwTest.tsx?t=1785418040751:288
[ 3135155ms] [TABLE] [Object, Object, Object, Object, Object] @ http://localhost:5175/src/features/exam/petRw/ReadingPetRwTest.tsx?t=1785418040751:288
[ 3135156ms] [TABLE] [Object, Object, Object, Object, Object] @ http://localhost:5175/src/features/exam/petRw/ReadingPetRwTest.tsx?t=1785418040751:288
[ 3137159ms] [TABLE] [Object, Object, Object, Object, Object] @ http://localhost:5175/src/features/exam/petRw/ReadingPetRwTest.tsx?t=1785418040751:288
[ 3137160ms] [TABLE] [Object, Object, Object, Object, Object] @ http://localhost:5175/src/features/exam/petRw/ReadingPetRwTest.tsx?t=1785418040751:288
[ 3139169ms] [TABLE] [Object, Object, Object, Object, Object] @ http://localhost:5175/src/features/exam/petRw/ReadingPetRwTest.tsx?t=1785418040751:288
[ 3139169ms] [TABLE] [Object, Object, Object, Object, Object] @ http://localhost:5175/src/features/exam/petRw/ReadingPetRwTest.tsx?t=1785418040751:288
[ 3141155ms] [TABLE] [Object, Object, Object, Object, Object] @ http://localhost:5175/src/features/exam/petRw/ReadingPetRwTest.tsx?t=1785418040751:288
[ 3141156ms] [TABLE] [Object, Object, Object, Object, Object] @ http://localhost:5175/src/features/exam/petRw/ReadingPetRwTest.tsx?t=1785418040751:288
[ 3143165ms] [TABLE] [Object, Object, Object, Object, Object] @ http://localhost:5175/src/features/exam/petRw/ReadingPetRwTest.tsx?t=1785418040751:288
[ 3143166ms] [TABLE] [Object, Object, Object, Object, Object] @ http://localhost:5175/src/features/exam/petRw/ReadingPetRwTest.tsx?t=1785418040751:288
[ 3145163ms] [TABLE] [Object, Object, Object, Object, Object] @ http://localhost:5175/src/features/exam/petRw/ReadingPetRwTest.tsx?t=1785418040751:288
[ 3145164ms] [TABLE] [Object, Object, Object, Object, Object] @ http://localhost:5175/src/features/exam/petRw/ReadingPetRwTest.tsx?t=1785418040751:288
[ 3147169ms] [TABLE] [Object, Object, Object, Object, Object] @ http://localhost:5175/src/features/exam/petRw/ReadingPetRwTest.tsx?t=1785418040751:288
[ 3147170ms] [TABLE] [Object, Object, Object, Object, Object] @ http://localhost:5175/src/features/exam/petRw/ReadingPetRwTest.tsx?t=1785418040751:288
[ 3149168ms] [TABLE] [Object, Object, Object, Object, Object] @ http://localhost:5175/src/features/exam/petRw/ReadingPetRwTest.tsx?t=1785418040751:288
[ 3149168ms] [TABLE] [Object, Object, Object, Object, Object] @ http://localhost:5175/src/features/exam/petRw/ReadingPetRwTest.tsx?t=1785418040751:288
[ 3151164ms] [TABLE] [Object, Object, Object, Object, Object] @ http://localhost:5175/src/features/exam/petRw/ReadingPetRwTest.tsx?t=1785418040751:288
[ 3151164ms] [TABLE] [Object, Object, Object, Object, Object] @ http://localhost:5175/src/features/exam/petRw/ReadingPetRwTest.tsx?t=1785418040751:288
[ 3153159ms] [TABLE] [Object, Object, Object, Object, Object] @ http://localhost:5175/src/features/exam/petRw/ReadingPetRwTest.tsx?t=1785418040751:288
[ 3153160ms] [TABLE] [Object, Object, Object, Object, Object] @ http://localhost:5175/src/features/exam/petRw/ReadingPetRwTest.tsx?t=1785418040751:288
[ 3155160ms] [TABLE] [Object, Object, Object, Object, Object] @ http://localhost:5175/src/features/exam/petRw/ReadingPetRwTest.tsx?t=1785418040751:288
[ 3155160ms] [TABLE] [Object, Object, Object, Object, Object] @ http://localhost:5175/src/features/exam/petRw/ReadingPetRwTest.tsx?t=1785418040751:288
[ 3157159ms] [TABLE] [Object, Object, Object, Object, Object] @ http://localhost:5175/src/features/exam/petRw/ReadingPetRwTest.tsx?t=1785418040751:288
[ 3157160ms] [TABLE] [Object, Object, Object, Object, Object] @ http://localhost:5175/src/features/exam/petRw/ReadingPetRwTest.tsx?t=1785418040751:288
[ 3159166ms] [TABLE] [Object, Object, Object, Object, Object] @ http://localhost:5175/src/features/exam/petRw/ReadingPetRwTest.tsx?t=1785418040751:288
[ 3159169ms] [TABLE] [Object, Object, Object, Object, Object] @ http://localhost:5175/src/features/exam/petRw/ReadingPetRwTest.tsx?t=1785418040751:288
[ 3161156ms] [TABLE] [Object, Object, Object, Object, Object] @ http://localhost:5175/src/features/exam/petRw/ReadingPetRwTest.tsx?t=1785418040751:288
[ 3161157ms] [TABLE] [Object, Object, Object, Object, Object] @ http://localhost:5175/src/features/exam/petRw/ReadingPetRwTest.tsx?t=1785418040751:288
[ 3163159ms] [TABLE] [Object, Object, Object, Object, Object] @ http://localhost:5175/src/features/exam/petRw/ReadingPetRwTest.tsx?t=1785418040751:288
[ 3163160ms] [TABLE] [Object, Object, Object, Object, Object] @ http://localhost:5175/src/features/exam/petRw/ReadingPetRwTest.tsx?t=1785418040751:288
[ 3165159ms] [TABLE] [Object, Object, Object, Object, Object] @ http://localhost:5175/src/features/exam/petRw/ReadingPetRwTest.tsx?t=1785418040751:288
[ 3165160ms] [TABLE] [Object, Object, Object, Object, Object] @ http://localhost:5175/src/features/exam/petRw/ReadingPetRwTest.tsx?t=1785418040751:288
[ 3167156ms] [TABLE] [Object, Object, Object, Object, Object] @ http://localhost:5175/src/features/exam/petRw/ReadingPetRwTest.tsx?t=1785418040751:288
[ 3167156ms] [TABLE] [Object, Object, Object, Object, Object] @ http://localhost:5175/src/features/exam/petRw/ReadingPetRwTest.tsx?t=1785418040751:288
[ 3169168ms] [TABLE] [Object, Object, Object, Object, Object] @ http://localhost:5175/src/features/exam/petRw/ReadingPetRwTest.tsx?t=1785418040751:288
[ 3169169ms] [TABLE] [Object, Object, Object, Object, Object] @ http://localhost:5175/src/features/exam/petRw/ReadingPetRwTest.tsx?t=1785418040751:288
[ 3171161ms] [TABLE] [Object, Object, Object, Object, Object] @ http://localhost:5175/src/features/exam/petRw/ReadingPetRwTest.tsx?t=1785418040751:288
[ 3171162ms] [TABLE] [Object, Object, Object, Object, Object] @ http://localhost:5175/src/features/exam/petRw/ReadingPetRwTest.tsx?t=1785418040751:288
[ 3173160ms] [TABLE] [Object, Object, Object, Object, Object] @ http://localhost:5175/src/features/exam/petRw/ReadingPetRwTest.tsx?t=1785418040751:288
[ 3173161ms] [TABLE] [Object, Object, Object, Object, Object] @ http://localhost:5175/src/features/exam/petRw/ReadingPetRwTest.tsx?t=1785418040751:288
[ 3175157ms] [TABLE] [Object, Object, Object, Object, Object] @ http://localhost:5175/src/features/exam/petRw/ReadingPetRwTest.tsx?t=1785418040751:288
[ 3175157ms] [TABLE] [Object, Object, Object, Object, Object] @ http://localhost:5175/src/features/exam/petRw/ReadingPetRwTest.tsx?t=1785418040751:288
[ 3177159ms] [TABLE] [Object, Object, Object, Object, Object] @ http://localhost:5175/src/features/exam/petRw/ReadingPetRwTest.tsx?t=1785418040751:288
[ 3177162ms] [TABLE] [Object, Object, Object, Object, Object] @ http://localhost:5175/src/features/exam/petRw/ReadingPetRwTest.tsx?t=1785418040751:288
[ 3179157ms] [TABLE] [Object, Object, Object, Object, Object] @ http://localhost:5175/src/features/exam/petRw/ReadingPetRwTest.tsx?t=1785418040751:288
[ 3179157ms] [TABLE] [Object, Object, Object, Object, Object] @ http://localhost:5175/src/features/exam/petRw/ReadingPetRwTest.tsx?t=1785418040751:288
[ 3181156ms] [TABLE] [Object, Object, Object, Object, Object] @ http://localhost:5175/src/features/exam/petRw/ReadingPetRwTest.tsx?t=1785418040751:288
[ 3181156ms] [TABLE] [Object, Object, Object, Object, Object] @ http://localhost:5175/src/features/exam/petRw/ReadingPetRwTest.tsx?t=1785418040751:288
[ 3183156ms] [TABLE] [Object, Object, Object, Object, Object] @ http://localhost:5175/src/features/exam/petRw/ReadingPetRwTest.tsx?t=1785418040751:288
[ 3183157ms] [TABLE] [Object, Object, Object, Object, Object] @ http://localhost:5175/src/features/exam/petRw/ReadingPetRwTest.tsx?t=1785418040751:288
[ 3185168ms] [TABLE] [Object, Object, Object, Object, Object] @ http://localhost:5175/src/features/exam/petRw/ReadingPetRwTest.tsx?t=1785418040751:288
[ 3185169ms] [TABLE] [Object, Object, Object, Object, Object] @ http://localhost:5175/src/features/exam/petRw/ReadingPetRwTest.tsx?t=1785418040751:288
[ 3187169ms] [TABLE] [Object, Object, Object, Object, Object] @ http://localhost:5175/src/features/exam/petRw/ReadingPetRwTest.tsx?t=1785418040751:288
[ 3187170ms] [TABLE] [Object, Object, Object, Object, Object] @ http://localhost:5175/src/features/exam/petRw/ReadingPetRwTest.tsx?t=1785418040751:288
[ 3189157ms] [TABLE] [Object, Object, Object, Object, Object] @ http://localhost:5175/src/features/exam/petRw/ReadingPetRwTest.tsx?t=1785418040751:288
[ 3189158ms] [TABLE] [Object, Object, Object, Object, Object] @ http://localhost:5175/src/features/exam/petRw/ReadingPetRwTest.tsx?t=1785418040751:288
[ 3191167ms] [TABLE] [Object, Object, Object, Object, Object] @ http://localhost:5175/src/features/exam/petRw/ReadingPetRwTest.tsx?t=1785418040751:288
[ 3191167ms] [TABLE] [Object, Object, Object, Object, Object] @ http://localhost:5175/src/features/exam/petRw/ReadingPetRwTest.tsx?t=1785418040751:288
[ 3193169ms] [TABLE] [Object, Object, Object, Object, Object] @ http://localhost:5175/src/features/exam/petRw/ReadingPetRwTest.tsx?t=1785418040751:288
[ 3193169ms] [TABLE] [Object, Object, Object, Object, Object] @ http://localhost:5175/src/features/exam/petRw/ReadingPetRwTest.tsx?t=1785418040751:288
[ 3195160ms] [TABLE] [Object, Object, Object, Object, Object] @ http://localhost:5175/src/features/exam/petRw/ReadingPetRwTest.tsx?t=1785418040751:288
[ 3195160ms] [TABLE] [Object, Object, Object, Object, Object] @ http://localhost:5175/src/features/exam/petRw/ReadingPetRwTest.tsx?t=1785418040751:288
[ 3197189ms] [TABLE] [Object, Object, Object, Object, Object] @ http://localhost:5175/src/features/exam/petRw/ReadingPetRwTest.tsx?t=1785418040751:288
[ 3197190ms] [TABLE] [Object, Object, Object, Object, Object] @ http://localhost:5175/src/features/exam/petRw/ReadingPetRwTest.tsx?t=1785418040751:288
[ 3199160ms] [TABLE] [Object, Object, Object, Object, Object] @ http://localhost:5175/src/features/exam/petRw/ReadingPetRwTest.tsx?t=1785418040751:288
[ 3199161ms] [TABLE] [Object, Object, Object, Object, Object] @ http://localhost:5175/src/features/exam/petRw/ReadingPetRwTest.tsx?t=1785418040751:288
[ 3201162ms] [TABLE] [Object, Object, Object, Object, Object] @ http://localhost:5175/src/features/exam/petRw/ReadingPetRwTest.tsx?t=1785418040751:288
[ 3201163ms] [TABLE] [Object, Object, Object, Object, Object] @ http://localhost:5175/src/features/exam/petRw/ReadingPetRwTest.tsx?t=1785418040751:288
[ 3203166ms] [TABLE] [Object, Object, Object, Object, Object] @ http://localhost:5175/src/features/exam/petRw/ReadingPetRwTest.tsx?t=1785418040751:288
[ 3203167ms] [TABLE] [Object, Object, Object, Object, Object] @ http://localhost:5175/src/features/exam/petRw/ReadingPetRwTest.tsx?t=1785418040751:288
[ 3205157ms] [TABLE] [Object, Object, Object, Object, Object] @ http://localhost:5175/src/features/exam/petRw/ReadingPetRwTest.tsx?t=1785418040751:288
[ 3205157ms] [TABLE] [Object, Object, Object, Object, Object] @ http://localhost:5175/src/features/exam/petRw/ReadingPetRwTest.tsx?t=1785418040751:288
[ 3207171ms] [TABLE] [Object, Object, Object, Object, Object] @ http://localhost:5175/src/features/exam/petRw/ReadingPetRwTest.tsx?t=1785418040751:288
[ 3207171ms] [TABLE] [Object, Object, Object, Object, Object] @ http://localhost:5175/src/features/exam/petRw/ReadingPetRwTest.tsx?t=1785418040751:288
[ 3209157ms] [TABLE] [Object, Object, Object, Object, Object] @ http://localhost:5175/src/features/exam/petRw/ReadingPetRwTest.tsx?t=1785418040751:288
[ 3209157ms] [TABLE] [Object, Object, Object, Object, Object] @ http://localhost:5175/src/features/exam/petRw/ReadingPetRwTest.tsx?t=1785418040751:288
[ 3211156ms] [TABLE] [Object, Object, Object, Object, Object] @ http://localhost:5175/src/features/exam/petRw/ReadingPetRwTest.tsx?t=1785418040751:288
[ 3211157ms] [TABLE] [Object, Object, Object, Object, Object] @ http://localhost:5175/src/features/exam/petRw/ReadingPetRwTest.tsx?t=1785418040751:288
[ 3213159ms] [TABLE] [Object, Object, Object, Object, Object] @ http://localhost:5175/src/features/exam/petRw/ReadingPetRwTest.tsx?t=1785418040751:288
[ 3213160ms] [TABLE] [Object, Object, Object, Object, Object] @ http://localhost:5175/src/features/exam/petRw/ReadingPetRwTest.tsx?t=1785418040751:288
[ 3215157ms] [TABLE] [Object, Object, Object, Object, Object] @ http://localhost:5175/src/features/exam/petRw/ReadingPetRwTest.tsx?t=1785418040751:288
[ 3215158ms] [TABLE] [Object, Object, Object, Object, Object] @ http://localhost:5175/src/features/exam/petRw/ReadingPetRwTest.tsx?t=1785418040751:288
[ 3217156ms] [TABLE] [Object, Object, Object, Object, Object] @ http://localhost:5175/src/features/exam/petRw/ReadingPetRwTest.tsx?t=1785418040751:288
[ 3217156ms] [TABLE] [Object, Object, Object, Object, Object] @ http://localhost:5175/src/features/exam/petRw/ReadingPetRwTest.tsx?t=1785418040751:288
[ 3219164ms] [TABLE] [Object, Object, Object, Object, Object] @ http://localhost:5175/src/features/exam/petRw/ReadingPetRwTest.tsx?t=1785418040751:288
[ 3219164ms] [TABLE] [Object, Object, Object, Object, Object] @ http://localhost:5175/src/features/exam/petRw/ReadingPetRwTest.tsx?t=1785418040751:288
[ 3221157ms] [TABLE] [Object, Object, Object, Object, Object] @ http://localhost:5175/src/features/exam/petRw/ReadingPetRwTest.tsx?t=1785418040751:288
[ 3221157ms] [TABLE] [Object, Object, Object, Object, Object] @ http://localhost:5175/src/features/exam/petRw/ReadingPetRwTest.tsx?t=1785418040751:288
[ 3223165ms] [TABLE] [Object, Object, Object, Object, Object] @ http://localhost:5175/src/features/exam/petRw/ReadingPetRwTest.tsx?t=1785418040751:288
[ 3223166ms] [TABLE] [Object, Object, Object, Object, Object] @ http://localhost:5175/src/features/exam/petRw/ReadingPetRwTest.tsx?t=1785418040751:288
[ 3225158ms] [TABLE] [Object, Object, Object, Object, Object] @ http://localhost:5175/src/features/exam/petRw/ReadingPetRwTest.tsx?t=1785418040751:288
[ 3225159ms] [TABLE] [Object, Object, Object, Object, Object] @ http://localhost:5175/src/features/exam/petRw/ReadingPetRwTest.tsx?t=1785418040751:288
[ 3227163ms] [TABLE] [Object, Object, Object, Object, Object] @ http://localhost:5175/src/features/exam/petRw/ReadingPetRwTest.tsx?t=1785418040751:288
[ 3227164ms] [TABLE] [Object, Object, Object, Object, Object] @ http://localhost:5175/src/features/exam/petRw/ReadingPetRwTest.tsx?t=1785418040751:288
[ 3229157ms] [TABLE] [Object, Object, Object, Object, Object] @ http://localhost:5175/src/features/exam/petRw/ReadingPetRwTest.tsx?t=1785418040751:288
[ 3229157ms] [TABLE] [Object, Object, Object, Object, Object] @ http://localhost:5175/src/features/exam/petRw/ReadingPetRwTest.tsx?t=1785418040751:288
[ 3231165ms] [TABLE] [Object, Object, Object, Object, Object] @ http://localhost:5175/src/features/exam/petRw/ReadingPetRwTest.tsx?t=1785418040751:288
[ 3231166ms] [TABLE] [Object, Object, Object, Object, Object] @ http://localhost:5175/src/features/exam/petRw/ReadingPetRwTest.tsx?t=1785418040751:288
[ 3233159ms] [TABLE] [Object, Object, Object, Object, Object] @ http://localhost:5175/src/features/exam/petRw/ReadingPetRwTest.tsx?t=1785418040751:288
[ 3233159ms] [TABLE] [Object, Object, Object, Object, Object] @ http://localhost:5175/src/features/exam/petRw/ReadingPetRwTest.tsx?t=1785418040751:288
[ 3235157ms] [TABLE] [Object, Object, Object, Object, Object] @ http://localhost:5175/src/features/exam/petRw/ReadingPetRwTest.tsx?t=1785418040751:288
[ 3235157ms] [TABLE] [Object, Object, Object, Object, Object] @ http://localhost:5175/src/features/exam/petRw/ReadingPetRwTest.tsx?t=1785418040751:288
[ 3237156ms] [TABLE] [Object, Object, Object, Object, Object] @ http://localhost:5175/src/features/exam/petRw/ReadingPetRwTest.tsx?t=1785418040751:288
[ 3237157ms] [TABLE] [Object, Object, Object, Object, Object] @ http://localhost:5175/src/features/exam/petRw/ReadingPetRwTest.tsx?t=1785418040751:288
[ 3239164ms] [TABLE] [Object, Object, Object, Object, Object] @ http://localhost:5175/src/features/exam/petRw/ReadingPetRwTest.tsx?t=1785418040751:288
[ 3239165ms] [TABLE] [Object, Object, Object, Object, Object] @ http://localhost:5175/src/features/exam/petRw/ReadingPetRwTest.tsx?t=1785418040751:288
[ 3241164ms] [TABLE] [Object, Object, Object, Object, Object] @ http://localhost:5175/src/features/exam/petRw/ReadingPetRwTest.tsx?t=1785418040751:288
[ 3241165ms] [TABLE] [Object, Object, Object, Object, Object] @ http://localhost:5175/src/features/exam/petRw/ReadingPetRwTest.tsx?t=1785418040751:288
[ 3243156ms] [TABLE] [Object, Object, Object, Object, Object] @ http://localhost:5175/src/features/exam/petRw/ReadingPetRwTest.tsx?t=1785418040751:288
[ 3243156ms] [TABLE] [Object, Object, Object, Object, Object] @ http://localhost:5175/src/features/exam/petRw/ReadingPetRwTest.tsx?t=1785418040751:288
[ 3245163ms] [TABLE] [Object, Object, Object, Object, Object] @ http://localhost:5175/src/features/exam/petRw/ReadingPetRwTest.tsx?t=1785418040751:288
[ 3245163ms] [TABLE] [Object, Object, Object, Object, Object] @ http://localhost:5175/src/features/exam/petRw/ReadingPetRwTest.tsx?t=1785418040751:288
[ 3247155ms] [TABLE] [Object, Object, Object, Object, Object] @ http://localhost:5175/src/features/exam/petRw/ReadingPetRwTest.tsx?t=1785418040751:288
[ 3247155ms] [TABLE] [Object, Object, Object, Object, Object] @ http://localhost:5175/src/features/exam/petRw/ReadingPetRwTest.tsx?t=1785418040751:288
[ 3249160ms] [TABLE] [Object, Object, Object, Object, Object] @ http://localhost:5175/src/features/exam/petRw/ReadingPetRwTest.tsx?t=1785418040751:288
[ 3249161ms] [TABLE] [Object, Object, Object, Object, Object] @ http://localhost:5175/src/features/exam/petRw/ReadingPetRwTest.tsx?t=1785418040751:288
[ 3251155ms] [TABLE] [Object, Object, Object, Object, Object] @ http://localhost:5175/src/features/exam/petRw/ReadingPetRwTest.tsx?t=1785418040751:288
[ 3251155ms] [TABLE] [Object, Object, Object, Object, Object] @ http://localhost:5175/src/features/exam/petRw/ReadingPetRwTest.tsx?t=1785418040751:288
[ 3253156ms] [TABLE] [Object, Object, Object, Object, Object] @ http://localhost:5175/src/features/exam/petRw/ReadingPetRwTest.tsx?t=1785418040751:288
[ 3253156ms] [TABLE] [Object, Object, Object, Object, Object] @ http://localhost:5175/src/features/exam/petRw/ReadingPetRwTest.tsx?t=1785418040751:288
[ 3255155ms] [TABLE] [Object, Object, Object, Object, Object] @ http://localhost:5175/src/features/exam/petRw/ReadingPetRwTest.tsx?t=1785418040751:288
[ 3255156ms] [TABLE] [Object, Object, Object, Object, Object] @ http://localhost:5175/src/features/exam/petRw/ReadingPetRwTest.tsx?t=1785418040751:288
[ 3257162ms] [TABLE] [Object, Object, Object, Object, Object] @ http://localhost:5175/src/features/exam/petRw/ReadingPetRwTest.tsx?t=1785418040751:288
[ 3257162ms] [TABLE] [Object, Object, Object, Object, Object] @ http://localhost:5175/src/features/exam/petRw/ReadingPetRwTest.tsx?t=1785418040751:288
[ 3259163ms] [TABLE] [Object, Object, Object, Object, Object] @ http://localhost:5175/src/features/exam/petRw/ReadingPetRwTest.tsx?t=1785418040751:288
[ 3259163ms] [TABLE] [Object, Object, Object, Object, Object] @ http://localhost:5175/src/features/exam/petRw/ReadingPetRwTest.tsx?t=1785418040751:288
[ 3261161ms] [TABLE] [Object, Object, Object, Object, Object] @ http://localhost:5175/src/features/exam/petRw/ReadingPetRwTest.tsx?t=1785418040751:288
[ 3261162ms] [TABLE] [Object, Object, Object, Object, Object] @ http://localhost:5175/src/features/exam/petRw/ReadingPetRwTest.tsx?t=1785418040751:288
[ 3263166ms] [TABLE] [Object, Object, Object, Object, Object] @ http://localhost:5175/src/features/exam/petRw/ReadingPetRwTest.tsx?t=1785418040751:288
[ 3263167ms] [TABLE] [Object, Object, Object, Object, Object] @ http://localhost:5175/src/features/exam/petRw/ReadingPetRwTest.tsx?t=1785418040751:288
[ 3265170ms] [TABLE] [Object, Object, Object, Object, Object] @ http://localhost:5175/src/features/exam/petRw/ReadingPetRwTest.tsx?t=1785418040751:288
[ 3265171ms] [TABLE] [Object, Object, Object, Object, Object] @ http://localhost:5175/src/features/exam/petRw/ReadingPetRwTest.tsx?t=1785418040751:288
[ 3267170ms] [TABLE] [Object, Object, Object, Object, Object] @ http://localhost:5175/src/features/exam/petRw/ReadingPetRwTest.tsx?t=1785418040751:288
[ 3267171ms] [TABLE] [Object, Object, Object, Object, Object] @ http://localhost:5175/src/features/exam/petRw/ReadingPetRwTest.tsx?t=1785418040751:288
[ 3269165ms] [TABLE] [Object, Object, Object, Object, Object] @ http://localhost:5175/src/features/exam/petRw/ReadingPetRwTest.tsx?t=1785418040751:288
[ 3269165ms] [TABLE] [Object, Object, Object, Object, Object] @ http://localhost:5175/src/features/exam/petRw/ReadingPetRwTest.tsx?t=1785418040751:288
[ 3271159ms] [TABLE] [Object, Object, Object, Object, Object] @ http://localhost:5175/src/features/exam/petRw/ReadingPetRwTest.tsx?t=1785418040751:288
[ 3271159ms] [TABLE] [Object, Object, Object, Object, Object] @ http://localhost:5175/src/features/exam/petRw/ReadingPetRwTest.tsx?t=1785418040751:288
[ 3273164ms] [TABLE] [Object, Object, Object, Object, Object] @ http://localhost:5175/src/features/exam/petRw/ReadingPetRwTest.tsx?t=1785418040751:288
[ 3273165ms] [TABLE] [Object, Object, Object, Object, Object] @ http://localhost:5175/src/features/exam/petRw/ReadingPetRwTest.tsx?t=1785418040751:288
[ 3274181ms] [TABLE] [Object, Object, Object, Object, Object] @ http://localhost:5175/src/features/exam/petRw/ReadingPetRwTest.tsx?t=1785418040751:288
[ 3274181ms] [TABLE] [Object, Object, Object, Object, Object] @ http://localhost:5175/src/features/exam/petRw/ReadingPetRwTest.tsx?t=1785418040751:288
[ 3276160ms] [TABLE] [Object, Object, Object, Object, Object] @ http://localhost:5175/src/features/exam/petRw/ReadingPetRwTest.tsx?t=1785418040751:288
[ 3276160ms] [TABLE] [Object, Object, Object, Object, Object] @ http://localhost:5175/src/features/exam/petRw/ReadingPetRwTest.tsx?t=1785418040751:288
[ 3278162ms] [TABLE] [Object, Object, Object, Object, Object] @ http://localhost:5175/src/features/exam/petRw/ReadingPetRwTest.tsx?t=1785418040751:288
[ 3278163ms] [TABLE] [Object, Object, Object, Object, Object] @ http://localhost:5175/src/features/exam/petRw/ReadingPetRwTest.tsx?t=1785418040751:288
[ 3280169ms] [TABLE] [Object, Object, Object, Object, Object] @ http://localhost:5175/src/features/exam/petRw/ReadingPetRwTest.tsx?t=1785418040751:288
[ 3280170ms] [TABLE] [Object, Object, Object, Object, Object] @ http://localhost:5175/src/features/exam/petRw/ReadingPetRwTest.tsx?t=1785418040751:288
[ 3282158ms] [TABLE] [Object, Object, Object, Object, Object] @ http://localhost:5175/src/features/exam/petRw/ReadingPetRwTest.tsx?t=1785418040751:288
[ 3282159ms] [TABLE] [Object, Object, Object, Object, Object] @ http://localhost:5175/src/features/exam/petRw/ReadingPetRwTest.tsx?t=1785418040751:288
[ 3284164ms] [TABLE] [Object, Object, Object, Object, Object] @ http://localhost:5175/src/features/exam/petRw/ReadingPetRwTest.tsx?t=1785418040751:288
[ 3284164ms] [TABLE] [Object, Object, Object, Object, Object] @ http://localhost:5175/src/features/exam/petRw/ReadingPetRwTest.tsx?t=1785418040751:288
[ 3286163ms] [TABLE] [Object, Object, Object, Object, Object] @ http://localhost:5175/src/features/exam/petRw/ReadingPetRwTest.tsx?t=1785418040751:288
[ 3286164ms] [TABLE] [Object, Object, Object, Object, Object] @ http://localhost:5175/src/features/exam/petRw/ReadingPetRwTest.tsx?t=1785418040751:288
[ 3288166ms] [TABLE] [Object, Object, Object, Object, Object] @ http://localhost:5175/src/features/exam/petRw/ReadingPetRwTest.tsx?t=1785418040751:288
[ 3288167ms] [TABLE] [Object, Object, Object, Object, Object] @ http://localhost:5175/src/features/exam/petRw/ReadingPetRwTest.tsx?t=1785418040751:288
[ 3290156ms] [TABLE] [Object, Object, Object, Object, Object] @ http://localhost:5175/src/features/exam/petRw/ReadingPetRwTest.tsx?t=1785418040751:288
[ 3290157ms] [TABLE] [Object, Object, Object, Object, Object] @ http://localhost:5175/src/features/exam/petRw/ReadingPetRwTest.tsx?t=1785418040751:288
[ 3292156ms] [TABLE] [Object, Object, Object, Object, Object] @ http://localhost:5175/src/features/exam/petRw/ReadingPetRwTest.tsx?t=1785418040751:288
[ 3292156ms] [TABLE] [Object, Object, Object, Object, Object] @ http://localhost:5175/src/features/exam/petRw/ReadingPetRwTest.tsx?t=1785418040751:288
[ 3294160ms] [TABLE] [Object, Object, Object, Object, Object] @ http://localhost:5175/src/features/exam/petRw/ReadingPetRwTest.tsx?t=1785418040751:288
[ 3294161ms] [TABLE] [Object, Object, Object, Object, Object] @ http://localhost:5175/src/features/exam/petRw/ReadingPetRwTest.tsx?t=1785418040751:288
[ 3296161ms] [TABLE] [Object, Object, Object, Object, Object] @ http://localhost:5175/src/features/exam/petRw/ReadingPetRwTest.tsx?t=1785418040751:288
[ 3296162ms] [TABLE] [Object, Object, Object, Object, Object] @ http://localhost:5175/src/features/exam/petRw/ReadingPetRwTest.tsx?t=1785418040751:288
[ 3298162ms] [TABLE] [Object, Object, Object, Object, Object] @ http://localhost:5175/src/features/exam/petRw/ReadingPetRwTest.tsx?t=1785418040751:288
[ 3298162ms] [TABLE] [Object, Object, Object, Object, Object] @ http://localhost:5175/src/features/exam/petRw/ReadingPetRwTest.tsx?t=1785418040751:288
[ 3300165ms] [TABLE] [Object, Object, Object, Object, Object] @ http://localhost:5175/src/features/exam/petRw/ReadingPetRwTest.tsx?t=1785418040751:288
[ 3300166ms] [TABLE] [Object, Object, Object, Object, Object] @ http://localhost:5175/src/features/exam/petRw/ReadingPetRwTest.tsx?t=1785418040751:288
[ 3302159ms] [TABLE] [Object, Object, Object, Object, Object] @ http://localhost:5175/src/features/exam/petRw/ReadingPetRwTest.tsx?t=1785418040751:288
[ 3302160ms] [TABLE] [Object, Object, Object, Object, Object] @ http://localhost:5175/src/features/exam/petRw/ReadingPetRwTest.tsx?t=1785418040751:288
[ 3304156ms] [TABLE] [Object, Object, Object, Object, Object] @ http://localhost:5175/src/features/exam/petRw/ReadingPetRwTest.tsx?t=1785418040751:288
[ 3304156ms] [TABLE] [Object, Object, Object, Object, Object] @ http://localhost:5175/src/features/exam/petRw/ReadingPetRwTest.tsx?t=1785418040751:288
[ 3306165ms] [TABLE] [Object, Object, Object, Object, Object] @ http://localhost:5175/src/features/exam/petRw/ReadingPetRwTest.tsx?t=1785418040751:288
[ 3306165ms] [TABLE] [Object, Object, Object, Object, Object] @ http://localhost:5175/src/features/exam/petRw/ReadingPetRwTest.tsx?t=1785418040751:288
[ 3308168ms] [TABLE] [Object, Object, Object, Object, Object] @ http://localhost:5175/src/features/exam/petRw/ReadingPetRwTest.tsx?t=1785418040751:288
[ 3308170ms] [TABLE] [Object, Object, Object, Object, Object] @ http://localhost:5175/src/features/exam/petRw/ReadingPetRwTest.tsx?t=1785418040751:288
[ 3310159ms] [TABLE] [Object, Object, Object, Object, Object] @ http://localhost:5175/src/features/exam/petRw/ReadingPetRwTest.tsx?t=1785418040751:288
[ 3310159ms] [TABLE] [Object, Object, Object, Object, Object] @ http://localhost:5175/src/features/exam/petRw/ReadingPetRwTest.tsx?t=1785418040751:288
[ 3312169ms] [TABLE] [Object, Object, Object, Object, Object] @ http://localhost:5175/src/features/exam/petRw/ReadingPetRwTest.tsx?t=1785418040751:288
[ 3312170ms] [TABLE] [Object, Object, Object, Object, Object] @ http://localhost:5175/src/features/exam/petRw/ReadingPetRwTest.tsx?t=1785418040751:288
[ 3314163ms] [TABLE] [Object, Object, Object, Object, Object] @ http://localhost:5175/src/features/exam/petRw/ReadingPetRwTest.tsx?t=1785418040751:288
[ 3314164ms] [TABLE] [Object, Object, Object, Object, Object] @ http://localhost:5175/src/features/exam/petRw/ReadingPetRwTest.tsx?t=1785418040751:288
[ 3316155ms] [TABLE] [Object, Object, Object, Object, Object] @ http://localhost:5175/src/features/exam/petRw/ReadingPetRwTest.tsx?t=1785418040751:288
[ 3316156ms] [TABLE] [Object, Object, Object, Object, Object] @ http://localhost:5175/src/features/exam/petRw/ReadingPetRwTest.tsx?t=1785418040751:288
[ 3318164ms] [TABLE] [Object, Object, Object, Object, Object] @ http://localhost:5175/src/features/exam/petRw/ReadingPetRwTest.tsx?t=1785418040751:288
[ 3318165ms] [TABLE] [Object, Object, Object, Object, Object] @ http://localhost:5175/src/features/exam/petRw/ReadingPetRwTest.tsx?t=1785418040751:288
[ 3320168ms] [TABLE] [Object, Object, Object, Object, Object] @ http://localhost:5175/src/features/exam/petRw/ReadingPetRwTest.tsx?t=1785418040751:288
[ 3320168ms] [TABLE] [Object, Object, Object, Object, Object] @ http://localhost:5175/src/features/exam/petRw/ReadingPetRwTest.tsx?t=1785418040751:288
[ 3322165ms] [TABLE] [Object, Object, Object, Object, Object] @ http://localhost:5175/src/features/exam/petRw/ReadingPetRwTest.tsx?t=1785418040751:288
[ 3322165ms] [TABLE] [Object, Object, Object, Object, Object] @ http://localhost:5175/src/features/exam/petRw/ReadingPetRwTest.tsx?t=1785418040751:288
[ 3324167ms] [TABLE] [Object, Object, Object, Object, Object] @ http://localhost:5175/src/features/exam/petRw/ReadingPetRwTest.tsx?t=1785418040751:288
[ 3324168ms] [TABLE] [Object, Object, Object, Object, Object] @ http://localhost:5175/src/features/exam/petRw/ReadingPetRwTest.tsx?t=1785418040751:288
[ 3326158ms] [TABLE] [Object, Object, Object, Object, Object] @ http://localhost:5175/src/features/exam/petRw/ReadingPetRwTest.tsx?t=1785418040751:288
[ 3326159ms] [TABLE] [Object, Object, Object, Object, Object] @ http://localhost:5175/src/features/exam/petRw/ReadingPetRwTest.tsx?t=1785418040751:288
[ 3328157ms] [TABLE] [Object, Object, Object, Object, Object] @ http://localhost:5175/src/features/exam/petRw/ReadingPetRwTest.tsx?t=1785418040751:288
[ 3328158ms] [TABLE] [Object, Object, Object, Object, Object] @ http://localhost:5175/src/features/exam/petRw/ReadingPetRwTest.tsx?t=1785418040751:288
[ 3330158ms] [TABLE] [Object, Object, Object, Object, Object] @ http://localhost:5175/src/features/exam/petRw/ReadingPetRwTest.tsx?t=1785418040751:288
[ 3330161ms] [TABLE] [Object, Object, Object, Object, Object] @ http://localhost:5175/src/features/exam/petRw/ReadingPetRwTest.tsx?t=1785418040751:288
[ 3332161ms] [TABLE] [Object, Object, Object, Object, Object] @ http://localhost:5175/src/features/exam/petRw/ReadingPetRwTest.tsx?t=1785418040751:288
[ 3332161ms] [TABLE] [Object, Object, Object, Object, Object] @ http://localhost:5175/src/features/exam/petRw/ReadingPetRwTest.tsx?t=1785418040751:288
[ 3334071ms] [TABLE] [Object, Object, Object, Object, Object] @ http://localhost:5175/src/features/exam/petRw/ReadingPetRwTest.tsx?t=1785418040751:288
[ 3334071ms] [TABLE] [Object, Object, Object, Object, Object] @ http://localhost:5175/src/features/exam/petRw/ReadingPetRwTest.tsx?t=1785418040751:288
[ 3335168ms] [TABLE] [Object, Object, Object, Object, Object] @ http://localhost:5175/src/features/exam/petRw/ReadingPetRwTest.tsx?t=1785418040751:288
[ 3335169ms] [TABLE] [Object, Object, Object, Object, Object] @ http://localhost:5175/src/features/exam/petRw/ReadingPetRwTest.tsx?t=1785418040751:288
[ 3337162ms] [TABLE] [Object, Object, Object, Object, Object] @ http://localhost:5175/src/features/exam/petRw/ReadingPetRwTest.tsx?t=1785418040751:288
[ 3337163ms] [TABLE] [Object, Object, Object, Object, Object] @ http://localhost:5175/src/features/exam/petRw/ReadingPetRwTest.tsx?t=1785418040751:288
[ 3339168ms] [TABLE] [Object, Object, Object, Object, Object] @ http://localhost:5175/src/features/exam/petRw/ReadingPetRwTest.tsx?t=1785418040751:288
[ 3339168ms] [TABLE] [Object, Object, Object, Object, Object] @ http://localhost:5175/src/features/exam/petRw/ReadingPetRwTest.tsx?t=1785418040751:288
[ 3341163ms] [TABLE] [Object, Object, Object, Object, Object] @ http://localhost:5175/src/features/exam/petRw/ReadingPetRwTest.tsx?t=1785418040751:288
[ 3341163ms] [TABLE] [Object, Object, Object, Object, Object] @ http://localhost:5175/src/features/exam/petRw/ReadingPetRwTest.tsx?t=1785418040751:288
[ 3343169ms] [TABLE] [Object, Object, Object, Object, Object] @ http://localhost:5175/src/features/exam/petRw/ReadingPetRwTest.tsx?t=1785418040751:288
[ 3343169ms] [TABLE] [Object, Object, Object, Object, Object] @ http://localhost:5175/src/features/exam/petRw/ReadingPetRwTest.tsx?t=1785418040751:288
[ 3345158ms] [TABLE] [Object, Object, Object, Object, Object] @ http://localhost:5175/src/features/exam/petRw/ReadingPetRwTest.tsx?t=1785418040751:288
[ 3345159ms] [TABLE] [Object, Object, Object, Object, Object] @ http://localhost:5175/src/features/exam/petRw/ReadingPetRwTest.tsx?t=1785418040751:288
[ 3347173ms] [TABLE] [Object, Object, Object, Object, Object] @ http://localhost:5175/src/features/exam/petRw/ReadingPetRwTest.tsx?t=1785418040751:288
[ 3347173ms] [TABLE] [Object, Object, Object, Object, Object] @ http://localhost:5175/src/features/exam/petRw/ReadingPetRwTest.tsx?t=1785418040751:288
[ 3349162ms] [TABLE] [Object, Object, Object, Object, Object] @ http://localhost:5175/src/features/exam/petRw/ReadingPetRwTest.tsx?t=1785418040751:288
[ 3349162ms] [TABLE] [Object, Object, Object, Object, Object] @ http://localhost:5175/src/features/exam/petRw/ReadingPetRwTest.tsx?t=1785418040751:288
[ 3351162ms] [TABLE] [Object, Object, Object, Object, Object] @ http://localhost:5175/src/features/exam/petRw/ReadingPetRwTest.tsx?t=1785418040751:288
[ 3351162ms] [TABLE] [Object, Object, Object, Object, Object] @ http://localhost:5175/src/features/exam/petRw/ReadingPetRwTest.tsx?t=1785418040751:288
[ 3353161ms] [TABLE] [Object, Object, Object, Object, Object] @ http://localhost:5175/src/features/exam/petRw/ReadingPetRwTest.tsx?t=1785418040751:288
[ 3353161ms] [TABLE] [Object, Object, Object, Object, Object] @ http://localhost:5175/src/features/exam/petRw/ReadingPetRwTest.tsx?t=1785418040751:288
[ 3355173ms] [TABLE] [Object, Object, Object, Object, Object] @ http://localhost:5175/src/features/exam/petRw/ReadingPetRwTest.tsx?t=1785418040751:288
[ 3355173ms] [TABLE] [Object, Object, Object, Object, Object] @ http://localhost:5175/src/features/exam/petRw/ReadingPetRwTest.tsx?t=1785418040751:288
[ 3357161ms] [TABLE] [Object, Object, Object, Object, Object] @ http://localhost:5175/src/features/exam/petRw/ReadingPetRwTest.tsx?t=1785418040751:288
[ 3357161ms] [TABLE] [Object, Object, Object, Object, Object] @ http://localhost:5175/src/features/exam/petRw/ReadingPetRwTest.tsx?t=1785418040751:288
[ 3359183ms] [TABLE] [Object, Object, Object, Object, Object] @ http://localhost:5175/src/features/exam/petRw/ReadingPetRwTest.tsx?t=1785418040751:288
[ 3359184ms] [TABLE] [Object, Object, Object, Object, Object] @ http://localhost:5175/src/features/exam/petRw/ReadingPetRwTest.tsx?t=1785418040751:288
[ 3361158ms] [TABLE] [Object, Object, Object, Object, Object] @ http://localhost:5175/src/features/exam/petRw/ReadingPetRwTest.tsx?t=1785418040751:288
[ 3361158ms] [TABLE] [Object, Object, Object, Object, Object] @ http://localhost:5175/src/features/exam/petRw/ReadingPetRwTest.tsx?t=1785418040751:288
[ 3363163ms] [TABLE] [Object, Object, Object, Object, Object] @ http://localhost:5175/src/features/exam/petRw/ReadingPetRwTest.tsx?t=1785418040751:288
[ 3363164ms] [TABLE] [Object, Object, Object, Object, Object] @ http://localhost:5175/src/features/exam/petRw/ReadingPetRwTest.tsx?t=1785418040751:288
[ 3365157ms] [TABLE] [Object, Object, Object, Object, Object] @ http://localhost:5175/src/features/exam/petRw/ReadingPetRwTest.tsx?t=1785418040751:288
[ 3365158ms] [TABLE] [Object, Object, Object, Object, Object] @ http://localhost:5175/src/features/exam/petRw/ReadingPetRwTest.tsx?t=1785418040751:288
[ 3367168ms] [TABLE] [Object, Object, Object, Object, Object] @ http://localhost:5175/src/features/exam/petRw/ReadingPetRwTest.tsx?t=1785418040751:288
[ 3367168ms] [TABLE] [Object, Object, Object, Object, Object] @ http://localhost:5175/src/features/exam/petRw/ReadingPetRwTest.tsx?t=1785418040751:288
[ 3369158ms] [TABLE] [Object, Object, Object, Object, Object] @ http://localhost:5175/src/features/exam/petRw/ReadingPetRwTest.tsx?t=1785418040751:288
[ 3369158ms] [TABLE] [Object, Object, Object, Object, Object] @ http://localhost:5175/src/features/exam/petRw/ReadingPetRwTest.tsx?t=1785418040751:288
[ 3371160ms] [TABLE] [Object, Object, Object, Object, Object] @ http://localhost:5175/src/features/exam/petRw/ReadingPetRwTest.tsx?t=1785418040751:288
[ 3371161ms] [TABLE] [Object, Object, Object, Object, Object] @ http://localhost:5175/src/features/exam/petRw/ReadingPetRwTest.tsx?t=1785418040751:288
[ 3373161ms] [TABLE] [Object, Object, Object, Object, Object] @ http://localhost:5175/src/features/exam/petRw/ReadingPetRwTest.tsx?t=1785418040751:288
[ 3373162ms] [TABLE] [Object, Object, Object, Object, Object] @ http://localhost:5175/src/features/exam/petRw/ReadingPetRwTest.tsx?t=1785418040751:288
[ 3375163ms] [TABLE] [Object, Object, Object, Object, Object] @ http://localhost:5175/src/features/exam/petRw/ReadingPetRwTest.tsx?t=1785418040751:288
[ 3375164ms] [TABLE] [Object, Object, Object, Object, Object] @ http://localhost:5175/src/features/exam/petRw/ReadingPetRwTest.tsx?t=1785418040751:288
[ 3377165ms] [TABLE] [Object, Object, Object, Object, Object] @ http://localhost:5175/src/features/exam/petRw/ReadingPetRwTest.tsx?t=1785418040751:288
[ 3377165ms] [TABLE] [Object, Object, Object, Object, Object] @ http://localhost:5175/src/features/exam/petRw/ReadingPetRwTest.tsx?t=1785418040751:288
[ 3379166ms] [TABLE] [Object, Object, Object, Object, Object] @ http://localhost:5175/src/features/exam/petRw/ReadingPetRwTest.tsx?t=1785418040751:288
[ 3379167ms] [TABLE] [Object, Object, Object, Object, Object] @ http://localhost:5175/src/features/exam/petRw/ReadingPetRwTest.tsx?t=1785418040751:288
[ 3381162ms] [TABLE] [Object, Object, Object, Object, Object] @ http://localhost:5175/src/features/exam/petRw/ReadingPetRwTest.tsx?t=1785418040751:288
[ 3381163ms] [TABLE] [Object, Object, Object, Object, Object] @ http://localhost:5175/src/features/exam/petRw/ReadingPetRwTest.tsx?t=1785418040751:288
[ 3383159ms] [TABLE] [Object, Object, Object, Object, Object] @ http://localhost:5175/src/features/exam/petRw/ReadingPetRwTest.tsx?t=1785418040751:288
[ 3383159ms] [TABLE] [Object, Object, Object, Object, Object] @ http://localhost:5175/src/features/exam/petRw/ReadingPetRwTest.tsx?t=1785418040751:288
[ 3385156ms] [TABLE] [Object, Object, Object, Object, Object] @ http://localhost:5175/src/features/exam/petRw/ReadingPetRwTest.tsx?t=1785418040751:288
[ 3385157ms] [TABLE] [Object, Object, Object, Object, Object] @ http://localhost:5175/src/features/exam/petRw/ReadingPetRwTest.tsx?t=1785418040751:288
[ 3387161ms] [TABLE] [Object, Object, Object, Object, Object] @ http://localhost:5175/src/features/exam/petRw/ReadingPetRwTest.tsx?t=1785418040751:288
[ 3387162ms] [TABLE] [Object, Object, Object, Object, Object] @ http://localhost:5175/src/features/exam/petRw/ReadingPetRwTest.tsx?t=1785418040751:288
[ 3389162ms] [TABLE] [Object, Object, Object, Object, Object] @ http://localhost:5175/src/features/exam/petRw/ReadingPetRwTest.tsx?t=1785418040751:288
[ 3389162ms] [TABLE] [Object, Object, Object, Object, Object] @ http://localhost:5175/src/features/exam/petRw/ReadingPetRwTest.tsx?t=1785418040751:288
[ 3391161ms] [TABLE] [Object, Object, Object, Object, Object] @ http://localhost:5175/src/features/exam/petRw/ReadingPetRwTest.tsx?t=1785418040751:288
[ 3391162ms] [TABLE] [Object, Object, Object, Object, Object] @ http://localhost:5175/src/features/exam/petRw/ReadingPetRwTest.tsx?t=1785418040751:288
[ 3393162ms] [TABLE] [Object, Object, Object, Object, Object] @ http://localhost:5175/src/features/exam/petRw/ReadingPetRwTest.tsx?t=1785418040751:288
[ 3393163ms] [TABLE] [Object, Object, Object, Object, Object] @ http://localhost:5175/src/features/exam/petRw/ReadingPetRwTest.tsx?t=1785418040751:288
[ 3395162ms] [TABLE] [Object, Object, Object, Object, Object] @ http://localhost:5175/src/features/exam/petRw/ReadingPetRwTest.tsx?t=1785418040751:288
[ 3395162ms] [TABLE] [Object, Object, Object, Object, Object] @ http://localhost:5175/src/features/exam/petRw/ReadingPetRwTest.tsx?t=1785418040751:288
[ 3397165ms] [TABLE] [Object, Object, Object, Object, Object] @ http://localhost:5175/src/features/exam/petRw/ReadingPetRwTest.tsx?t=1785418040751:288
[ 3397166ms] [TABLE] [Object, Object, Object, Object, Object] @ http://localhost:5175/src/features/exam/petRw/ReadingPetRwTest.tsx?t=1785418040751:288
[ 3399167ms] [TABLE] [Object, Object, Object, Object, Object] @ http://localhost:5175/src/features/exam/petRw/ReadingPetRwTest.tsx?t=1785418040751:288
[ 3399168ms] [TABLE] [Object, Object, Object, Object, Object] @ http://localhost:5175/src/features/exam/petRw/ReadingPetRwTest.tsx?t=1785418040751:288
[ 3401169ms] [TABLE] [Object, Object, Object, Object, Object] @ http://localhost:5175/src/features/exam/petRw/ReadingPetRwTest.tsx?t=1785418040751:288
[ 3401169ms] [TABLE] [Object, Object, Object, Object, Object] @ http://localhost:5175/src/features/exam/petRw/ReadingPetRwTest.tsx?t=1785418040751:288
[ 3403170ms] [TABLE] [Object, Object, Object, Object, Object] @ http://localhost:5175/src/features/exam/petRw/ReadingPetRwTest.tsx?t=1785418040751:288
[ 3403172ms] [TABLE] [Object, Object, Object, Object, Object] @ http://localhost:5175/src/features/exam/petRw/ReadingPetRwTest.tsx?t=1785418040751:288
[ 3405169ms] [TABLE] [Object, Object, Object, Object, Object] @ http://localhost:5175/src/features/exam/petRw/ReadingPetRwTest.tsx?t=1785418040751:288
[ 3405169ms] [TABLE] [Object, Object, Object, Object, Object] @ http://localhost:5175/src/features/exam/petRw/ReadingPetRwTest.tsx?t=1785418040751:288
[ 3407162ms] [TABLE] [Object, Object, Object, Object, Object] @ http://localhost:5175/src/features/exam/petRw/ReadingPetRwTest.tsx?t=1785418040751:288
[ 3407164ms] [TABLE] [Object, Object, Object, Object, Object] @ http://localhost:5175/src/features/exam/petRw/ReadingPetRwTest.tsx?t=1785418040751:288
[ 3409158ms] [TABLE] [Object, Object, Object, Object, Object] @ http://localhost:5175/src/features/exam/petRw/ReadingPetRwTest.tsx?t=1785418040751:288
[ 3409159ms] [TABLE] [Object, Object, Object, Object, Object] @ http://localhost:5175/src/features/exam/petRw/ReadingPetRwTest.tsx?t=1785418040751:288
[ 3411162ms] [TABLE] [Object, Object, Object, Object, Object] @ http://localhost:5175/src/features/exam/petRw/ReadingPetRwTest.tsx?t=1785418040751:288
[ 3411162ms] [TABLE] [Object, Object, Object, Object, Object] @ http://localhost:5175/src/features/exam/petRw/ReadingPetRwTest.tsx?t=1785418040751:288
[ 3413158ms] [TABLE] [Object, Object, Object, Object, Object] @ http://localhost:5175/src/features/exam/petRw/ReadingPetRwTest.tsx?t=1785418040751:288
[ 3413159ms] [TABLE] [Object, Object, Object, Object, Object] @ http://localhost:5175/src/features/exam/petRw/ReadingPetRwTest.tsx?t=1785418040751:288
[ 3415165ms] [TABLE] [Object, Object, Object, Object, Object] @ http://localhost:5175/src/features/exam/petRw/ReadingPetRwTest.tsx?t=1785418040751:288
[ 3415166ms] [TABLE] [Object, Object, Object, Object, Object] @ http://localhost:5175/src/features/exam/petRw/ReadingPetRwTest.tsx?t=1785418040751:288
[ 3417166ms] [TABLE] [Object, Object, Object, Object, Object] @ http://localhost:5175/src/features/exam/petRw/ReadingPetRwTest.tsx?t=1785418040751:288
[ 3417166ms] [TABLE] [Object, Object, Object, Object, Object] @ http://localhost:5175/src/features/exam/petRw/ReadingPetRwTest.tsx?t=1785418040751:288
[ 3419181ms] [TABLE] [Object, Object, Object, Object, Object] @ http://localhost:5175/src/features/exam/petRw/ReadingPetRwTest.tsx?t=1785418040751:288
[ 3419182ms] [TABLE] [Object, Object, Object, Object, Object] @ http://localhost:5175/src/features/exam/petRw/ReadingPetRwTest.tsx?t=1785418040751:288
[ 3421169ms] [TABLE] [Object, Object, Object, Object, Object] @ http://localhost:5175/src/features/exam/petRw/ReadingPetRwTest.tsx?t=1785418040751:288
[ 3421170ms] [TABLE] [Object, Object, Object, Object, Object] @ http://localhost:5175/src/features/exam/petRw/ReadingPetRwTest.tsx?t=1785418040751:288
[ 3423169ms] [TABLE] [Object, Object, Object, Object, Object] @ http://localhost:5175/src/features/exam/petRw/ReadingPetRwTest.tsx?t=1785418040751:288
[ 3423169ms] [TABLE] [Object, Object, Object, Object, Object] @ http://localhost:5175/src/features/exam/petRw/ReadingPetRwTest.tsx?t=1785418040751:288
[ 3425155ms] [TABLE] [Object, Object, Object, Object, Object] @ http://localhost:5175/src/features/exam/petRw/ReadingPetRwTest.tsx?t=1785418040751:288
[ 3425156ms] [TABLE] [Object, Object, Object, Object, Object] @ http://localhost:5175/src/features/exam/petRw/ReadingPetRwTest.tsx?t=1785418040751:288
[ 3427160ms] [TABLE] [Object, Object, Object, Object, Object] @ http://localhost:5175/src/features/exam/petRw/ReadingPetRwTest.tsx?t=1785418040751:288
[ 3427160ms] [TABLE] [Object, Object, Object, Object, Object] @ http://localhost:5175/src/features/exam/petRw/ReadingPetRwTest.tsx?t=1785418040751:288
[ 3429162ms] [TABLE] [Object, Object, Object, Object, Object] @ http://localhost:5175/src/features/exam/petRw/ReadingPetRwTest.tsx?t=1785418040751:288
[ 3429162ms] [TABLE] [Object, Object, Object, Object, Object] @ http://localhost:5175/src/features/exam/petRw/ReadingPetRwTest.tsx?t=1785418040751:288
[ 3431161ms] [TABLE] [Object, Object, Object, Object, Object] @ http://localhost:5175/src/features/exam/petRw/ReadingPetRwTest.tsx?t=1785418040751:288
[ 3431162ms] [TABLE] [Object, Object, Object, Object, Object] @ http://localhost:5175/src/features/exam/petRw/ReadingPetRwTest.tsx?t=1785418040751:288
[ 3433163ms] [TABLE] [Object, Object, Object, Object, Object] @ http://localhost:5175/src/features/exam/petRw/ReadingPetRwTest.tsx?t=1785418040751:288
[ 3433164ms] [TABLE] [Object, Object, Object, Object, Object] @ http://localhost:5175/src/features/exam/petRw/ReadingPetRwTest.tsx?t=1785418040751:288
[ 3435165ms] [TABLE] [Object, Object, Object, Object, Object] @ http://localhost:5175/src/features/exam/petRw/ReadingPetRwTest.tsx?t=1785418040751:288
[ 3435166ms] [TABLE] [Object, Object, Object, Object, Object] @ http://localhost:5175/src/features/exam/petRw/ReadingPetRwTest.tsx?t=1785418040751:288
[ 3437168ms] [TABLE] [Object, Object, Object, Object, Object] @ http://localhost:5175/src/features/exam/petRw/ReadingPetRwTest.tsx?t=1785418040751:288
[ 3437169ms] [TABLE] [Object, Object, Object, Object, Object] @ http://localhost:5175/src/features/exam/petRw/ReadingPetRwTest.tsx?t=1785418040751:288
[ 3439168ms] [TABLE] [Object, Object, Object, Object, Object] @ http://localhost:5175/src/features/exam/petRw/ReadingPetRwTest.tsx?t=1785418040751:288
[ 3439169ms] [TABLE] [Object, Object, Object, Object, Object] @ http://localhost:5175/src/features/exam/petRw/ReadingPetRwTest.tsx?t=1785418040751:288
[ 3441170ms] [TABLE] [Object, Object, Object, Object, Object] @ http://localhost:5175/src/features/exam/petRw/ReadingPetRwTest.tsx?t=1785418040751:288
[ 3441171ms] [TABLE] [Object, Object, Object, Object, Object] @ http://localhost:5175/src/features/exam/petRw/ReadingPetRwTest.tsx?t=1785418040751:288
[ 3443155ms] [TABLE] [Object, Object, Object, Object, Object] @ http://localhost:5175/src/features/exam/petRw/ReadingPetRwTest.tsx?t=1785418040751:288
[ 3443156ms] [TABLE] [Object, Object, Object, Object, Object] @ http://localhost:5175/src/features/exam/petRw/ReadingPetRwTest.tsx?t=1785418040751:288
[ 3445157ms] [TABLE] [Object, Object, Object, Object, Object] @ http://localhost:5175/src/features/exam/petRw/ReadingPetRwTest.tsx?t=1785418040751:288
[ 3445158ms] [TABLE] [Object, Object, Object, Object, Object] @ http://localhost:5175/src/features/exam/petRw/ReadingPetRwTest.tsx?t=1785418040751:288
[ 3447159ms] [TABLE] [Object, Object, Object, Object, Object] @ http://localhost:5175/src/features/exam/petRw/ReadingPetRwTest.tsx?t=1785418040751:288
[ 3447159ms] [TABLE] [Object, Object, Object, Object, Object] @ http://localhost:5175/src/features/exam/petRw/ReadingPetRwTest.tsx?t=1785418040751:288
[ 3449160ms] [TABLE] [Object, Object, Object, Object, Object] @ http://localhost:5175/src/features/exam/petRw/ReadingPetRwTest.tsx?t=1785418040751:288
[ 3449160ms] [TABLE] [Object, Object, Object, Object, Object] @ http://localhost:5175/src/features/exam/petRw/ReadingPetRwTest.tsx?t=1785418040751:288
[ 3451162ms] [TABLE] [Object, Object, Object, Object, Object] @ http://localhost:5175/src/features/exam/petRw/ReadingPetRwTest.tsx?t=1785418040751:288
[ 3451162ms] [TABLE] [Object, Object, Object, Object, Object] @ http://localhost:5175/src/features/exam/petRw/ReadingPetRwTest.tsx?t=1785418040751:288
[ 3453164ms] [TABLE] [Object, Object, Object, Object, Object] @ http://localhost:5175/src/features/exam/petRw/ReadingPetRwTest.tsx?t=1785418040751:288
[ 3453164ms] [TABLE] [Object, Object, Object, Object, Object] @ http://localhost:5175/src/features/exam/petRw/ReadingPetRwTest.tsx?t=1785418040751:288
[ 3455165ms] [TABLE] [Object, Object, Object, Object, Object] @ http://localhost:5175/src/features/exam/petRw/ReadingPetRwTest.tsx?t=1785418040751:288
[ 3455166ms] [TABLE] [Object, Object, Object, Object, Object] @ http://localhost:5175/src/features/exam/petRw/ReadingPetRwTest.tsx?t=1785418040751:288
[ 3457167ms] [TABLE] [Object, Object, Object, Object, Object] @ http://localhost:5175/src/features/exam/petRw/ReadingPetRwTest.tsx?t=1785418040751:288
[ 3457168ms] [TABLE] [Object, Object, Object, Object, Object] @ http://localhost:5175/src/features/exam/petRw/ReadingPetRwTest.tsx?t=1785418040751:288
[ 3459169ms] [TABLE] [Object, Object, Object, Object, Object] @ http://localhost:5175/src/features/exam/petRw/ReadingPetRwTest.tsx?t=1785418040751:288
[ 3459170ms] [TABLE] [Object, Object, Object, Object, Object] @ http://localhost:5175/src/features/exam/petRw/ReadingPetRwTest.tsx?t=1785418040751:288
[ 3461155ms] [TABLE] [Object, Object, Object, Object, Object] @ http://localhost:5175/src/features/exam/petRw/ReadingPetRwTest.tsx?t=1785418040751:288
[ 3461156ms] [TABLE] [Object, Object, Object, Object, Object] @ http://localhost:5175/src/features/exam/petRw/ReadingPetRwTest.tsx?t=1785418040751:288
[ 3463156ms] [TABLE] [Object, Object, Object, Object, Object] @ http://localhost:5175/src/features/exam/petRw/ReadingPetRwTest.tsx?t=1785418040751:288
[ 3463156ms] [TABLE] [Object, Object, Object, Object, Object] @ http://localhost:5175/src/features/exam/petRw/ReadingPetRwTest.tsx?t=1785418040751:288
[ 3465157ms] [TABLE] [Object, Object, Object, Object, Object] @ http://localhost:5175/src/features/exam/petRw/ReadingPetRwTest.tsx?t=1785418040751:288
[ 3465158ms] [TABLE] [Object, Object, Object, Object, Object] @ http://localhost:5175/src/features/exam/petRw/ReadingPetRwTest.tsx?t=1785418040751:288
[ 3467159ms] [TABLE] [Object, Object, Object, Object, Object] @ http://localhost:5175/src/features/exam/petRw/ReadingPetRwTest.tsx?t=1785418040751:288
[ 3467160ms] [TABLE] [Object, Object, Object, Object, Object] @ http://localhost:5175/src/features/exam/petRw/ReadingPetRwTest.tsx?t=1785418040751:288
[ 3469164ms] [TABLE] [Object, Object, Object, Object, Object] @ http://localhost:5175/src/features/exam/petRw/ReadingPetRwTest.tsx?t=1785418040751:288
[ 3469164ms] [TABLE] [Object, Object, Object, Object, Object] @ http://localhost:5175/src/features/exam/petRw/ReadingPetRwTest.tsx?t=1785418040751:288
[ 3471162ms] [TABLE] [Object, Object, Object, Object, Object] @ http://localhost:5175/src/features/exam/petRw/ReadingPetRwTest.tsx?t=1785418040751:288
[ 3471163ms] [TABLE] [Object, Object, Object, Object, Object] @ http://localhost:5175/src/features/exam/petRw/ReadingPetRwTest.tsx?t=1785418040751:288
[ 3473163ms] [TABLE] [Object, Object, Object, Object, Object] @ http://localhost:5175/src/features/exam/petRw/ReadingPetRwTest.tsx?t=1785418040751:288
[ 3473164ms] [TABLE] [Object, Object, Object, Object, Object] @ http://localhost:5175/src/features/exam/petRw/ReadingPetRwTest.tsx?t=1785418040751:288
[ 3475166ms] [TABLE] [Object, Object, Object, Object, Object] @ http://localhost:5175/src/features/exam/petRw/ReadingPetRwTest.tsx?t=1785418040751:288
[ 3475167ms] [TABLE] [Object, Object, Object, Object, Object] @ http://localhost:5175/src/features/exam/petRw/ReadingPetRwTest.tsx?t=1785418040751:288
[ 3477167ms] [TABLE] [Object, Object, Object, Object, Object] @ http://localhost:5175/src/features/exam/petRw/ReadingPetRwTest.tsx?t=1785418040751:288
[ 3477167ms] [TABLE] [Object, Object, Object, Object, Object] @ http://localhost:5175/src/features/exam/petRw/ReadingPetRwTest.tsx?t=1785418040751:288
[ 3479169ms] [TABLE] [Object, Object, Object, Object, Object] @ http://localhost:5175/src/features/exam/petRw/ReadingPetRwTest.tsx?t=1785418040751:288
[ 3479169ms] [TABLE] [Object, Object, Object, Object, Object] @ http://localhost:5175/src/features/exam/petRw/ReadingPetRwTest.tsx?t=1785418040751:288
[ 3481156ms] [TABLE] [Object, Object, Object, Object, Object] @ http://localhost:5175/src/features/exam/petRw/ReadingPetRwTest.tsx?t=1785418040751:288
[ 3481157ms] [TABLE] [Object, Object, Object, Object, Object] @ http://localhost:5175/src/features/exam/petRw/ReadingPetRwTest.tsx?t=1785418040751:288
[ 3483158ms] [TABLE] [Object, Object, Object, Object, Object] @ http://localhost:5175/src/features/exam/petRw/ReadingPetRwTest.tsx?t=1785418040751:288
[ 3483158ms] [TABLE] [Object, Object, Object, Object, Object] @ http://localhost:5175/src/features/exam/petRw/ReadingPetRwTest.tsx?t=1785418040751:288
[ 3485158ms] [TABLE] [Object, Object, Object, Object, Object] @ http://localhost:5175/src/features/exam/petRw/ReadingPetRwTest.tsx?t=1785418040751:288
[ 3485159ms] [TABLE] [Object, Object, Object, Object, Object] @ http://localhost:5175/src/features/exam/petRw/ReadingPetRwTest.tsx?t=1785418040751:288
[ 3487160ms] [TABLE] [Object, Object, Object, Object, Object] @ http://localhost:5175/src/features/exam/petRw/ReadingPetRwTest.tsx?t=1785418040751:288
[ 3487161ms] [TABLE] [Object, Object, Object, Object, Object] @ http://localhost:5175/src/features/exam/petRw/ReadingPetRwTest.tsx?t=1785418040751:288
[ 3489161ms] [TABLE] [Object, Object, Object, Object, Object] @ http://localhost:5175/src/features/exam/petRw/ReadingPetRwTest.tsx?t=1785418040751:288
[ 3489162ms] [TABLE] [Object, Object, Object, Object, Object] @ http://localhost:5175/src/features/exam/petRw/ReadingPetRwTest.tsx?t=1785418040751:288
[ 3491166ms] [TABLE] [Object, Object, Object, Object, Object] @ http://localhost:5175/src/features/exam/petRw/ReadingPetRwTest.tsx?t=1785418040751:288
[ 3491166ms] [TABLE] [Object, Object, Object, Object, Object] @ http://localhost:5175/src/features/exam/petRw/ReadingPetRwTest.tsx?t=1785418040751:288
[ 3493159ms] [TABLE] [Object, Object, Object, Object, Object] @ http://localhost:5175/src/features/exam/petRw/ReadingPetRwTest.tsx?t=1785418040751:288
[ 3493160ms] [TABLE] [Object, Object, Object, Object, Object] @ http://localhost:5175/src/features/exam/petRw/ReadingPetRwTest.tsx?t=1785418040751:288
[ 3495166ms] [TABLE] [Object, Object, Object, Object, Object] @ http://localhost:5175/src/features/exam/petRw/ReadingPetRwTest.tsx?t=1785418040751:288
[ 3495167ms] [TABLE] [Object, Object, Object, Object, Object] @ http://localhost:5175/src/features/exam/petRw/ReadingPetRwTest.tsx?t=1785418040751:288
[ 3497168ms] [TABLE] [Object, Object, Object, Object, Object] @ http://localhost:5175/src/features/exam/petRw/ReadingPetRwTest.tsx?t=1785418040751:288
[ 3497168ms] [TABLE] [Object, Object, Object, Object, Object] @ http://localhost:5175/src/features/exam/petRw/ReadingPetRwTest.tsx?t=1785418040751:288
[ 3499168ms] [TABLE] [Object, Object, Object, Object, Object] @ http://localhost:5175/src/features/exam/petRw/ReadingPetRwTest.tsx?t=1785418040751:288
[ 3499168ms] [TABLE] [Object, Object, Object, Object, Object] @ http://localhost:5175/src/features/exam/petRw/ReadingPetRwTest.tsx?t=1785418040751:288
[ 3501166ms] [TABLE] [Object, Object, Object, Object, Object] @ http://localhost:5175/src/features/exam/petRw/ReadingPetRwTest.tsx?t=1785418040751:288
[ 3501166ms] [TABLE] [Object, Object, Object, Object, Object] @ http://localhost:5175/src/features/exam/petRw/ReadingPetRwTest.tsx?t=1785418040751:288
[ 3503156ms] [TABLE] [Object, Object, Object, Object, Object] @ http://localhost:5175/src/features/exam/petRw/ReadingPetRwTest.tsx?t=1785418040751:288
[ 3503157ms] [TABLE] [Object, Object, Object, Object, Object] @ http://localhost:5175/src/features/exam/petRw/ReadingPetRwTest.tsx?t=1785418040751:288
[ 3505159ms] [TABLE] [Object, Object, Object, Object, Object] @ http://localhost:5175/src/features/exam/petRw/ReadingPetRwTest.tsx?t=1785418040751:288
[ 3505159ms] [TABLE] [Object, Object, Object, Object, Object] @ http://localhost:5175/src/features/exam/petRw/ReadingPetRwTest.tsx?t=1785418040751:288
[ 3507160ms] [TABLE] [Object, Object, Object, Object, Object] @ http://localhost:5175/src/features/exam/petRw/ReadingPetRwTest.tsx?t=1785418040751:288
[ 3507161ms] [TABLE] [Object, Object, Object, Object, Object] @ http://localhost:5175/src/features/exam/petRw/ReadingPetRwTest.tsx?t=1785418040751:288
[ 3509162ms] [TABLE] [Object, Object, Object, Object, Object] @ http://localhost:5175/src/features/exam/petRw/ReadingPetRwTest.tsx?t=1785418040751:288
[ 3509163ms] [TABLE] [Object, Object, Object, Object, Object] @ http://localhost:5175/src/features/exam/petRw/ReadingPetRwTest.tsx?t=1785418040751:288
[ 3511163ms] [TABLE] [Object, Object, Object, Object, Object] @ http://localhost:5175/src/features/exam/petRw/ReadingPetRwTest.tsx?t=1785418040751:288
[ 3511164ms] [TABLE] [Object, Object, Object, Object, Object] @ http://localhost:5175/src/features/exam/petRw/ReadingPetRwTest.tsx?t=1785418040751:288
[ 3513164ms] [TABLE] [Object, Object, Object, Object, Object] @ http://localhost:5175/src/features/exam/petRw/ReadingPetRwTest.tsx?t=1785418040751:288
[ 3513165ms] [TABLE] [Object, Object, Object, Object, Object] @ http://localhost:5175/src/features/exam/petRw/ReadingPetRwTest.tsx?t=1785418040751:288
[ 3515167ms] [TABLE] [Object, Object, Object, Object, Object] @ http://localhost:5175/src/features/exam/petRw/ReadingPetRwTest.tsx?t=1785418040751:288
[ 3515167ms] [TABLE] [Object, Object, Object, Object, Object] @ http://localhost:5175/src/features/exam/petRw/ReadingPetRwTest.tsx?t=1785418040751:288
[ 3517169ms] [TABLE] [Object, Object, Object, Object, Object] @ http://localhost:5175/src/features/exam/petRw/ReadingPetRwTest.tsx?t=1785418040751:288
[ 3517169ms] [TABLE] [Object, Object, Object, Object, Object] @ http://localhost:5175/src/features/exam/petRw/ReadingPetRwTest.tsx?t=1785418040751:288
[ 3519155ms] [TABLE] [Object, Object, Object, Object, Object] @ http://localhost:5175/src/features/exam/petRw/ReadingPetRwTest.tsx?t=1785418040751:288
[ 3519156ms] [TABLE] [Object, Object, Object, Object, Object] @ http://localhost:5175/src/features/exam/petRw/ReadingPetRwTest.tsx?t=1785418040751:288
[ 3521155ms] [TABLE] [Object, Object, Object, Object, Object] @ http://localhost:5175/src/features/exam/petRw/ReadingPetRwTest.tsx?t=1785418040751:288
[ 3521155ms] [TABLE] [Object, Object, Object, Object, Object] @ http://localhost:5175/src/features/exam/petRw/ReadingPetRwTest.tsx?t=1785418040751:288
[ 3523157ms] [TABLE] [Object, Object, Object, Object, Object] @ http://localhost:5175/src/features/exam/petRw/ReadingPetRwTest.tsx?t=1785418040751:288
[ 3523157ms] [TABLE] [Object, Object, Object, Object, Object] @ http://localhost:5175/src/features/exam/petRw/ReadingPetRwTest.tsx?t=1785418040751:288
[ 3525159ms] [TABLE] [Object, Object, Object, Object, Object] @ http://localhost:5175/src/features/exam/petRw/ReadingPetRwTest.tsx?t=1785418040751:288
[ 3525159ms] [TABLE] [Object, Object, Object, Object, Object] @ http://localhost:5175/src/features/exam/petRw/ReadingPetRwTest.tsx?t=1785418040751:288
[ 3527164ms] [TABLE] [Object, Object, Object, Object, Object] @ http://localhost:5175/src/features/exam/petRw/ReadingPetRwTest.tsx?t=1785418040751:288
[ 3527164ms] [TABLE] [Object, Object, Object, Object, Object] @ http://localhost:5175/src/features/exam/petRw/ReadingPetRwTest.tsx?t=1785418040751:288
[ 3529165ms] [TABLE] [Object, Object, Object, Object, Object] @ http://localhost:5175/src/features/exam/petRw/ReadingPetRwTest.tsx?t=1785418040751:288
[ 3529166ms] [TABLE] [Object, Object, Object, Object, Object] @ http://localhost:5175/src/features/exam/petRw/ReadingPetRwTest.tsx?t=1785418040751:288
[ 3531162ms] [TABLE] [Object, Object, Object, Object, Object] @ http://localhost:5175/src/features/exam/petRw/ReadingPetRwTest.tsx?t=1785418040751:288
[ 3531162ms] [TABLE] [Object, Object, Object, Object, Object] @ http://localhost:5175/src/features/exam/petRw/ReadingPetRwTest.tsx?t=1785418040751:288
[ 3533159ms] [TABLE] [Object, Object, Object, Object, Object] @ http://localhost:5175/src/features/exam/petRw/ReadingPetRwTest.tsx?t=1785418040751:288
[ 3533160ms] [TABLE] [Object, Object, Object, Object, Object] @ http://localhost:5175/src/features/exam/petRw/ReadingPetRwTest.tsx?t=1785418040751:288
[ 3535165ms] [TABLE] [Object, Object, Object, Object, Object] @ http://localhost:5175/src/features/exam/petRw/ReadingPetRwTest.tsx?t=1785418040751:288
[ 3535166ms] [TABLE] [Object, Object, Object, Object, Object] @ http://localhost:5175/src/features/exam/petRw/ReadingPetRwTest.tsx?t=1785418040751:288
[ 3537163ms] [TABLE] [Object, Object, Object, Object, Object] @ http://localhost:5175/src/features/exam/petRw/ReadingPetRwTest.tsx?t=1785418040751:288
[ 3537164ms] [TABLE] [Object, Object, Object, Object, Object] @ http://localhost:5175/src/features/exam/petRw/ReadingPetRwTest.tsx?t=1785418040751:288
[ 3539157ms] [TABLE] [Object, Object, Object, Object, Object] @ http://localhost:5175/src/features/exam/petRw/ReadingPetRwTest.tsx?t=1785418040751:288
[ 3539157ms] [TABLE] [Object, Object, Object, Object, Object] @ http://localhost:5175/src/features/exam/petRw/ReadingPetRwTest.tsx?t=1785418040751:288
[ 3541157ms] [TABLE] [Object, Object, Object, Object, Object] @ http://localhost:5175/src/features/exam/petRw/ReadingPetRwTest.tsx?t=1785418040751:288
[ 3541158ms] [TABLE] [Object, Object, Object, Object, Object] @ http://localhost:5175/src/features/exam/petRw/ReadingPetRwTest.tsx?t=1785418040751:288
[ 3543158ms] [TABLE] [Object, Object, Object, Object, Object] @ http://localhost:5175/src/features/exam/petRw/ReadingPetRwTest.tsx?t=1785418040751:288
[ 3543159ms] [TABLE] [Object, Object, Object, Object, Object] @ http://localhost:5175/src/features/exam/petRw/ReadingPetRwTest.tsx?t=1785418040751:288
[ 3545158ms] [TABLE] [Object, Object, Object, Object, Object] @ http://localhost:5175/src/features/exam/petRw/ReadingPetRwTest.tsx?t=1785418040751:288
[ 3545159ms] [TABLE] [Object, Object, Object, Object, Object] @ http://localhost:5175/src/features/exam/petRw/ReadingPetRwTest.tsx?t=1785418040751:288
[ 3547161ms] [TABLE] [Object, Object, Object, Object, Object] @ http://localhost:5175/src/features/exam/petRw/ReadingPetRwTest.tsx?t=1785418040751:288
[ 3547162ms] [TABLE] [Object, Object, Object, Object, Object] @ http://localhost:5175/src/features/exam/petRw/ReadingPetRwTest.tsx?t=1785418040751:288
[ 3549163ms] [TABLE] [Object, Object, Object, Object, Object] @ http://localhost:5175/src/features/exam/petRw/ReadingPetRwTest.tsx?t=1785418040751:288
[ 3549164ms] [TABLE] [Object, Object, Object, Object, Object] @ http://localhost:5175/src/features/exam/petRw/ReadingPetRwTest.tsx?t=1785418040751:288
[ 3551165ms] [TABLE] [Object, Object, Object, Object, Object] @ http://localhost:5175/src/features/exam/petRw/ReadingPetRwTest.tsx?t=1785418040751:288
[ 3551166ms] [TABLE] [Object, Object, Object, Object, Object] @ http://localhost:5175/src/features/exam/petRw/ReadingPetRwTest.tsx?t=1785418040751:288
[ 3553167ms] [TABLE] [Object, Object, Object, Object, Object] @ http://localhost:5175/src/features/exam/petRw/ReadingPetRwTest.tsx?t=1785418040751:288
[ 3553167ms] [TABLE] [Object, Object, Object, Object, Object] @ http://localhost:5175/src/features/exam/petRw/ReadingPetRwTest.tsx?t=1785418040751:288
[ 3555169ms] [TABLE] [Object, Object, Object, Object, Object] @ http://localhost:5175/src/features/exam/petRw/ReadingPetRwTest.tsx?t=1785418040751:288
[ 3555172ms] [TABLE] [Object, Object, Object, Object, Object] @ http://localhost:5175/src/features/exam/petRw/ReadingPetRwTest.tsx?t=1785418040751:288
[ 3557155ms] [TABLE] [Object, Object, Object, Object, Object] @ http://localhost:5175/src/features/exam/petRw/ReadingPetRwTest.tsx?t=1785418040751:288
[ 3557155ms] [TABLE] [Object, Object, Object, Object, Object] @ http://localhost:5175/src/features/exam/petRw/ReadingPetRwTest.tsx?t=1785418040751:288
[ 3559155ms] [TABLE] [Object, Object, Object, Object, Object] @ http://localhost:5175/src/features/exam/petRw/ReadingPetRwTest.tsx?t=1785418040751:288
[ 3559155ms] [TABLE] [Object, Object, Object, Object, Object] @ http://localhost:5175/src/features/exam/petRw/ReadingPetRwTest.tsx?t=1785418040751:288
[ 3561157ms] [TABLE] [Object, Object, Object, Object, Object] @ http://localhost:5175/src/features/exam/petRw/ReadingPetRwTest.tsx?t=1785418040751:288
[ 3561157ms] [TABLE] [Object, Object, Object, Object, Object] @ http://localhost:5175/src/features/exam/petRw/ReadingPetRwTest.tsx?t=1785418040751:288
[ 3563159ms] [TABLE] [Object, Object, Object, Object, Object] @ http://localhost:5175/src/features/exam/petRw/ReadingPetRwTest.tsx?t=1785418040751:288
[ 3563159ms] [TABLE] [Object, Object, Object, Object, Object] @ http://localhost:5175/src/features/exam/petRw/ReadingPetRwTest.tsx?t=1785418040751:288
[ 3565160ms] [TABLE] [Object, Object, Object, Object, Object] @ http://localhost:5175/src/features/exam/petRw/ReadingPetRwTest.tsx?t=1785418040751:288
[ 3565161ms] [TABLE] [Object, Object, Object, Object, Object] @ http://localhost:5175/src/features/exam/petRw/ReadingPetRwTest.tsx?t=1785418040751:288
[ 3567162ms] [TABLE] [Object, Object, Object, Object, Object] @ http://localhost:5175/src/features/exam/petRw/ReadingPetRwTest.tsx?t=1785418040751:288
[ 3567163ms] [TABLE] [Object, Object, Object, Object, Object] @ http://localhost:5175/src/features/exam/petRw/ReadingPetRwTest.tsx?t=1785418040751:288
[ 3569164ms] [TABLE] [Object, Object, Object, Object, Object] @ http://localhost:5175/src/features/exam/petRw/ReadingPetRwTest.tsx?t=1785418040751:288
[ 3569166ms] [TABLE] [Object, Object, Object, Object, Object] @ http://localhost:5175/src/features/exam/petRw/ReadingPetRwTest.tsx?t=1785418040751:288
[ 3571165ms] [TABLE] [Object, Object, Object, Object, Object] @ http://localhost:5175/src/features/exam/petRw/ReadingPetRwTest.tsx?t=1785418040751:288
[ 3571166ms] [TABLE] [Object, Object, Object, Object, Object] @ http://localhost:5175/src/features/exam/petRw/ReadingPetRwTest.tsx?t=1785418040751:288
[ 3573167ms] [TABLE] [Object, Object, Object, Object, Object] @ http://localhost:5175/src/features/exam/petRw/ReadingPetRwTest.tsx?t=1785418040751:288
[ 3573167ms] [TABLE] [Object, Object, Object, Object, Object] @ http://localhost:5175/src/features/exam/petRw/ReadingPetRwTest.tsx?t=1785418040751:288
[ 3575169ms] [TABLE] [Object, Object, Object, Object, Object] @ http://localhost:5175/src/features/exam/petRw/ReadingPetRwTest.tsx?t=1785418040751:288
[ 3575169ms] [TABLE] [Object, Object, Object, Object, Object] @ http://localhost:5175/src/features/exam/petRw/ReadingPetRwTest.tsx?t=1785418040751:288
[ 3577169ms] [TABLE] [Object, Object, Object, Object, Object] @ http://localhost:5175/src/features/exam/petRw/ReadingPetRwTest.tsx?t=1785418040751:288
[ 3577169ms] [TABLE] [Object, Object, Object, Object, Object] @ http://localhost:5175/src/features/exam/petRw/ReadingPetRwTest.tsx?t=1785418040751:288
[ 3579159ms] [TABLE] [Object, Object, Object, Object, Object] @ http://localhost:5175/src/features/exam/petRw/ReadingPetRwTest.tsx?t=1785418040751:288
[ 3579160ms] [TABLE] [Object, Object, Object, Object, Object] @ http://localhost:5175/src/features/exam/petRw/ReadingPetRwTest.tsx?t=1785418040751:288
[ 3581159ms] [TABLE] [Object, Object, Object, Object, Object] @ http://localhost:5175/src/features/exam/petRw/ReadingPetRwTest.tsx?t=1785418040751:288
[ 3581159ms] [TABLE] [Object, Object, Object, Object, Object] @ http://localhost:5175/src/features/exam/petRw/ReadingPetRwTest.tsx?t=1785418040751:288
[ 3583159ms] [TABLE] [Object, Object, Object, Object, Object] @ http://localhost:5175/src/features/exam/petRw/ReadingPetRwTest.tsx?t=1785418040751:288
[ 3583160ms] [TABLE] [Object, Object, Object, Object, Object] @ http://localhost:5175/src/features/exam/petRw/ReadingPetRwTest.tsx?t=1785418040751:288
[ 3585161ms] [TABLE] [Object, Object, Object, Object, Object] @ http://localhost:5175/src/features/exam/petRw/ReadingPetRwTest.tsx?t=1785418040751:288
[ 3585161ms] [TABLE] [Object, Object, Object, Object, Object] @ http://localhost:5175/src/features/exam/petRw/ReadingPetRwTest.tsx?t=1785418040751:288
[ 3587166ms] [TABLE] [Object, Object, Object, Object, Object] @ http://localhost:5175/src/features/exam/petRw/ReadingPetRwTest.tsx?t=1785418040751:288
[ 3587167ms] [TABLE] [Object, Object, Object, Object, Object] @ http://localhost:5175/src/features/exam/petRw/ReadingPetRwTest.tsx?t=1785418040751:288
[ 3589169ms] [TABLE] [Object, Object, Object, Object, Object] @ http://localhost:5175/src/features/exam/petRw/ReadingPetRwTest.tsx?t=1785418040751:288
[ 3589169ms] [TABLE] [Object, Object, Object, Object, Object] @ http://localhost:5175/src/features/exam/petRw/ReadingPetRwTest.tsx?t=1785418040751:288
[ 3591165ms] [TABLE] [Object, Object, Object, Object, Object] @ http://localhost:5175/src/features/exam/petRw/ReadingPetRwTest.tsx?t=1785418040751:288
[ 3591166ms] [TABLE] [Object, Object, Object, Object, Object] @ http://localhost:5175/src/features/exam/petRw/ReadingPetRwTest.tsx?t=1785418040751:288
[ 3593168ms] [TABLE] [Object, Object, Object, Object, Object] @ http://localhost:5175/src/features/exam/petRw/ReadingPetRwTest.tsx?t=1785418040751:288
[ 3593169ms] [TABLE] [Object, Object, Object, Object, Object] @ http://localhost:5175/src/features/exam/petRw/ReadingPetRwTest.tsx?t=1785418040751:288
[ 3595167ms] [TABLE] [Object, Object, Object, Object, Object] @ http://localhost:5175/src/features/exam/petRw/ReadingPetRwTest.tsx?t=1785418040751:288
[ 3595167ms] [TABLE] [Object, Object, Object, Object, Object] @ http://localhost:5175/src/features/exam/petRw/ReadingPetRwTest.tsx?t=1785418040751:288
[ 3597167ms] [TABLE] [Object, Object, Object, Object, Object] @ http://localhost:5175/src/features/exam/petRw/ReadingPetRwTest.tsx?t=1785418040751:288
[ 3597168ms] [TABLE] [Object, Object, Object, Object, Object] @ http://localhost:5175/src/features/exam/petRw/ReadingPetRwTest.tsx?t=1785418040751:288
[ 3599158ms] [TABLE] [Object, Object, Object, Object, Object] @ http://localhost:5175/src/features/exam/petRw/ReadingPetRwTest.tsx?t=1785418040751:288
[ 3599159ms] [TABLE] [Object, Object, Object, Object, Object] @ http://localhost:5175/src/features/exam/petRw/ReadingPetRwTest.tsx?t=1785418040751:288
[ 3601158ms] [TABLE] [Object, Object, Object, Object, Object] @ http://localhost:5175/src/features/exam/petRw/ReadingPetRwTest.tsx?t=1785418040751:288
[ 3601158ms] [TABLE] [Object, Object, Object, Object, Object] @ http://localhost:5175/src/features/exam/petRw/ReadingPetRwTest.tsx?t=1785418040751:288
[ 3603161ms] [TABLE] [Object, Object, Object, Object, Object] @ http://localhost:5175/src/features/exam/petRw/ReadingPetRwTest.tsx?t=1785418040751:288
[ 3603161ms] [TABLE] [Object, Object, Object, Object, Object] @ http://localhost:5175/src/features/exam/petRw/ReadingPetRwTest.tsx?t=1785418040751:288
[ 3605161ms] [TABLE] [Object, Object, Object, Object, Object] @ http://localhost:5175/src/features/exam/petRw/ReadingPetRwTest.tsx?t=1785418040751:288
[ 3605161ms] [TABLE] [Object, Object, Object, Object, Object] @ http://localhost:5175/src/features/exam/petRw/ReadingPetRwTest.tsx?t=1785418040751:288
[ 3607163ms] [TABLE] [Object, Object, Object, Object, Object] @ http://localhost:5175/src/features/exam/petRw/ReadingPetRwTest.tsx?t=1785418040751:288
[ 3607163ms] [TABLE] [Object, Object, Object, Object, Object] @ http://localhost:5175/src/features/exam/petRw/ReadingPetRwTest.tsx?t=1785418040751:288
[ 3609165ms] [TABLE] [Object, Object, Object, Object, Object] @ http://localhost:5175/src/features/exam/petRw/ReadingPetRwTest.tsx?t=1785418040751:288
[ 3609165ms] [TABLE] [Object, Object, Object, Object, Object] @ http://localhost:5175/src/features/exam/petRw/ReadingPetRwTest.tsx?t=1785418040751:288
[ 3611166ms] [TABLE] [Object, Object, Object, Object, Object] @ http://localhost:5175/src/features/exam/petRw/ReadingPetRwTest.tsx?t=1785418040751:288
[ 3611166ms] [TABLE] [Object, Object, Object, Object, Object] @ http://localhost:5175/src/features/exam/petRw/ReadingPetRwTest.tsx?t=1785418040751:288
[ 3613168ms] [TABLE] [Object, Object, Object, Object, Object] @ http://localhost:5175/src/features/exam/petRw/ReadingPetRwTest.tsx?t=1785418040751:288
[ 3613169ms] [TABLE] [Object, Object, Object, Object, Object] @ http://localhost:5175/src/features/exam/petRw/ReadingPetRwTest.tsx?t=1785418040751:288
[ 3615170ms] [TABLE] [Object, Object, Object, Object, Object] @ http://localhost:5175/src/features/exam/petRw/ReadingPetRwTest.tsx?t=1785418040751:288
[ 3615170ms] [TABLE] [Object, Object, Object, Object, Object] @ http://localhost:5175/src/features/exam/petRw/ReadingPetRwTest.tsx?t=1785418040751:288
[ 3617161ms] [TABLE] [Object, Object, Object, Object, Object] @ http://localhost:5175/src/features/exam/petRw/ReadingPetRwTest.tsx?t=1785418040751:288
[ 3617161ms] [TABLE] [Object, Object, Object, Object, Object] @ http://localhost:5175/src/features/exam/petRw/ReadingPetRwTest.tsx?t=1785418040751:288
[ 3619156ms] [TABLE] [Object, Object, Object, Object, Object] @ http://localhost:5175/src/features/exam/petRw/ReadingPetRwTest.tsx?t=1785418040751:288
[ 3619157ms] [TABLE] [Object, Object, Object, Object, Object] @ http://localhost:5175/src/features/exam/petRw/ReadingPetRwTest.tsx?t=1785418040751:288
[ 3621158ms] [TABLE] [Object, Object, Object, Object, Object] @ http://localhost:5175/src/features/exam/petRw/ReadingPetRwTest.tsx?t=1785418040751:288
[ 3621158ms] [TABLE] [Object, Object, Object, Object, Object] @ http://localhost:5175/src/features/exam/petRw/ReadingPetRwTest.tsx?t=1785418040751:288
[ 3623160ms] [TABLE] [Object, Object, Object, Object, Object] @ http://localhost:5175/src/features/exam/petRw/ReadingPetRwTest.tsx?t=1785418040751:288
[ 3623161ms] [TABLE] [Object, Object, Object, Object, Object] @ http://localhost:5175/src/features/exam/petRw/ReadingPetRwTest.tsx?t=1785418040751:288
[ 3625162ms] [TABLE] [Object, Object, Object, Object, Object] @ http://localhost:5175/src/features/exam/petRw/ReadingPetRwTest.tsx?t=1785418040751:288
[ 3625162ms] [TABLE] [Object, Object, Object, Object, Object] @ http://localhost:5175/src/features/exam/petRw/ReadingPetRwTest.tsx?t=1785418040751:288
[ 3627164ms] [TABLE] [Object, Object, Object, Object, Object] @ http://localhost:5175/src/features/exam/petRw/ReadingPetRwTest.tsx?t=1785418040751:288
[ 3627164ms] [TABLE] [Object, Object, Object, Object, Object] @ http://localhost:5175/src/features/exam/petRw/ReadingPetRwTest.tsx?t=1785418040751:288
[ 3629165ms] [TABLE] [Object, Object, Object, Object, Object] @ http://localhost:5175/src/features/exam/petRw/ReadingPetRwTest.tsx?t=1785418040751:288
[ 3629167ms] [TABLE] [Object, Object, Object, Object, Object] @ http://localhost:5175/src/features/exam/petRw/ReadingPetRwTest.tsx?t=1785418040751:288
[ 3631167ms] [TABLE] [Object, Object, Object, Object, Object] @ http://localhost:5175/src/features/exam/petRw/ReadingPetRwTest.tsx?t=1785418040751:288
[ 3631167ms] [TABLE] [Object, Object, Object, Object, Object] @ http://localhost:5175/src/features/exam/petRw/ReadingPetRwTest.tsx?t=1785418040751:288
[ 3633169ms] [TABLE] [Object, Object, Object, Object, Object] @ http://localhost:5175/src/features/exam/petRw/ReadingPetRwTest.tsx?t=1785418040751:288
[ 3633169ms] [TABLE] [Object, Object, Object, Object, Object] @ http://localhost:5175/src/features/exam/petRw/ReadingPetRwTest.tsx?t=1785418040751:288
[ 3635170ms] [TABLE] [Object, Object, Object, Object, Object] @ http://localhost:5175/src/features/exam/petRw/ReadingPetRwTest.tsx?t=1785418040751:288
[ 3635171ms] [TABLE] [Object, Object, Object, Object, Object] @ http://localhost:5175/src/features/exam/petRw/ReadingPetRwTest.tsx?t=1785418040751:288
[ 3637155ms] [TABLE] [Object, Object, Object, Object, Object] @ http://localhost:5175/src/features/exam/petRw/ReadingPetRwTest.tsx?t=1785418040751:288
[ 3637155ms] [TABLE] [Object, Object, Object, Object, Object] @ http://localhost:5175/src/features/exam/petRw/ReadingPetRwTest.tsx?t=1785418040751:288
[ 3638159ms] [TABLE] [Object, Object, Object, Object, Object] @ http://localhost:5175/src/features/exam/petRw/ReadingPetRwTest.tsx?t=1785418040751:288
[ 3638160ms] [TABLE] [Object, Object, Object, Object, Object] @ http://localhost:5175/src/features/exam/petRw/ReadingPetRwTest.tsx?t=1785418040751:288
[ 3640164ms] [TABLE] [Object, Object, Object, Object, Object] @ http://localhost:5175/src/features/exam/petRw/ReadingPetRwTest.tsx?t=1785418040751:288
[ 3640164ms] [TABLE] [Object, Object, Object, Object, Object] @ http://localhost:5175/src/features/exam/petRw/ReadingPetRwTest.tsx?t=1785418040751:288
[ 3642163ms] [TABLE] [Object, Object, Object, Object, Object] @ http://localhost:5175/src/features/exam/petRw/ReadingPetRwTest.tsx?t=1785418040751:288
[ 3642164ms] [TABLE] [Object, Object, Object, Object, Object] @ http://localhost:5175/src/features/exam/petRw/ReadingPetRwTest.tsx?t=1785418040751:288
[ 3644158ms] [TABLE] [Object, Object, Object, Object, Object] @ http://localhost:5175/src/features/exam/petRw/ReadingPetRwTest.tsx?t=1785418040751:288
[ 3644159ms] [TABLE] [Object, Object, Object, Object, Object] @ http://localhost:5175/src/features/exam/petRw/ReadingPetRwTest.tsx?t=1785418040751:288
[ 3646156ms] [TABLE] [Object, Object, Object, Object, Object] @ http://localhost:5175/src/features/exam/petRw/ReadingPetRwTest.tsx?t=1785418040751:288
[ 3646157ms] [TABLE] [Object, Object, Object, Object, Object] @ http://localhost:5175/src/features/exam/petRw/ReadingPetRwTest.tsx?t=1785418040751:288
[ 3648163ms] [TABLE] [Object, Object, Object, Object, Object] @ http://localhost:5175/src/features/exam/petRw/ReadingPetRwTest.tsx?t=1785418040751:288
[ 3648168ms] [TABLE] [Object, Object, Object, Object, Object] @ http://localhost:5175/src/features/exam/petRw/ReadingPetRwTest.tsx?t=1785418040751:288
[ 3650167ms] [TABLE] [Object, Object, Object, Object, Object] @ http://localhost:5175/src/features/exam/petRw/ReadingPetRwTest.tsx?t=1785418040751:288
[ 3650167ms] [TABLE] [Object, Object, Object, Object, Object] @ http://localhost:5175/src/features/exam/petRw/ReadingPetRwTest.tsx?t=1785418040751:288
[ 3652170ms] [TABLE] [Object, Object, Object, Object, Object] @ http://localhost:5175/src/features/exam/petRw/ReadingPetRwTest.tsx?t=1785418040751:288
[ 3652170ms] [TABLE] [Object, Object, Object, Object, Object] @ http://localhost:5175/src/features/exam/petRw/ReadingPetRwTest.tsx?t=1785418040751:288
[ 3654169ms] [TABLE] [Object, Object, Object, Object, Object] @ http://localhost:5175/src/features/exam/petRw/ReadingPetRwTest.tsx?t=1785418040751:288
[ 3654169ms] [TABLE] [Object, Object, Object, Object, Object] @ http://localhost:5175/src/features/exam/petRw/ReadingPetRwTest.tsx?t=1785418040751:288
[ 3656157ms] [TABLE] [Object, Object, Object, Object, Object] @ http://localhost:5175/src/features/exam/petRw/ReadingPetRwTest.tsx?t=1785418040751:288
[ 3656158ms] [TABLE] [Object, Object, Object, Object, Object] @ http://localhost:5175/src/features/exam/petRw/ReadingPetRwTest.tsx?t=1785418040751:288
[ 3658156ms] [TABLE] [Object, Object, Object, Object, Object] @ http://localhost:5175/src/features/exam/petRw/ReadingPetRwTest.tsx?t=1785418040751:288
[ 3658156ms] [TABLE] [Object, Object, Object, Object, Object] @ http://localhost:5175/src/features/exam/petRw/ReadingPetRwTest.tsx?t=1785418040751:288
[ 3660156ms] [TABLE] [Object, Object, Object, Object, Object] @ http://localhost:5175/src/features/exam/petRw/ReadingPetRwTest.tsx?t=1785418040751:288
[ 3660156ms] [TABLE] [Object, Object, Object, Object, Object] @ http://localhost:5175/src/features/exam/petRw/ReadingPetRwTest.tsx?t=1785418040751:288
[ 3662158ms] [TABLE] [Object, Object, Object, Object, Object] @ http://localhost:5175/src/features/exam/petRw/ReadingPetRwTest.tsx?t=1785418040751:288
[ 3662158ms] [TABLE] [Object, Object, Object, Object, Object] @ http://localhost:5175/src/features/exam/petRw/ReadingPetRwTest.tsx?t=1785418040751:288
[ 3664160ms] [TABLE] [Object, Object, Object, Object, Object] @ http://localhost:5175/src/features/exam/petRw/ReadingPetRwTest.tsx?t=1785418040751:288
[ 3664160ms] [TABLE] [Object, Object, Object, Object, Object] @ http://localhost:5175/src/features/exam/petRw/ReadingPetRwTest.tsx?t=1785418040751:288
[ 3666163ms] [TABLE] [Object, Object, Object, Object, Object] @ http://localhost:5175/src/features/exam/petRw/ReadingPetRwTest.tsx?t=1785418040751:288
[ 3666163ms] [TABLE] [Object, Object, Object, Object, Object] @ http://localhost:5175/src/features/exam/petRw/ReadingPetRwTest.tsx?t=1785418040751:288
[ 3668166ms] [TABLE] [Object, Object, Object, Object, Object] @ http://localhost:5175/src/features/exam/petRw/ReadingPetRwTest.tsx?t=1785418040751:288
[ 3668166ms] [TABLE] [Object, Object, Object, Object, Object] @ http://localhost:5175/src/features/exam/petRw/ReadingPetRwTest.tsx?t=1785418040751:288
[ 3670161ms] [TABLE] [Object, Object, Object, Object, Object] @ http://localhost:5175/src/features/exam/petRw/ReadingPetRwTest.tsx?t=1785418040751:288
[ 3670161ms] [TABLE] [Object, Object, Object, Object, Object] @ http://localhost:5175/src/features/exam/petRw/ReadingPetRwTest.tsx?t=1785418040751:288
[ 3672169ms] [TABLE] [Object, Object, Object, Object, Object] @ http://localhost:5175/src/features/exam/petRw/ReadingPetRwTest.tsx?t=1785418040751:288
[ 3672170ms] [TABLE] [Object, Object, Object, Object, Object] @ http://localhost:5175/src/features/exam/petRw/ReadingPetRwTest.tsx?t=1785418040751:288
[ 3674155ms] [TABLE] [Object, Object, Object, Object, Object] @ http://localhost:5175/src/features/exam/petRw/ReadingPetRwTest.tsx?t=1785418040751:288
[ 3674155ms] [TABLE] [Object, Object, Object, Object, Object] @ http://localhost:5175/src/features/exam/petRw/ReadingPetRwTest.tsx?t=1785418040751:288
[ 3676155ms] [TABLE] [Object, Object, Object, Object, Object] @ http://localhost:5175/src/features/exam/petRw/ReadingPetRwTest.tsx?t=1785418040751:288
[ 3676156ms] [TABLE] [Object, Object, Object, Object, Object] @ http://localhost:5175/src/features/exam/petRw/ReadingPetRwTest.tsx?t=1785418040751:288
[ 3678158ms] [TABLE] [Object, Object, Object, Object, Object] @ http://localhost:5175/src/features/exam/petRw/ReadingPetRwTest.tsx?t=1785418040751:288
[ 3678158ms] [TABLE] [Object, Object, Object, Object, Object] @ http://localhost:5175/src/features/exam/petRw/ReadingPetRwTest.tsx?t=1785418040751:288
[ 3680159ms] [TABLE] [Object, Object, Object, Object, Object] @ http://localhost:5175/src/features/exam/petRw/ReadingPetRwTest.tsx?t=1785418040751:288
[ 3680160ms] [TABLE] [Object, Object, Object, Object, Object] @ http://localhost:5175/src/features/exam/petRw/ReadingPetRwTest.tsx?t=1785418040751:288
[ 3682169ms] [TABLE] [Object, Object, Object, Object, Object] @ http://localhost:5175/src/features/exam/petRw/ReadingPetRwTest.tsx?t=1785418040751:288
[ 3682169ms] [TABLE] [Object, Object, Object, Object, Object] @ http://localhost:5175/src/features/exam/petRw/ReadingPetRwTest.tsx?t=1785418040751:288
[ 3684162ms] [TABLE] [Object, Object, Object, Object, Object] @ http://localhost:5175/src/features/exam/petRw/ReadingPetRwTest.tsx?t=1785418040751:288
[ 3684162ms] [TABLE] [Object, Object, Object, Object, Object] @ http://localhost:5175/src/features/exam/petRw/ReadingPetRwTest.tsx?t=1785418040751:288
[ 3686165ms] [TABLE] [Object, Object, Object, Object, Object] @ http://localhost:5175/src/features/exam/petRw/ReadingPetRwTest.tsx?t=1785418040751:288
[ 3686165ms] [TABLE] [Object, Object, Object, Object, Object] @ http://localhost:5175/src/features/exam/petRw/ReadingPetRwTest.tsx?t=1785418040751:288
[ 3688170ms] [TABLE] [Object, Object, Object, Object, Object] @ http://localhost:5175/src/features/exam/petRw/ReadingPetRwTest.tsx?t=1785418040751:288
[ 3688171ms] [TABLE] [Object, Object, Object, Object, Object] @ http://localhost:5175/src/features/exam/petRw/ReadingPetRwTest.tsx?t=1785418040751:288
[ 3690168ms] [TABLE] [Object, Object, Object, Object, Object] @ http://localhost:5175/src/features/exam/petRw/ReadingPetRwTest.tsx?t=1785418040751:288
[ 3690169ms] [TABLE] [Object, Object, Object, Object, Object] @ http://localhost:5175/src/features/exam/petRw/ReadingPetRwTest.tsx?t=1785418040751:288
[ 3692161ms] [TABLE] [Object, Object, Object, Object, Object] @ http://localhost:5175/src/features/exam/petRw/ReadingPetRwTest.tsx?t=1785418040751:288
[ 3692162ms] [TABLE] [Object, Object, Object, Object, Object] @ http://localhost:5175/src/features/exam/petRw/ReadingPetRwTest.tsx?t=1785418040751:288
[ 3694155ms] [TABLE] [Object, Object, Object, Object, Object] @ http://localhost:5175/src/features/exam/petRw/ReadingPetRwTest.tsx?t=1785418040751:288
[ 3694156ms] [TABLE] [Object, Object, Object, Object, Object] @ http://localhost:5175/src/features/exam/petRw/ReadingPetRwTest.tsx?t=1785418040751:288
[ 3696158ms] [TABLE] [Object, Object, Object, Object, Object] @ http://localhost:5175/src/features/exam/petRw/ReadingPetRwTest.tsx?t=1785418040751:288
[ 3696158ms] [TABLE] [Object, Object, Object, Object, Object] @ http://localhost:5175/src/features/exam/petRw/ReadingPetRwTest.tsx?t=1785418040751:288
[ 3698158ms] [TABLE] [Object, Object, Object, Object, Object] @ http://localhost:5175/src/features/exam/petRw/ReadingPetRwTest.tsx?t=1785418040751:288
[ 3698159ms] [TABLE] [Object, Object, Object, Object, Object] @ http://localhost:5175/src/features/exam/petRw/ReadingPetRwTest.tsx?t=1785418040751:288
[ 3700157ms] [TABLE] [Object, Object, Object, Object, Object] @ http://localhost:5175/src/features/exam/petRw/ReadingPetRwTest.tsx?t=1785418040751:288
[ 3700158ms] [TABLE] [Object, Object, Object, Object, Object] @ http://localhost:5175/src/features/exam/petRw/ReadingPetRwTest.tsx?t=1785418040751:288
[ 3702156ms] [TABLE] [Object, Object, Object, Object, Object] @ http://localhost:5175/src/features/exam/petRw/ReadingPetRwTest.tsx?t=1785418040751:288
[ 3702157ms] [TABLE] [Object, Object, Object, Object, Object] @ http://localhost:5175/src/features/exam/petRw/ReadingPetRwTest.tsx?t=1785418040751:288
[ 3704162ms] [TABLE] [Object, Object, Object, Object, Object] @ http://localhost:5175/src/features/exam/petRw/ReadingPetRwTest.tsx?t=1785418040751:288
[ 3704163ms] [TABLE] [Object, Object, Object, Object, Object] @ http://localhost:5175/src/features/exam/petRw/ReadingPetRwTest.tsx?t=1785418040751:288
[ 3706161ms] [TABLE] [Object, Object, Object, Object, Object] @ http://localhost:5175/src/features/exam/petRw/ReadingPetRwTest.tsx?t=1785418040751:288
[ 3706162ms] [TABLE] [Object, Object, Object, Object, Object] @ http://localhost:5175/src/features/exam/petRw/ReadingPetRwTest.tsx?t=1785418040751:288
[ 3708169ms] [TABLE] [Object, Object, Object, Object, Object] @ http://localhost:5175/src/features/exam/petRw/ReadingPetRwTest.tsx?t=1785418040751:288
[ 3708169ms] [TABLE] [Object, Object, Object, Object, Object] @ http://localhost:5175/src/features/exam/petRw/ReadingPetRwTest.tsx?t=1785418040751:288
[ 3710156ms] [TABLE] [Object, Object, Object, Object, Object] @ http://localhost:5175/src/features/exam/petRw/ReadingPetRwTest.tsx?t=1785418040751:288
[ 3710157ms] [TABLE] [Object, Object, Object, Object, Object] @ http://localhost:5175/src/features/exam/petRw/ReadingPetRwTest.tsx?t=1785418040751:288
[ 3712162ms] [TABLE] [Object, Object, Object, Object, Object] @ http://localhost:5175/src/features/exam/petRw/ReadingPetRwTest.tsx?t=1785418040751:288
[ 3712163ms] [TABLE] [Object, Object, Object, Object, Object] @ http://localhost:5175/src/features/exam/petRw/ReadingPetRwTest.tsx?t=1785418040751:288
[ 3714155ms] [TABLE] [Object, Object, Object, Object, Object] @ http://localhost:5175/src/features/exam/petRw/ReadingPetRwTest.tsx?t=1785418040751:288
[ 3714156ms] [TABLE] [Object, Object, Object, Object, Object] @ http://localhost:5175/src/features/exam/petRw/ReadingPetRwTest.tsx?t=1785418040751:288
[ 3716156ms] [TABLE] [Object, Object, Object, Object, Object] @ http://localhost:5175/src/features/exam/petRw/ReadingPetRwTest.tsx?t=1785418040751:288
[ 3716156ms] [TABLE] [Object, Object, Object, Object, Object] @ http://localhost:5175/src/features/exam/petRw/ReadingPetRwTest.tsx?t=1785418040751:288
[ 3718157ms] [TABLE] [Object, Object, Object, Object, Object] @ http://localhost:5175/src/features/exam/petRw/ReadingPetRwTest.tsx?t=1785418040751:288
[ 3718157ms] [TABLE] [Object, Object, Object, Object, Object] @ http://localhost:5175/src/features/exam/petRw/ReadingPetRwTest.tsx?t=1785418040751:288
[ 3720156ms] [TABLE] [Object, Object, Object, Object, Object] @ http://localhost:5175/src/features/exam/petRw/ReadingPetRwTest.tsx?t=1785418040751:288
[ 3720156ms] [TABLE] [Object, Object, Object, Object, Object] @ http://localhost:5175/src/features/exam/petRw/ReadingPetRwTest.tsx?t=1785418040751:288
[ 3722162ms] [TABLE] [Object, Object, Object, Object, Object] @ http://localhost:5175/src/features/exam/petRw/ReadingPetRwTest.tsx?t=1785418040751:288
[ 3722162ms] [TABLE] [Object, Object, Object, Object, Object] @ http://localhost:5175/src/features/exam/petRw/ReadingPetRwTest.tsx?t=1785418040751:288
[ 3724169ms] [TABLE] [Object, Object, Object, Object, Object] @ http://localhost:5175/src/features/exam/petRw/ReadingPetRwTest.tsx?t=1785418040751:288
[ 3724169ms] [TABLE] [Object, Object, Object, Object, Object] @ http://localhost:5175/src/features/exam/petRw/ReadingPetRwTest.tsx?t=1785418040751:288
[ 3726158ms] [TABLE] [Object, Object, Object, Object, Object] @ http://localhost:5175/src/features/exam/petRw/ReadingPetRwTest.tsx?t=1785418040751:288
[ 3726158ms] [TABLE] [Object, Object, Object, Object, Object] @ http://localhost:5175/src/features/exam/petRw/ReadingPetRwTest.tsx?t=1785418040751:288
[ 3728157ms] [TABLE] [Object, Object, Object, Object, Object] @ http://localhost:5175/src/features/exam/petRw/ReadingPetRwTest.tsx?t=1785418040751:288
[ 3728157ms] [TABLE] [Object, Object, Object, Object, Object] @ http://localhost:5175/src/features/exam/petRw/ReadingPetRwTest.tsx?t=1785418040751:288
[ 3730157ms] [TABLE] [Object, Object, Object, Object, Object] @ http://localhost:5175/src/features/exam/petRw/ReadingPetRwTest.tsx?t=1785418040751:288
[ 3730157ms] [TABLE] [Object, Object, Object, Object, Object] @ http://localhost:5175/src/features/exam/petRw/ReadingPetRwTest.tsx?t=1785418040751:288
[ 3732156ms] [TABLE] [Object, Object, Object, Object, Object] @ http://localhost:5175/src/features/exam/petRw/ReadingPetRwTest.tsx?t=1785418040751:288
[ 3732157ms] [TABLE] [Object, Object, Object, Object, Object] @ http://localhost:5175/src/features/exam/petRw/ReadingPetRwTest.tsx?t=1785418040751:288
[ 3734159ms] [TABLE] [Object, Object, Object, Object, Object] @ http://localhost:5175/src/features/exam/petRw/ReadingPetRwTest.tsx?t=1785418040751:288
[ 3734160ms] [TABLE] [Object, Object, Object, Object, Object] @ http://localhost:5175/src/features/exam/petRw/ReadingPetRwTest.tsx?t=1785418040751:288
[ 3736178ms] [TABLE] [Object, Object, Object, Object, Object] @ http://localhost:5175/src/features/exam/petRw/ReadingPetRwTest.tsx?t=1785418040751:288
[ 3736179ms] [TABLE] [Object, Object, Object, Object, Object] @ http://localhost:5175/src/features/exam/petRw/ReadingPetRwTest.tsx?t=1785418040751:288
[ 3738160ms] [TABLE] [Object, Object, Object, Object, Object] @ http://localhost:5175/src/features/exam/petRw/ReadingPetRwTest.tsx?t=1785418040751:288
[ 3738160ms] [TABLE] [Object, Object, Object, Object, Object] @ http://localhost:5175/src/features/exam/petRw/ReadingPetRwTest.tsx?t=1785418040751:288
[ 3740156ms] [TABLE] [Object, Object, Object, Object, Object] @ http://localhost:5175/src/features/exam/petRw/ReadingPetRwTest.tsx?t=1785418040751:288
[ 3740157ms] [TABLE] [Object, Object, Object, Object, Object] @ http://localhost:5175/src/features/exam/petRw/ReadingPetRwTest.tsx?t=1785418040751:288
[ 3742162ms] [TABLE] [Object, Object, Object, Object, Object] @ http://localhost:5175/src/features/exam/petRw/ReadingPetRwTest.tsx?t=1785418040751:288
[ 3742163ms] [TABLE] [Object, Object, Object, Object, Object] @ http://localhost:5175/src/features/exam/petRw/ReadingPetRwTest.tsx?t=1785418040751:288
[ 3744164ms] [TABLE] [Object, Object, Object, Object, Object] @ http://localhost:5175/src/features/exam/petRw/ReadingPetRwTest.tsx?t=1785418040751:288
[ 3744165ms] [TABLE] [Object, Object, Object, Object, Object] @ http://localhost:5175/src/features/exam/petRw/ReadingPetRwTest.tsx?t=1785418040751:288
[ 3746167ms] [TABLE] [Object, Object, Object, Object, Object] @ http://localhost:5175/src/features/exam/petRw/ReadingPetRwTest.tsx?t=1785418040751:288
[ 3746167ms] [TABLE] [Object, Object, Object, Object, Object] @ http://localhost:5175/src/features/exam/petRw/ReadingPetRwTest.tsx?t=1785418040751:288
[ 3748167ms] [TABLE] [Object, Object, Object, Object, Object] @ http://localhost:5175/src/features/exam/petRw/ReadingPetRwTest.tsx?t=1785418040751:288
[ 3748168ms] [TABLE] [Object, Object, Object, Object, Object] @ http://localhost:5175/src/features/exam/petRw/ReadingPetRwTest.tsx?t=1785418040751:288
[ 3750167ms] [TABLE] [Object, Object, Object, Object, Object] @ http://localhost:5175/src/features/exam/petRw/ReadingPetRwTest.tsx?t=1785418040751:288
[ 3750168ms] [TABLE] [Object, Object, Object, Object, Object] @ http://localhost:5175/src/features/exam/petRw/ReadingPetRwTest.tsx?t=1785418040751:288
[ 3752169ms] [TABLE] [Object, Object, Object, Object, Object] @ http://localhost:5175/src/features/exam/petRw/ReadingPetRwTest.tsx?t=1785418040751:288
[ 3752170ms] [TABLE] [Object, Object, Object, Object, Object] @ http://localhost:5175/src/features/exam/petRw/ReadingPetRwTest.tsx?t=1785418040751:288
[ 3754170ms] [TABLE] [Object, Object, Object, Object, Object] @ http://localhost:5175/src/features/exam/petRw/ReadingPetRwTest.tsx?t=1785418040751:288
[ 3754170ms] [TABLE] [Object, Object, Object, Object, Object] @ http://localhost:5175/src/features/exam/petRw/ReadingPetRwTest.tsx?t=1785418040751:288
[ 3756157ms] [TABLE] [Object, Object, Object, Object, Object] @ http://localhost:5175/src/features/exam/petRw/ReadingPetRwTest.tsx?t=1785418040751:288
[ 3756158ms] [TABLE] [Object, Object, Object, Object, Object] @ http://localhost:5175/src/features/exam/petRw/ReadingPetRwTest.tsx?t=1785418040751:288
[ 3758162ms] [TABLE] [Object, Object, Object, Object, Object] @ http://localhost:5175/src/features/exam/petRw/ReadingPetRwTest.tsx?t=1785418040751:288
[ 3758163ms] [TABLE] [Object, Object, Object, Object, Object] @ http://localhost:5175/src/features/exam/petRw/ReadingPetRwTest.tsx?t=1785418040751:288
[ 3760155ms] [TABLE] [Object, Object, Object, Object, Object] @ http://localhost:5175/src/features/exam/petRw/ReadingPetRwTest.tsx?t=1785418040751:288
[ 3760156ms] [TABLE] [Object, Object, Object, Object, Object] @ http://localhost:5175/src/features/exam/petRw/ReadingPetRwTest.tsx?t=1785418040751:288
[ 3762164ms] [TABLE] [Object, Object, Object, Object, Object] @ http://localhost:5175/src/features/exam/petRw/ReadingPetRwTest.tsx?t=1785418040751:288
[ 3762165ms] [TABLE] [Object, Object, Object, Object, Object] @ http://localhost:5175/src/features/exam/petRw/ReadingPetRwTest.tsx?t=1785418040751:288
[ 3764164ms] [TABLE] [Object, Object, Object, Object, Object] @ http://localhost:5175/src/features/exam/petRw/ReadingPetRwTest.tsx?t=1785418040751:288
[ 3764165ms] [TABLE] [Object, Object, Object, Object, Object] @ http://localhost:5175/src/features/exam/petRw/ReadingPetRwTest.tsx?t=1785418040751:288
[ 3766165ms] [TABLE] [Object, Object, Object, Object, Object] @ http://localhost:5175/src/features/exam/petRw/ReadingPetRwTest.tsx?t=1785418040751:288
[ 3766167ms] [TABLE] [Object, Object, Object, Object, Object] @ http://localhost:5175/src/features/exam/petRw/ReadingPetRwTest.tsx?t=1785418040751:288
[ 3768171ms] [TABLE] [Object, Object, Object, Object, Object] @ http://localhost:5175/src/features/exam/petRw/ReadingPetRwTest.tsx?t=1785418040751:288
[ 3768171ms] [TABLE] [Object, Object, Object, Object, Object] @ http://localhost:5175/src/features/exam/petRw/ReadingPetRwTest.tsx?t=1785418040751:288
[ 3770166ms] [TABLE] [Object, Object, Object, Object, Object] @ http://localhost:5175/src/features/exam/petRw/ReadingPetRwTest.tsx?t=1785418040751:288
[ 3770166ms] [TABLE] [Object, Object, Object, Object, Object] @ http://localhost:5175/src/features/exam/petRw/ReadingPetRwTest.tsx?t=1785418040751:288
[ 3772157ms] [TABLE] [Object, Object, Object, Object, Object] @ http://localhost:5175/src/features/exam/petRw/ReadingPetRwTest.tsx?t=1785418040751:288
[ 3772158ms] [TABLE] [Object, Object, Object, Object, Object] @ http://localhost:5175/src/features/exam/petRw/ReadingPetRwTest.tsx?t=1785418040751:288
[ 3774169ms] [TABLE] [Object, Object, Object, Object, Object] @ http://localhost:5175/src/features/exam/petRw/ReadingPetRwTest.tsx?t=1785418040751:288
[ 3774169ms] [TABLE] [Object, Object, Object, Object, Object] @ http://localhost:5175/src/features/exam/petRw/ReadingPetRwTest.tsx?t=1785418040751:288
[ 3776157ms] [TABLE] [Object, Object, Object, Object, Object] @ http://localhost:5175/src/features/exam/petRw/ReadingPetRwTest.tsx?t=1785418040751:288
[ 3776158ms] [TABLE] [Object, Object, Object, Object, Object] @ http://localhost:5175/src/features/exam/petRw/ReadingPetRwTest.tsx?t=1785418040751:288
[ 3778160ms] [TABLE] [Object, Object, Object, Object, Object] @ http://localhost:5175/src/features/exam/petRw/ReadingPetRwTest.tsx?t=1785418040751:288
[ 3778160ms] [TABLE] [Object, Object, Object, Object, Object] @ http://localhost:5175/src/features/exam/petRw/ReadingPetRwTest.tsx?t=1785418040751:288
[ 3780161ms] [TABLE] [Object, Object, Object, Object, Object] @ http://localhost:5175/src/features/exam/petRw/ReadingPetRwTest.tsx?t=1785418040751:288
[ 3780161ms] [TABLE] [Object, Object, Object, Object, Object] @ http://localhost:5175/src/features/exam/petRw/ReadingPetRwTest.tsx?t=1785418040751:288
[ 3782165ms] [TABLE] [Object, Object, Object, Object, Object] @ http://localhost:5175/src/features/exam/petRw/ReadingPetRwTest.tsx?t=1785418040751:288
[ 3782165ms] [TABLE] [Object, Object, Object, Object, Object] @ http://localhost:5175/src/features/exam/petRw/ReadingPetRwTest.tsx?t=1785418040751:288
[ 3784166ms] [TABLE] [Object, Object, Object, Object, Object] @ http://localhost:5175/src/features/exam/petRw/ReadingPetRwTest.tsx?t=1785418040751:288
[ 3784167ms] [TABLE] [Object, Object, Object, Object, Object] @ http://localhost:5175/src/features/exam/petRw/ReadingPetRwTest.tsx?t=1785418040751:288
[ 3786163ms] [TABLE] [Object, Object, Object, Object, Object] @ http://localhost:5175/src/features/exam/petRw/ReadingPetRwTest.tsx?t=1785418040751:288
[ 3786164ms] [TABLE] [Object, Object, Object, Object, Object] @ http://localhost:5175/src/features/exam/petRw/ReadingPetRwTest.tsx?t=1785418040751:288
[ 3788164ms] [TABLE] [Object, Object, Object, Object, Object] @ http://localhost:5175/src/features/exam/petRw/ReadingPetRwTest.tsx?t=1785418040751:288
[ 3788165ms] [TABLE] [Object, Object, Object, Object, Object] @ http://localhost:5175/src/features/exam/petRw/ReadingPetRwTest.tsx?t=1785418040751:288
[ 3790163ms] [TABLE] [Object, Object, Object, Object, Object] @ http://localhost:5175/src/features/exam/petRw/ReadingPetRwTest.tsx?t=1785418040751:288
[ 3790163ms] [TABLE] [Object, Object, Object, Object, Object] @ http://localhost:5175/src/features/exam/petRw/ReadingPetRwTest.tsx?t=1785418040751:288
[ 3792167ms] [TABLE] [Object, Object, Object, Object, Object] @ http://localhost:5175/src/features/exam/petRw/ReadingPetRwTest.tsx?t=1785418040751:288
[ 3792167ms] [TABLE] [Object, Object, Object, Object, Object] @ http://localhost:5175/src/features/exam/petRw/ReadingPetRwTest.tsx?t=1785418040751:288
[ 3794159ms] [TABLE] [Object, Object, Object, Object, Object] @ http://localhost:5175/src/features/exam/petRw/ReadingPetRwTest.tsx?t=1785418040751:288
[ 3794160ms] [TABLE] [Object, Object, Object, Object, Object] @ http://localhost:5175/src/features/exam/petRw/ReadingPetRwTest.tsx?t=1785418040751:288
[ 3796163ms] [TABLE] [Object, Object, Object, Object, Object] @ http://localhost:5175/src/features/exam/petRw/ReadingPetRwTest.tsx?t=1785418040751:288
[ 3796163ms] [TABLE] [Object, Object, Object, Object, Object] @ http://localhost:5175/src/features/exam/petRw/ReadingPetRwTest.tsx?t=1785418040751:288
[ 3798165ms] [TABLE] [Object, Object, Object, Object, Object] @ http://localhost:5175/src/features/exam/petRw/ReadingPetRwTest.tsx?t=1785418040751:288
[ 3798166ms] [TABLE] [Object, Object, Object, Object, Object] @ http://localhost:5175/src/features/exam/petRw/ReadingPetRwTest.tsx?t=1785418040751:288
[ 3800161ms] [TABLE] [Object, Object, Object, Object, Object] @ http://localhost:5175/src/features/exam/petRw/ReadingPetRwTest.tsx?t=1785418040751:288
[ 3800161ms] [TABLE] [Object, Object, Object, Object, Object] @ http://localhost:5175/src/features/exam/petRw/ReadingPetRwTest.tsx?t=1785418040751:288
[ 3802164ms] [TABLE] [Object, Object, Object, Object, Object] @ http://localhost:5175/src/features/exam/petRw/ReadingPetRwTest.tsx?t=1785418040751:288
[ 3802164ms] [TABLE] [Object, Object, Object, Object, Object] @ http://localhost:5175/src/features/exam/petRw/ReadingPetRwTest.tsx?t=1785418040751:288
[ 3804164ms] [TABLE] [Object, Object, Object, Object, Object] @ http://localhost:5175/src/features/exam/petRw/ReadingPetRwTest.tsx?t=1785418040751:288
[ 3804165ms] [TABLE] [Object, Object, Object, Object, Object] @ http://localhost:5175/src/features/exam/petRw/ReadingPetRwTest.tsx?t=1785418040751:288
[ 3806160ms] [TABLE] [Object, Object, Object, Object, Object] @ http://localhost:5175/src/features/exam/petRw/ReadingPetRwTest.tsx?t=1785418040751:288
[ 3806161ms] [TABLE] [Object, Object, Object, Object, Object] @ http://localhost:5175/src/features/exam/petRw/ReadingPetRwTest.tsx?t=1785418040751:288
[ 3808159ms] [TABLE] [Object, Object, Object, Object, Object] @ http://localhost:5175/src/features/exam/petRw/ReadingPetRwTest.tsx?t=1785418040751:288
[ 3808159ms] [TABLE] [Object, Object, Object, Object, Object] @ http://localhost:5175/src/features/exam/petRw/ReadingPetRwTest.tsx?t=1785418040751:288
[ 3810162ms] [TABLE] [Object, Object, Object, Object, Object] @ http://localhost:5175/src/features/exam/petRw/ReadingPetRwTest.tsx?t=1785418040751:288
[ 3810162ms] [TABLE] [Object, Object, Object, Object, Object] @ http://localhost:5175/src/features/exam/petRw/ReadingPetRwTest.tsx?t=1785418040751:288
[ 3812157ms] [TABLE] [Object, Object, Object, Object, Object] @ http://localhost:5175/src/features/exam/petRw/ReadingPetRwTest.tsx?t=1785418040751:288
[ 3812158ms] [TABLE] [Object, Object, Object, Object, Object] @ http://localhost:5175/src/features/exam/petRw/ReadingPetRwTest.tsx?t=1785418040751:288
[ 3814158ms] [TABLE] [Object, Object, Object, Object, Object] @ http://localhost:5175/src/features/exam/petRw/ReadingPetRwTest.tsx?t=1785418040751:288
[ 3814158ms] [TABLE] [Object, Object, Object, Object, Object] @ http://localhost:5175/src/features/exam/petRw/ReadingPetRwTest.tsx?t=1785418040751:288
[ 3815170ms] Error: useAuth phải dùng bên trong <AuthProvider>
    at useAuth (http://localhost:5175/src/features/auth/AuthContext.tsx?t=1785418040751:199:19)
    at ProtectedRoute (http://localhost:5175/src/features/auth/ProtectedRoute.tsx?t=1785418040751:23:29)
    at renderWithHooks (http://localhost:5175/node_modules/.vite/deps/chunk-U3XUIKGL.js?v=943e1971:11548:26)
    at mountIndeterminateComponent (http://localhost:5175/node_modules/.vite/deps/chunk-U3XUIKGL.js?v=943e1971:14926:21)
    at beginWork (http://localhost:5175/node_modules/.vite/deps/chunk-U3XUIKGL.js?v=943e1971:15914:22)
    at HTMLUnknownElement.callCallback2 (http://localhost:5175/node_modules/.vite/deps/chunk-U3XUIKGL.js?v=943e1971:3674:22)
    at Object.invokeGuardedCallbackDev (http://localhost:5175/node_modules/.vite/deps/chunk-U3XUIKGL.js?v=943e1971:3699:24)
    at invokeGuardedCallback (http://localhost:5175/node_modules/.vite/deps/chunk-U3XUIKGL.js?v=943e1971:3733:39)
    at beginWork$1 (http://localhost:5175/node_modules/.vite/deps/chunk-U3XUIKGL.js?v=943e1971:19765:15)
    at performUnitOfWork (http://localhost:5175/node_modules/.vite/deps/chunk-U3XUIKGL.js?v=943e1971:19198:20)
[ 3815175ms] Error: useAuth phải dùng bên trong <AuthProvider>
    at useAuth (http://localhost:5175/src/features/auth/AuthContext.tsx?t=1785418040751:199:19)
    at ProtectedRoute (http://localhost:5175/src/features/auth/ProtectedRoute.tsx?t=1785418040751:23:29)
    at renderWithHooks (http://localhost:5175/node_modules/.vite/deps/chunk-U3XUIKGL.js?v=943e1971:11548:26)
    at mountIndeterminateComponent (http://localhost:5175/node_modules/.vite/deps/chunk-U3XUIKGL.js?v=943e1971:14926:21)
    at beginWork (http://localhost:5175/node_modules/.vite/deps/chunk-U3XUIKGL.js?v=943e1971:15914:22)
    at HTMLUnknownElement.callCallback2 (http://localhost:5175/node_modules/.vite/deps/chunk-U3XUIKGL.js?v=943e1971:3674:22)
    at Object.invokeGuardedCallbackDev (http://localhost:5175/node_modules/.vite/deps/chunk-U3XUIKGL.js?v=943e1971:3699:24)
    at invokeGuardedCallback (http://localhost:5175/node_modules/.vite/deps/chunk-U3XUIKGL.js?v=943e1971:3733:39)
    at beginWork$1 (http://localhost:5175/node_modules/.vite/deps/chunk-U3XUIKGL.js?v=943e1971:19765:15)
    at performUnitOfWork (http://localhost:5175/node_modules/.vite/deps/chunk-U3XUIKGL.js?v=943e1971:19198:20)
[ 3815176ms] [ERROR] The above error occurred in the <ProtectedRoute> component:

    at ProtectedRoute (http://localhost:5175/src/features/auth/ProtectedRoute.tsx?t=1785418040751:21:42)
    at RenderedRoute (http://localhost:5175/node_modules/.vite/deps/react-router-dom.js?v=943e1971:4122:5)
    at Routes (http://localhost:5175/node_modules/.vite/deps/react-router-dom.js?v=943e1971:4592:5)
    at Suspense
    at App (http://localhost:5175/src/App.tsx?t=1785418040751:125:3)
    at AuthProvider (http://localhost:5175/src/features/auth/AuthContext.tsx?t=1785418942449:46:32)
    at Router (http://localhost:5175/node_modules/.vite/deps/react-router-dom.js?v=943e1971:4535:15)
    at BrowserRouter (http://localhost:5175/node_modules/.vite/deps/react-router-dom.js?v=943e1971:5273:5)

Consider adding an error boundary to your tree to customize error handling behavior.
Visit https://reactjs.org/link/error-boundaries to learn more about error boundaries. @ http://localhost:5175/node_modules/.vite/deps/chunk-U3XUIKGL.js?v=943e1971:14031
[ 3815181ms] Error: useAuth phải dùng bên trong <AuthProvider>
    at useAuth (http://localhost:5175/src/features/auth/AuthContext.tsx?t=1785418040751:199:19)
    at ProtectedRoute (http://localhost:5175/src/features/auth/ProtectedRoute.tsx?t=1785418040751:23:29)
    at renderWithHooks (http://localhost:5175/node_modules/.vite/deps/chunk-U3XUIKGL.js?v=943e1971:11548:26)
    at mountIndeterminateComponent (http://localhost:5175/node_modules/.vite/deps/chunk-U3XUIKGL.js?v=943e1971:14926:21)
    at beginWork (http://localhost:5175/node_modules/.vite/deps/chunk-U3XUIKGL.js?v=943e1971:15914:22)
    at beginWork$1 (http://localhost:5175/node_modules/.vite/deps/chunk-U3XUIKGL.js?v=943e1971:19753:22)
    at performUnitOfWork (http://localhost:5175/node_modules/.vite/deps/chunk-U3XUIKGL.js?v=943e1971:19198:20)
    at workLoopSync (http://localhost:5175/node_modules/.vite/deps/chunk-U3XUIKGL.js?v=943e1971:19137:13)
    at renderRootSync (http://localhost:5175/node_modules/.vite/deps/chunk-U3XUIKGL.js?v=943e1971:19116:15)
    at recoverFromConcurrentError (http://localhost:5175/node_modules/.vite/deps/chunk-U3XUIKGL.js?v=943e1971:18736:28)
[ 3815481ms] [INFO] %cDownload the React DevTools for a better development experience: https://reactjs.org/link/react-devtools font-weight:bold @ http://localhost:5175/node_modules/.vite/deps/chunk-U3XUIKGL.js?v=943e1971:21550
[ 3815531ms] [WARNING] ⚠️ React Router Future Flag Warning: React Router will begin wrapping state updates in `React.startTransition` in v7. You can use the `v7_startTransition` future flag to opt-in early. For more information, see https://reactrouter.com/v6/upgrading/future#v7_starttransition. @ http://localhost:5175/node_modules/.vite/deps/react-router-dom.js?v=943e1971:4426
[ 3815531ms] [WARNING] ⚠️ React Router Future Flag Warning: Relative route resolution within Splat routes is changing in v7. You can use the `v7_relativeSplatPath` future flag to opt-in early. For more information, see https://reactrouter.com/v6/upgrading/future#v7_relativesplatpath. @ http://localhost:5175/node_modules/.vite/deps/react-router-dom.js?v=943e1971:4426
[ 3815542ms] [WARNING] <meta name="apple-mobile-web-app-capable" content="yes"> is deprecated. Please include <meta name="mobile-web-app-capable" content="yes"> @ http://localhost:5175/app/exam/reading/catalog-reading-pet-b1-test16:0
[ 3816879ms] [TABLE] [Object, Object, Object, Object, Object] @ http://localhost:5175/src/features/exam/petRw/ReadingPetRwTest.tsx?t=1785418942449:288
[ 3816879ms] [TABLE] [Object, Object, Object, Object, Object] @ http://localhost:5175/src/features/exam/petRw/ReadingPetRwTest.tsx?t=1785418942449:288
[ 3816891ms] [TABLE] [Object, Object, Object, Object, Object] @ http://localhost:5175/src/features/exam/petRw/ReadingPetRwTest.tsx?t=1785418942449:288
[ 3816892ms] [TABLE] [Object, Object, Object, Object, Object] @ http://localhost:5175/src/features/exam/petRw/ReadingPetRwTest.tsx?t=1785418942449:288
[ 3818165ms] [TABLE] [Object, Object, Object, Object, Object] @ http://localhost:5175/src/features/exam/petRw/ReadingPetRwTest.tsx?t=1785418942449:288
[ 3818166ms] [TABLE] [Object, Object, Object, Object, Object] @ http://localhost:5175/src/features/exam/petRw/ReadingPetRwTest.tsx?t=1785418942449:288
[ 3820167ms] [TABLE] [Object, Object, Object, Object, Object] @ http://localhost:5175/src/features/exam/petRw/ReadingPetRwTest.tsx?t=1785418942449:288
[ 3820168ms] [TABLE] [Object, Object, Object, Object, Object] @ http://localhost:5175/src/features/exam/petRw/ReadingPetRwTest.tsx?t=1785418942449:288
[ 3822164ms] [TABLE] [Object, Object, Object, Object, Object] @ http://localhost:5175/src/features/exam/petRw/ReadingPetRwTest.tsx?t=1785418942449:288
[ 3822165ms] [TABLE] [Object, Object, Object, Object, Object] @ http://localhost:5175/src/features/exam/petRw/ReadingPetRwTest.tsx?t=1785418942449:288
[ 3824160ms] [TABLE] [Object, Object, Object, Object, Object] @ http://localhost:5175/src/features/exam/petRw/ReadingPetRwTest.tsx?t=1785418942449:288
[ 3824161ms] [TABLE] [Object, Object, Object, Object, Object] @ http://localhost:5175/src/features/exam/petRw/ReadingPetRwTest.tsx?t=1785418942449:288
[ 3826157ms] [TABLE] [Object, Object, Object, Object, Object] @ http://localhost:5175/src/features/exam/petRw/ReadingPetRwTest.tsx?t=1785418942449:288
[ 3826158ms] [TABLE] [Object, Object, Object, Object, Object] @ http://localhost:5175/src/features/exam/petRw/ReadingPetRwTest.tsx?t=1785418942449:288
[ 3828165ms] [TABLE] [Object, Object, Object, Object, Object] @ http://localhost:5175/src/features/exam/petRw/ReadingPetRwTest.tsx?t=1785418942449:288
[ 3828165ms] [TABLE] [Object, Object, Object, Object, Object] @ http://localhost:5175/src/features/exam/petRw/ReadingPetRwTest.tsx?t=1785418942449:288
[ 3830164ms] [TABLE] [Object, Object, Object, Object, Object] @ http://localhost:5175/src/features/exam/petRw/ReadingPetRwTest.tsx?t=1785418942449:288
[ 3830165ms] [TABLE] [Object, Object, Object, Object, Object] @ http://localhost:5175/src/features/exam/petRw/ReadingPetRwTest.tsx?t=1785418942449:288
[ 3832169ms] [TABLE] [Object, Object, Object, Object, Object] @ http://localhost:5175/src/features/exam/petRw/ReadingPetRwTest.tsx?t=1785418942449:288
[ 3832170ms] [TABLE] [Object, Object, Object, Object, Object] @ http://localhost:5175/src/features/exam/petRw/ReadingPetRwTest.tsx?t=1785418942449:288
[ 3834168ms] [TABLE] [Object, Object, Object, Object, Object] @ http://localhost:5175/src/features/exam/petRw/ReadingPetRwTest.tsx?t=1785418942449:288
[ 3834168ms] [TABLE] [Object, Object, Object, Object, Object] @ http://localhost:5175/src/features/exam/petRw/ReadingPetRwTest.tsx?t=1785418942449:288
[ 3836169ms] [TABLE] [Object, Object, Object, Object, Object] @ http://localhost:5175/src/features/exam/petRw/ReadingPetRwTest.tsx?t=1785418942449:288
[ 3836170ms] [TABLE] [Object, Object, Object, Object, Object] @ http://localhost:5175/src/features/exam/petRw/ReadingPetRwTest.tsx?t=1785418942449:288
[ 3838166ms] [TABLE] [Object, Object, Object, Object, Object] @ http://localhost:5175/src/features/exam/petRw/ReadingPetRwTest.tsx?t=1785418942449:288
[ 3838166ms] [TABLE] [Object, Object, Object, Object, Object] @ http://localhost:5175/src/features/exam/petRw/ReadingPetRwTest.tsx?t=1785418942449:288
[ 3840168ms] [TABLE] [Object, Object, Object, Object, Object] @ http://localhost:5175/src/features/exam/petRw/ReadingPetRwTest.tsx?t=1785418942449:288
[ 3840168ms] [TABLE] [Object, Object, Object, Object, Object] @ http://localhost:5175/src/features/exam/petRw/ReadingPetRwTest.tsx?t=1785418942449:288
[ 3842166ms] [TABLE] [Object, Object, Object, Object, Object] @ http://localhost:5175/src/features/exam/petRw/ReadingPetRwTest.tsx?t=1785418942449:288
[ 3842167ms] [TABLE] [Object, Object, Object, Object, Object] @ http://localhost:5175/src/features/exam/petRw/ReadingPetRwTest.tsx?t=1785418942449:288
[ 3844165ms] [TABLE] [Object, Object, Object, Object, Object] @ http://localhost:5175/src/features/exam/petRw/ReadingPetRwTest.tsx?t=1785418942449:288
[ 3844165ms] [TABLE] [Object, Object, Object, Object, Object] @ http://localhost:5175/src/features/exam/petRw/ReadingPetRwTest.tsx?t=1785418942449:288
[ 3846165ms] [TABLE] [Object, Object, Object, Object, Object] @ http://localhost:5175/src/features/exam/petRw/ReadingPetRwTest.tsx?t=1785418942449:288
[ 3846165ms] [TABLE] [Object, Object, Object, Object, Object] @ http://localhost:5175/src/features/exam/petRw/ReadingPetRwTest.tsx?t=1785418942449:288
[ 3848168ms] [TABLE] [Object, Object, Object, Object, Object] @ http://localhost:5175/src/features/exam/petRw/ReadingPetRwTest.tsx?t=1785418942449:288
[ 3848168ms] [TABLE] [Object, Object, Object, Object, Object] @ http://localhost:5175/src/features/exam/petRw/ReadingPetRwTest.tsx?t=1785418942449:288
[ 3850165ms] [TABLE] [Object, Object, Object, Object, Object] @ http://localhost:5175/src/features/exam/petRw/ReadingPetRwTest.tsx?t=1785418942449:288
[ 3850165ms] [TABLE] [Object, Object, Object, Object, Object] @ http://localhost:5175/src/features/exam/petRw/ReadingPetRwTest.tsx?t=1785418942449:288
[ 3852160ms] [TABLE] [Object, Object, Object, Object, Object] @ http://localhost:5175/src/features/exam/petRw/ReadingPetRwTest.tsx?t=1785418942449:288
[ 3852160ms] [TABLE] [Object, Object, Object, Object, Object] @ http://localhost:5175/src/features/exam/petRw/ReadingPetRwTest.tsx?t=1785418942449:288
[ 3854165ms] [TABLE] [Object, Object, Object, Object, Object] @ http://localhost:5175/src/features/exam/petRw/ReadingPetRwTest.tsx?t=1785418942449:288
[ 3854166ms] [TABLE] [Object, Object, Object, Object, Object] @ http://localhost:5175/src/features/exam/petRw/ReadingPetRwTest.tsx?t=1785418942449:288
[ 3856163ms] [TABLE] [Object, Object, Object, Object, Object] @ http://localhost:5175/src/features/exam/petRw/ReadingPetRwTest.tsx?t=1785418942449:288
[ 3856164ms] [TABLE] [Object, Object, Object, Object, Object] @ http://localhost:5175/src/features/exam/petRw/ReadingPetRwTest.tsx?t=1785418942449:288
[ 3858162ms] [TABLE] [Object, Object, Object, Object, Object] @ http://localhost:5175/src/features/exam/petRw/ReadingPetRwTest.tsx?t=1785418942449:288
[ 3858163ms] [TABLE] [Object, Object, Object, Object, Object] @ http://localhost:5175/src/features/exam/petRw/ReadingPetRwTest.tsx?t=1785418942449:288
[ 3860165ms] [TABLE] [Object, Object, Object, Object, Object] @ http://localhost:5175/src/features/exam/petRw/ReadingPetRwTest.tsx?t=1785418942449:288
[ 3860166ms] [TABLE] [Object, Object, Object, Object, Object] @ http://localhost:5175/src/features/exam/petRw/ReadingPetRwTest.tsx?t=1785418942449:288
[ 3862156ms] [TABLE] [Object, Object, Object, Object, Object] @ http://localhost:5175/src/features/exam/petRw/ReadingPetRwTest.tsx?t=1785418942449:288
[ 3862157ms] [TABLE] [Object, Object, Object, Object, Object] @ http://localhost:5175/src/features/exam/petRw/ReadingPetRwTest.tsx?t=1785418942449:288
[ 3864164ms] [TABLE] [Object, Object, Object, Object, Object] @ http://localhost:5175/src/features/exam/petRw/ReadingPetRwTest.tsx?t=1785418942449:288
[ 3864164ms] [TABLE] [Object, Object, Object, Object, Object] @ http://localhost:5175/src/features/exam/petRw/ReadingPetRwTest.tsx?t=1785418942449:288
[ 3866167ms] [TABLE] [Object, Object, Object, Object, Object] @ http://localhost:5175/src/features/exam/petRw/ReadingPetRwTest.tsx?t=1785418942449:288
[ 3866168ms] [TABLE] [Object, Object, Object, Object, Object] @ http://localhost:5175/src/features/exam/petRw/ReadingPetRwTest.tsx?t=1785418942449:288
[ 3868162ms] [TABLE] [Object, Object, Object, Object, Object] @ http://localhost:5175/src/features/exam/petRw/ReadingPetRwTest.tsx?t=1785418942449:288
[ 3868163ms] [TABLE] [Object, Object, Object, Object, Object] @ http://localhost:5175/src/features/exam/petRw/ReadingPetRwTest.tsx?t=1785418942449:288
[ 3870159ms] [TABLE] [Object, Object, Object, Object, Object] @ http://localhost:5175/src/features/exam/petRw/ReadingPetRwTest.tsx?t=1785418942449:288
[ 3870159ms] [TABLE] [Object, Object, Object, Object, Object] @ http://localhost:5175/src/features/exam/petRw/ReadingPetRwTest.tsx?t=1785418942449:288
[ 3872163ms] [TABLE] [Object, Object, Object, Object, Object] @ http://localhost:5175/src/features/exam/petRw/ReadingPetRwTest.tsx?t=1785418942449:288
[ 3872164ms] [TABLE] [Object, Object, Object, Object, Object] @ http://localhost:5175/src/features/exam/petRw/ReadingPetRwTest.tsx?t=1785418942449:288
[ 3874161ms] [TABLE] [Object, Object, Object, Object, Object] @ http://localhost:5175/src/features/exam/petRw/ReadingPetRwTest.tsx?t=1785418942449:288
[ 3874162ms] [TABLE] [Object, Object, Object, Object, Object] @ http://localhost:5175/src/features/exam/petRw/ReadingPetRwTest.tsx?t=1785418942449:288
[ 3876157ms] [TABLE] [Object, Object, Object, Object, Object] @ http://localhost:5175/src/features/exam/petRw/ReadingPetRwTest.tsx?t=1785418942449:288
[ 3876157ms] [TABLE] [Object, Object, Object, Object, Object] @ http://localhost:5175/src/features/exam/petRw/ReadingPetRwTest.tsx?t=1785418942449:288
[ 3878159ms] [TABLE] [Object, Object, Object, Object, Object] @ http://localhost:5175/src/features/exam/petRw/ReadingPetRwTest.tsx?t=1785418942449:288
[ 3878159ms] [TABLE] [Object, Object, Object, Object, Object] @ http://localhost:5175/src/features/exam/petRw/ReadingPetRwTest.tsx?t=1785418942449:288
[ 3880165ms] [TABLE] [Object, Object, Object, Object, Object] @ http://localhost:5175/src/features/exam/petRw/ReadingPetRwTest.tsx?t=1785418942449:288
[ 3880165ms] [TABLE] [Object, Object, Object, Object, Object] @ http://localhost:5175/src/features/exam/petRw/ReadingPetRwTest.tsx?t=1785418942449:288
[ 3882157ms] [TABLE] [Object, Object, Object, Object, Object] @ http://localhost:5175/src/features/exam/petRw/ReadingPetRwTest.tsx?t=1785418942449:288
[ 3882157ms] [TABLE] [Object, Object, Object, Object, Object] @ http://localhost:5175/src/features/exam/petRw/ReadingPetRwTest.tsx?t=1785418942449:288
[ 3884160ms] [TABLE] [Object, Object, Object, Object, Object] @ http://localhost:5175/src/features/exam/petRw/ReadingPetRwTest.tsx?t=1785418942449:288
[ 3884160ms] [TABLE] [Object, Object, Object, Object, Object] @ http://localhost:5175/src/features/exam/petRw/ReadingPetRwTest.tsx?t=1785418942449:288
[ 3886159ms] [TABLE] [Object, Object, Object, Object, Object] @ http://localhost:5175/src/features/exam/petRw/ReadingPetRwTest.tsx?t=1785418942449:288
[ 3886160ms] [TABLE] [Object, Object, Object, Object, Object] @ http://localhost:5175/src/features/exam/petRw/ReadingPetRwTest.tsx?t=1785418942449:288
[ 3888161ms] [TABLE] [Object, Object, Object, Object, Object] @ http://localhost:5175/src/features/exam/petRw/ReadingPetRwTest.tsx?t=1785418942449:288
[ 3888161ms] [TABLE] [Object, Object, Object, Object, Object] @ http://localhost:5175/src/features/exam/petRw/ReadingPetRwTest.tsx?t=1785418942449:288
[ 3890165ms] [TABLE] [Object, Object, Object, Object, Object] @ http://localhost:5175/src/features/exam/petRw/ReadingPetRwTest.tsx?t=1785418942449:288
[ 3890166ms] [TABLE] [Object, Object, Object, Object, Object] @ http://localhost:5175/src/features/exam/petRw/ReadingPetRwTest.tsx?t=1785418942449:288
[ 3892163ms] [TABLE] [Object, Object, Object, Object, Object] @ http://localhost:5175/src/features/exam/petRw/ReadingPetRwTest.tsx?t=1785418942449:288
[ 3892163ms] [TABLE] [Object, Object, Object, Object, Object] @ http://localhost:5175/src/features/exam/petRw/ReadingPetRwTest.tsx?t=1785418942449:288
[ 3894157ms] [TABLE] [Object, Object, Object, Object, Object] @ http://localhost:5175/src/features/exam/petRw/ReadingPetRwTest.tsx?t=1785418942449:288
[ 3894157ms] [TABLE] [Object, Object, Object, Object, Object] @ http://localhost:5175/src/features/exam/petRw/ReadingPetRwTest.tsx?t=1785418942449:288
[ 3896157ms] [TABLE] [Object, Object, Object, Object, Object] @ http://localhost:5175/src/features/exam/petRw/ReadingPetRwTest.tsx?t=1785418942449:288
[ 3896158ms] [TABLE] [Object, Object, Object, Object, Object] @ http://localhost:5175/src/features/exam/petRw/ReadingPetRwTest.tsx?t=1785418942449:288
[ 3898167ms] [TABLE] [Object, Object, Object, Object, Object] @ http://localhost:5175/src/features/exam/petRw/ReadingPetRwTest.tsx?t=1785418942449:288
[ 3898168ms] [TABLE] [Object, Object, Object, Object, Object] @ http://localhost:5175/src/features/exam/petRw/ReadingPetRwTest.tsx?t=1785418942449:288
[ 3900159ms] [TABLE] [Object, Object, Object, Object, Object] @ http://localhost:5175/src/features/exam/petRw/ReadingPetRwTest.tsx?t=1785418942449:288
[ 3900160ms] [TABLE] [Object, Object, Object, Object, Object] @ http://localhost:5175/src/features/exam/petRw/ReadingPetRwTest.tsx?t=1785418942449:288
[ 3902161ms] [TABLE] [Object, Object, Object, Object, Object] @ http://localhost:5175/src/features/exam/petRw/ReadingPetRwTest.tsx?t=1785418942449:288
[ 3902162ms] [TABLE] [Object, Object, Object, Object, Object] @ http://localhost:5175/src/features/exam/petRw/ReadingPetRwTest.tsx?t=1785418942449:288
[ 3904168ms] [TABLE] [Object, Object, Object, Object, Object] @ http://localhost:5175/src/features/exam/petRw/ReadingPetRwTest.tsx?t=1785418942449:288
[ 3904168ms] [TABLE] [Object, Object, Object, Object, Object] @ http://localhost:5175/src/features/exam/petRw/ReadingPetRwTest.tsx?t=1785418942449:288
[ 3906161ms] [TABLE] [Object, Object, Object, Object, Object] @ http://localhost:5175/src/features/exam/petRw/ReadingPetRwTest.tsx?t=1785418942449:288
[ 3906161ms] [TABLE] [Object, Object, Object, Object, Object] @ http://localhost:5175/src/features/exam/petRw/ReadingPetRwTest.tsx?t=1785418942449:288
[ 3908157ms] [TABLE] [Object, Object, Object, Object, Object] @ http://localhost:5175/src/features/exam/petRw/ReadingPetRwTest.tsx?t=1785418942449:288
[ 3908158ms] [TABLE] [Object, Object, Object, Object, Object] @ http://localhost:5175/src/features/exam/petRw/ReadingPetRwTest.tsx?t=1785418942449:288
[ 3910163ms] [TABLE] [Object, Object, Object, Object, Object] @ http://localhost:5175/src/features/exam/petRw/ReadingPetRwTest.tsx?t=1785418942449:288
[ 3910163ms] [TABLE] [Object, Object, Object, Object, Object] @ http://localhost:5175/src/features/exam/petRw/ReadingPetRwTest.tsx?t=1785418942449:288
[ 3912163ms] [TABLE] [Object, Object, Object, Object, Object] @ http://localhost:5175/src/features/exam/petRw/ReadingPetRwTest.tsx?t=1785418942449:288
[ 3912163ms] [TABLE] [Object, Object, Object, Object, Object] @ http://localhost:5175/src/features/exam/petRw/ReadingPetRwTest.tsx?t=1785418942449:288
[ 3914170ms] [TABLE] [Object, Object, Object, Object, Object] @ http://localhost:5175/src/features/exam/petRw/ReadingPetRwTest.tsx?t=1785418942449:288
[ 3914170ms] [TABLE] [Object, Object, Object, Object, Object] @ http://localhost:5175/src/features/exam/petRw/ReadingPetRwTest.tsx?t=1785418942449:288
[ 3916161ms] [TABLE] [Object, Object, Object, Object, Object] @ http://localhost:5175/src/features/exam/petRw/ReadingPetRwTest.tsx?t=1785418942449:288
[ 3916161ms] [TABLE] [Object, Object, Object, Object, Object] @ http://localhost:5175/src/features/exam/petRw/ReadingPetRwTest.tsx?t=1785418942449:288
[ 3918164ms] [TABLE] [Object, Object, Object, Object, Object] @ http://localhost:5175/src/features/exam/petRw/ReadingPetRwTest.tsx?t=1785418942449:288
[ 3918164ms] [TABLE] [Object, Object, Object, Object, Object] @ http://localhost:5175/src/features/exam/petRw/ReadingPetRwTest.tsx?t=1785418942449:288
[ 3920168ms] [TABLE] [Object, Object, Object, Object, Object] @ http://localhost:5175/src/features/exam/petRw/ReadingPetRwTest.tsx?t=1785418942449:288
[ 3920168ms] [TABLE] [Object, Object, Object, Object, Object] @ http://localhost:5175/src/features/exam/petRw/ReadingPetRwTest.tsx?t=1785418942449:288
[ 3922156ms] [TABLE] [Object, Object, Object, Object, Object] @ http://localhost:5175/src/features/exam/petRw/ReadingPetRwTest.tsx?t=1785418942449:288
[ 3922156ms] [TABLE] [Object, Object, Object, Object, Object] @ http://localhost:5175/src/features/exam/petRw/ReadingPetRwTest.tsx?t=1785418942449:288
[ 3924156ms] [TABLE] [Object, Object, Object, Object, Object] @ http://localhost:5175/src/features/exam/petRw/ReadingPetRwTest.tsx?t=1785418942449:288
[ 3924157ms] [TABLE] [Object, Object, Object, Object, Object] @ http://localhost:5175/src/features/exam/petRw/ReadingPetRwTest.tsx?t=1785418942449:288
[ 3926159ms] [TABLE] [Object, Object, Object, Object, Object] @ http://localhost:5175/src/features/exam/petRw/ReadingPetRwTest.tsx?t=1785418942449:288
[ 3926159ms] [TABLE] [Object, Object, Object, Object, Object] @ http://localhost:5175/src/features/exam/petRw/ReadingPetRwTest.tsx?t=1785418942449:288
[ 3928163ms] [TABLE] [Object, Object, Object, Object, Object] @ http://localhost:5175/src/features/exam/petRw/ReadingPetRwTest.tsx?t=1785418942449:288
[ 3928163ms] [TABLE] [Object, Object, Object, Object, Object] @ http://localhost:5175/src/features/exam/petRw/ReadingPetRwTest.tsx?t=1785418942449:288
[ 3930159ms] [TABLE] [Object, Object, Object, Object, Object] @ http://localhost:5175/src/features/exam/petRw/ReadingPetRwTest.tsx?t=1785418942449:288
[ 3930159ms] [TABLE] [Object, Object, Object, Object, Object] @ http://localhost:5175/src/features/exam/petRw/ReadingPetRwTest.tsx?t=1785418942449:288
[ 3932159ms] [TABLE] [Object, Object, Object, Object, Object] @ http://localhost:5175/src/features/exam/petRw/ReadingPetRwTest.tsx?t=1785418942449:288
[ 3932160ms] [TABLE] [Object, Object, Object, Object, Object] @ http://localhost:5175/src/features/exam/petRw/ReadingPetRwTest.tsx?t=1785418942449:288
[ 3934161ms] [TABLE] [Object, Object, Object, Object, Object] @ http://localhost:5175/src/features/exam/petRw/ReadingPetRwTest.tsx?t=1785418942449:288
[ 3934162ms] [TABLE] [Object, Object, Object, Object, Object] @ http://localhost:5175/src/features/exam/petRw/ReadingPetRwTest.tsx?t=1785418942449:288
[ 3936162ms] [TABLE] [Object, Object, Object, Object, Object] @ http://localhost:5175/src/features/exam/petRw/ReadingPetRwTest.tsx?t=1785418942449:288
[ 3936162ms] [TABLE] [Object, Object, Object, Object, Object] @ http://localhost:5175/src/features/exam/petRw/ReadingPetRwTest.tsx?t=1785418942449:288
[ 3938165ms] [TABLE] [Object, Object, Object, Object, Object] @ http://localhost:5175/src/features/exam/petRw/ReadingPetRwTest.tsx?t=1785418942449:288
[ 3938166ms] [TABLE] [Object, Object, Object, Object, Object] @ http://localhost:5175/src/features/exam/petRw/ReadingPetRwTest.tsx?t=1785418942449:288
[ 3940155ms] [TABLE] [Object, Object, Object, Object, Object] @ http://localhost:5175/src/features/exam/petRw/ReadingPetRwTest.tsx?t=1785418942449:288
[ 3940156ms] [TABLE] [Object, Object, Object, Object, Object] @ http://localhost:5175/src/features/exam/petRw/ReadingPetRwTest.tsx?t=1785418942449:288
[ 3942169ms] [TABLE] [Object, Object, Object, Object, Object] @ http://localhost:5175/src/features/exam/petRw/ReadingPetRwTest.tsx?t=1785418942449:288
[ 3942170ms] [TABLE] [Object, Object, Object, Object, Object] @ http://localhost:5175/src/features/exam/petRw/ReadingPetRwTest.tsx?t=1785418942449:288
[ 3944155ms] [TABLE] [Object, Object, Object, Object, Object] @ http://localhost:5175/src/features/exam/petRw/ReadingPetRwTest.tsx?t=1785418942449:288
[ 3944156ms] [TABLE] [Object, Object, Object, Object, Object] @ http://localhost:5175/src/features/exam/petRw/ReadingPetRwTest.tsx?t=1785418942449:288
[ 3946172ms] [TABLE] [Object, Object, Object, Object, Object] @ http://localhost:5175/src/features/exam/petRw/ReadingPetRwTest.tsx?t=1785418942449:288
[ 3946172ms] [TABLE] [Object, Object, Object, Object, Object] @ http://localhost:5175/src/features/exam/petRw/ReadingPetRwTest.tsx?t=1785418942449:288
[ 3948158ms] [TABLE] [Object, Object, Object, Object, Object] @ http://localhost:5175/src/features/exam/petRw/ReadingPetRwTest.tsx?t=1785418942449:288
[ 3948158ms] [TABLE] [Object, Object, Object, Object, Object] @ http://localhost:5175/src/features/exam/petRw/ReadingPetRwTest.tsx?t=1785418942449:288
[ 3950158ms] [TABLE] [Object, Object, Object, Object, Object] @ http://localhost:5175/src/features/exam/petRw/ReadingPetRwTest.tsx?t=1785418942449:288
[ 3950159ms] [TABLE] [Object, Object, Object, Object, Object] @ http://localhost:5175/src/features/exam/petRw/ReadingPetRwTest.tsx?t=1785418942449:288
[ 3952158ms] [TABLE] [Object, Object, Object, Object, Object] @ http://localhost:5175/src/features/exam/petRw/ReadingPetRwTest.tsx?t=1785418942449:288
[ 3952159ms] [TABLE] [Object, Object, Object, Object, Object] @ http://localhost:5175/src/features/exam/petRw/ReadingPetRwTest.tsx?t=1785418942449:288
[ 3954157ms] [TABLE] [Object, Object, Object, Object, Object] @ http://localhost:5175/src/features/exam/petRw/ReadingPetRwTest.tsx?t=1785418942449:288
[ 3954158ms] [TABLE] [Object, Object, Object, Object, Object] @ http://localhost:5175/src/features/exam/petRw/ReadingPetRwTest.tsx?t=1785418942449:288
[ 3956161ms] [TABLE] [Object, Object, Object, Object, Object] @ http://localhost:5175/src/features/exam/petRw/ReadingPetRwTest.tsx?t=1785418942449:288
[ 3956161ms] [TABLE] [Object, Object, Object, Object, Object] @ http://localhost:5175/src/features/exam/petRw/ReadingPetRwTest.tsx?t=1785418942449:288
[ 3958162ms] [TABLE] [Object, Object, Object, Object, Object] @ http://localhost:5175/src/features/exam/petRw/ReadingPetRwTest.tsx?t=1785418942449:288
[ 3958163ms] [TABLE] [Object, Object, Object, Object, Object] @ http://localhost:5175/src/features/exam/petRw/ReadingPetRwTest.tsx?t=1785418942449:288
[ 3960168ms] [TABLE] [Object, Object, Object, Object, Object] @ http://localhost:5175/src/features/exam/petRw/ReadingPetRwTest.tsx?t=1785418942449:288
[ 3960168ms] [TABLE] [Object, Object, Object, Object, Object] @ http://localhost:5175/src/features/exam/petRw/ReadingPetRwTest.tsx?t=1785418942449:288
[ 3962157ms] [TABLE] [Object, Object, Object, Object, Object] @ http://localhost:5175/src/features/exam/petRw/ReadingPetRwTest.tsx?t=1785418942449:288
[ 3962157ms] [TABLE] [Object, Object, Object, Object, Object] @ http://localhost:5175/src/features/exam/petRw/ReadingPetRwTest.tsx?t=1785418942449:288
[ 3964164ms] [TABLE] [Object, Object, Object, Object, Object] @ http://localhost:5175/src/features/exam/petRw/ReadingPetRwTest.tsx?t=1785418942449:288
[ 3964164ms] [TABLE] [Object, Object, Object, Object, Object] @ http://localhost:5175/src/features/exam/petRw/ReadingPetRwTest.tsx?t=1785418942449:288
[ 3966157ms] [TABLE] [Object, Object, Object, Object, Object] @ http://localhost:5175/src/features/exam/petRw/ReadingPetRwTest.tsx?t=1785418942449:288
[ 3966158ms] [TABLE] [Object, Object, Object, Object, Object] @ http://localhost:5175/src/features/exam/petRw/ReadingPetRwTest.tsx?t=1785418942449:288
[ 3968159ms] [TABLE] [Object, Object, Object, Object, Object] @ http://localhost:5175/src/features/exam/petRw/ReadingPetRwTest.tsx?t=1785418942449:288
[ 3968159ms] [TABLE] [Object, Object, Object, Object, Object] @ http://localhost:5175/src/features/exam/petRw/ReadingPetRwTest.tsx?t=1785418942449:288
[ 3970157ms] [TABLE] [Object, Object, Object, Object, Object] @ http://localhost:5175/src/features/exam/petRw/ReadingPetRwTest.tsx?t=1785418942449:288
[ 3970157ms] [TABLE] [Object, Object, Object, Object, Object] @ http://localhost:5175/src/features/exam/petRw/ReadingPetRwTest.tsx?t=1785418942449:288
[ 3972162ms] [TABLE] [Object, Object, Object, Object, Object] @ http://localhost:5175/src/features/exam/petRw/ReadingPetRwTest.tsx?t=1785418942449:288
[ 3972162ms] [TABLE] [Object, Object, Object, Object, Object] @ http://localhost:5175/src/features/exam/petRw/ReadingPetRwTest.tsx?t=1785418942449:288
[ 3974168ms] [TABLE] [Object, Object, Object, Object, Object] @ http://localhost:5175/src/features/exam/petRw/ReadingPetRwTest.tsx?t=1785418942449:288
[ 3974169ms] [TABLE] [Object, Object, Object, Object, Object] @ http://localhost:5175/src/features/exam/petRw/ReadingPetRwTest.tsx?t=1785418942449:288
[ 3976161ms] [TABLE] [Object, Object, Object, Object, Object] @ http://localhost:5175/src/features/exam/petRw/ReadingPetRwTest.tsx?t=1785418942449:288
[ 3976161ms] [TABLE] [Object, Object, Object, Object, Object] @ http://localhost:5175/src/features/exam/petRw/ReadingPetRwTest.tsx?t=1785418942449:288
[ 3978160ms] [TABLE] [Object, Object, Object, Object, Object] @ http://localhost:5175/src/features/exam/petRw/ReadingPetRwTest.tsx?t=1785418942449:288
[ 3978160ms] [TABLE] [Object, Object, Object, Object, Object] @ http://localhost:5175/src/features/exam/petRw/ReadingPetRwTest.tsx?t=1785418942449:288
[ 3980161ms] [TABLE] [Object, Object, Object, Object, Object] @ http://localhost:5175/src/features/exam/petRw/ReadingPetRwTest.tsx?t=1785418942449:288
[ 3980161ms] [TABLE] [Object, Object, Object, Object, Object] @ http://localhost:5175/src/features/exam/petRw/ReadingPetRwTest.tsx?t=1785418942449:288
[ 3982170ms] [TABLE] [Object, Object, Object, Object, Object] @ http://localhost:5175/src/features/exam/petRw/ReadingPetRwTest.tsx?t=1785418942449:288
[ 3982171ms] [TABLE] [Object, Object, Object, Object, Object] @ http://localhost:5175/src/features/exam/petRw/ReadingPetRwTest.tsx?t=1785418942449:288
[ 3984163ms] [TABLE] [Object, Object, Object, Object, Object] @ http://localhost:5175/src/features/exam/petRw/ReadingPetRwTest.tsx?t=1785418942449:288
[ 3984163ms] [TABLE] [Object, Object, Object, Object, Object] @ http://localhost:5175/src/features/exam/petRw/ReadingPetRwTest.tsx?t=1785418942449:288
[ 3986156ms] [TABLE] [Object, Object, Object, Object, Object] @ http://localhost:5175/src/features/exam/petRw/ReadingPetRwTest.tsx?t=1785418942449:288
[ 3986157ms] [TABLE] [Object, Object, Object, Object, Object] @ http://localhost:5175/src/features/exam/petRw/ReadingPetRwTest.tsx?t=1785418942449:288
[ 3988156ms] [TABLE] [Object, Object, Object, Object, Object] @ http://localhost:5175/src/features/exam/petRw/ReadingPetRwTest.tsx?t=1785418942449:288
[ 3988157ms] [TABLE] [Object, Object, Object, Object, Object] @ http://localhost:5175/src/features/exam/petRw/ReadingPetRwTest.tsx?t=1785418942449:288
[ 3990156ms] [TABLE] [Object, Object, Object, Object, Object] @ http://localhost:5175/src/features/exam/petRw/ReadingPetRwTest.tsx?t=1785418942449:288
[ 3990157ms] [TABLE] [Object, Object, Object, Object, Object] @ http://localhost:5175/src/features/exam/petRw/ReadingPetRwTest.tsx?t=1785418942449:288
[ 3992158ms] [TABLE] [Object, Object, Object, Object, Object] @ http://localhost:5175/src/features/exam/petRw/ReadingPetRwTest.tsx?t=1785418942449:288
[ 3992159ms] [TABLE] [Object, Object, Object, Object, Object] @ http://localhost:5175/src/features/exam/petRw/ReadingPetRwTest.tsx?t=1785418942449:288
[ 3994161ms] [TABLE] [Object, Object, Object, Object, Object] @ http://localhost:5175/src/features/exam/petRw/ReadingPetRwTest.tsx?t=1785418942449:288
[ 3994161ms] [TABLE] [Object, Object, Object, Object, Object] @ http://localhost:5175/src/features/exam/petRw/ReadingPetRwTest.tsx?t=1785418942449:288
[ 3996165ms] [TABLE] [Object, Object, Object, Object, Object] @ http://localhost:5175/src/features/exam/petRw/ReadingPetRwTest.tsx?t=1785418942449:288
[ 3996166ms] [TABLE] [Object, Object, Object, Object, Object] @ http://localhost:5175/src/features/exam/petRw/ReadingPetRwTest.tsx?t=1785418942449:288
[ 3998166ms] [TABLE] [Object, Object, Object, Object, Object] @ http://localhost:5175/src/features/exam/petRw/ReadingPetRwTest.tsx?t=1785418942449:288
[ 3998166ms] [TABLE] [Object, Object, Object, Object, Object] @ http://localhost:5175/src/features/exam/petRw/ReadingPetRwTest.tsx?t=1785418942449:288
[ 4000169ms] [TABLE] [Object, Object, Object, Object, Object] @ http://localhost:5175/src/features/exam/petRw/ReadingPetRwTest.tsx?t=1785418942449:288
[ 4000169ms] [TABLE] [Object, Object, Object, Object, Object] @ http://localhost:5175/src/features/exam/petRw/ReadingPetRwTest.tsx?t=1785418942449:288
[ 4002156ms] [TABLE] [Object, Object, Object, Object, Object] @ http://localhost:5175/src/features/exam/petRw/ReadingPetRwTest.tsx?t=1785418942449:288
[ 4002156ms] [TABLE] [Object, Object, Object, Object, Object] @ http://localhost:5175/src/features/exam/petRw/ReadingPetRwTest.tsx?t=1785418942449:288
[ 4004159ms] [TABLE] [Object, Object, Object, Object, Object] @ http://localhost:5175/src/features/exam/petRw/ReadingPetRwTest.tsx?t=1785418942449:288
[ 4004159ms] [TABLE] [Object, Object, Object, Object, Object] @ http://localhost:5175/src/features/exam/petRw/ReadingPetRwTest.tsx?t=1785418942449:288
[ 4006155ms] [TABLE] [Object, Object, Object, Object, Object] @ http://localhost:5175/src/features/exam/petRw/ReadingPetRwTest.tsx?t=1785418942449:288
[ 4006155ms] [TABLE] [Object, Object, Object, Object, Object] @ http://localhost:5175/src/features/exam/petRw/ReadingPetRwTest.tsx?t=1785418942449:288
[ 4008159ms] [TABLE] [Object, Object, Object, Object, Object] @ http://localhost:5175/src/features/exam/petRw/ReadingPetRwTest.tsx?t=1785418942449:288
[ 4008160ms] [TABLE] [Object, Object, Object, Object, Object] @ http://localhost:5175/src/features/exam/petRw/ReadingPetRwTest.tsx?t=1785418942449:288
[ 4010159ms] [TABLE] [Object, Object, Object, Object, Object] @ http://localhost:5175/src/features/exam/petRw/ReadingPetRwTest.tsx?t=1785418942449:288
[ 4010159ms] [TABLE] [Object, Object, Object, Object, Object] @ http://localhost:5175/src/features/exam/petRw/ReadingPetRwTest.tsx?t=1785418942449:288
[ 4012160ms] [TABLE] [Object, Object, Object, Object, Object] @ http://localhost:5175/src/features/exam/petRw/ReadingPetRwTest.tsx?t=1785418942449:288
[ 4012161ms] [TABLE] [Object, Object, Object, Object, Object] @ http://localhost:5175/src/features/exam/petRw/ReadingPetRwTest.tsx?t=1785418942449:288
[ 4014156ms] [TABLE] [Object, Object, Object, Object, Object] @ http://localhost:5175/src/features/exam/petRw/ReadingPetRwTest.tsx?t=1785418942449:288
[ 4014156ms] [TABLE] [Object, Object, Object, Object, Object] @ http://localhost:5175/src/features/exam/petRw/ReadingPetRwTest.tsx?t=1785418942449:288
[ 4016160ms] [TABLE] [Object, Object, Object, Object, Object] @ http://localhost:5175/src/features/exam/petRw/ReadingPetRwTest.tsx?t=1785418942449:288
[ 4016161ms] [TABLE] [Object, Object, Object, Object, Object] @ http://localhost:5175/src/features/exam/petRw/ReadingPetRwTest.tsx?t=1785418942449:288
[ 4018165ms] [TABLE] [Object, Object, Object, Object, Object] @ http://localhost:5175/src/features/exam/petRw/ReadingPetRwTest.tsx?t=1785418942449:288
[ 4018166ms] [TABLE] [Object, Object, Object, Object, Object] @ http://localhost:5175/src/features/exam/petRw/ReadingPetRwTest.tsx?t=1785418942449:288
[ 4020160ms] [TABLE] [Object, Object, Object, Object, Object] @ http://localhost:5175/src/features/exam/petRw/ReadingPetRwTest.tsx?t=1785418942449:288
[ 4020160ms] [TABLE] [Object, Object, Object, Object, Object] @ http://localhost:5175/src/features/exam/petRw/ReadingPetRwTest.tsx?t=1785418942449:288
